#family	upstream	reference	target
ClassTagParam	com.badlogic.gdx.assets.AssetManager#getAll	def getAll[$0: ClassTag]	
ClassTagParam	com.badlogic.gdx.scenes.scene2d.actions.Actions#action	def action[$0 <: Action: ClassTag]	
ClassTagParam	com.badlogic.gdx.scenes.scene2d.actions.Actions#registerAction	def registerAction[$0 <: Action: ClassTag]	
ClassTagParam	com.badlogic.gdx.utils.PoolManager#addPool(Class,Pool)	def addPool[$0: ClassTag]	
ClassTagParam	com.badlogic.gdx.utils.PoolManager#addPool(Class,PoolSupplier)	def addPool[$0: ClassTag]	
ClassTagParam	com.badlogic.gdx.utils.PoolManager#obtain	def obtain[$0: ClassTag]	
ClassTagParam	com.badlogic.gdx.utils.PoolManager#obtainOrNull	def obtainOrNull[$0: ClassTag]	
FieldName	com.badlogic.gdx.graphics.GLTexture#magFilter:field	var _magFilter	_magFilter
FieldName	com.badlogic.gdx.graphics.GLTexture#minFilter:field	var _minFilter	_minFilter
FieldName	com.badlogic.gdx.graphics.GLTexture#uWrap:field	var _uWrap	_uWrap
FieldName	com.badlogic.gdx.graphics.GLTexture#vWrap:field	var _vWrap	_vWrap
FieldName	com.badlogic.gdx.graphics.g2d.Sprite#vertices:field	val _vertices	_vertices
FieldName	com.badlogic.gdx.graphics.g3d.decals.Decal#vertices:field	var _vertices	_vertices
FieldName	com.badlogic.gdx.graphics.g3d.model.Node#parent:field	var _parent	_parent
FieldName	com.badlogic.gdx.graphics.g3d.particles.ParticleController#boundingBox:field	var _boundingBox	_boundingBox
FieldName	com.badlogic.gdx.graphics.g3d.particles.batches.BillboardParticleBatch#blendingAttribute:field	var _blendingAttribute	_blendingAttribute
FieldName	com.badlogic.gdx.graphics.g3d.particles.batches.BillboardParticleBatch#depthTestAttribute:field	var _depthTestAttribute	_depthTestAttribute
FieldName	com.badlogic.gdx.graphics.g3d.particles.batches.BillboardParticleBatch#mode:field	var _mode	_mode
FieldName	com.badlogic.gdx.graphics.g3d.particles.batches.BillboardParticleBatch#texture:field	var _texture	_texture
FieldName	com.badlogic.gdx.graphics.g3d.particles.batches.BillboardParticleBatch#useGPU:field	var _useGPU	_useGPU
FieldName	com.badlogic.gdx.graphics.g3d.particles.batches.BufferedParticleBatch#camera:field	var _camera	_camera
FieldName	com.badlogic.gdx.graphics.g3d.particles.batches.BufferedParticleBatch#sorter:field	var _sorter	_sorter
FieldName	com.badlogic.gdx.graphics.g3d.particles.batches.PointSpriteParticleBatch#blendingAttribute:field	var _blendingAttribute	_blendingAttribute
FieldName	com.badlogic.gdx.graphics.g3d.particles.batches.PointSpriteParticleBatch#depthTestAttribute:field	var _depthTestAttribute	_depthTestAttribute
FieldName	com.badlogic.gdx.graphics.g3d.particles.values.ParticleValue#active:field	var _active	_active
FieldName	com.badlogic.gdx.graphics.g3d.utils.MeshBuilder#attributes:field	var _attributes	_attributes
FieldName	com.badlogic.gdx.graphics.g3d.utils.MeshBuilder#primitiveType:field	var _primitiveType	_primitiveType
FieldName	com.badlogic.gdx.graphics.glutils.GLFrameBuffer#textureAttachments:field	val _textureAttachments	_textureAttachments
FieldName	com.badlogic.gdx.maps.tiled.renderers.BatchTiledMapRenderer#batch:field	var _batch	_batch
FieldName	com.badlogic.gdx.maps.tiled.renderers.BatchTiledMapRenderer#map:field	var _map	_map
FieldName	com.badlogic.gdx.maps.tiled.renderers.BatchTiledMapRenderer#unitScale:field	var _unitScale	_unitScale
FieldName	com.badlogic.gdx.maps.tiled.renderers.BatchTiledMapRenderer#viewBounds:field	val _viewBounds	_viewBounds
FieldName	com.badlogic.gdx.scenes.scene2d.Actor#height:field	var _height	_height
FieldName	com.badlogic.gdx.scenes.scene2d.Actor#parent:field	var _parent	_parent
FieldName	com.badlogic.gdx.scenes.scene2d.Actor#rotation:field	var _rotation	_rotation
FieldName	com.badlogic.gdx.scenes.scene2d.Actor#scaleX:field	var _scaleX	_scaleX
FieldName	com.badlogic.gdx.scenes.scene2d.Actor#scaleY:field	var _scaleY	_scaleY
FieldName	com.badlogic.gdx.scenes.scene2d.Actor#stage:field	var _stage	_stage
FieldName	com.badlogic.gdx.scenes.scene2d.Actor#width:field	var _width	_width
FieldName	com.badlogic.gdx.scenes.scene2d.Actor#x:field	var _x	_x
FieldName	com.badlogic.gdx.scenes.scene2d.Actor#y:field	var _y	_y
FieldName	com.badlogic.gdx.scenes.scene2d.ui.Button#isDisabled:field	var _isDisabled	_isDisabled
FieldName	com.badlogic.gdx.scenes.scene2d.ui.Cell#expandX:field	var _expandX	_expandX
FieldName	com.badlogic.gdx.scenes.scene2d.ui.Cell#expandY:field	var _expandY	_expandY
FieldName	com.badlogic.gdx.scenes.scene2d.ui.Cell#fillX:field	var _fillX	_fillX
FieldName	com.badlogic.gdx.scenes.scene2d.ui.Cell#fillY:field	var _fillY	_fillY
FieldName	com.badlogic.gdx.scenes.scene2d.ui.Cell#row:field	var _row	_row
FieldName	com.badlogic.gdx.scenes.scene2d.ui.Cell#uniformX:field	var _uniformX	_uniformX
FieldName	com.badlogic.gdx.scenes.scene2d.ui.Cell#uniformY:field	var _uniformY	_uniformY
FieldName	com.badlogic.gdx.scenes.scene2d.ui.TextField#focusTraversal:field	var _focusTraversal	_focusTraversal
FieldName	com.badlogic.gdx.scenes.scene2d.ui.TextField#programmaticChangeEvents:field	var _programmaticChangeEvents	_programmaticChangeEvents
FieldName	com.badlogic.gdx.scenes.scene2d.ui.TextField#selectionStart:field	var _selectionStart	_selectionStart
FieldName	com.badlogic.gdx.scenes.scene2d.ui.TextField#style:field	var _style	_style
FieldName	com.badlogic.gdx.scenes.scene2d.ui.TextField#text:field	var _text	_text
FieldName	com.badlogic.gdx.scenes.scene2d.utils.Selection#isDisabled:field	var _isDisabled	_isDisabled
FieldName	com.badlogic.gdx.scenes.scene2d.utils.Selection#lastSelected:field	var _lastSelected	_lastSelected
KeepName	com.badlogic.gdx.Application#getPreferences	def getPreferences	
KeepName	com.badlogic.gdx.Files#getFileHandle	def getFileHandle	
KeepName	com.badlogic.gdx.Files#isExternalStorageAvailable	def isExternalStorageAvailable	
KeepName	com.badlogic.gdx.Files#isLocalStorageAvailable	def isLocalStorageAvailable	
KeepName	com.badlogic.gdx.Graphics#getDisplayMode(Monitor)	def getDisplayMode	
KeepName	com.badlogic.gdx.Graphics#getDisplayModes(Monitor)	def getDisplayModes	
KeepName	com.badlogic.gdx.Graphics#setContinuousRendering	def setContinuousRendering	
KeepName	com.badlogic.gdx.Graphics#setCursor	def setCursor	
KeepName	com.badlogic.gdx.Graphics#setForegroundFPS	def setForegroundFPS	
KeepName	com.badlogic.gdx.Graphics#setFullscreenMode	def setFullscreenMode	
KeepName	com.badlogic.gdx.Graphics#setResizable	def setResizable	
KeepName	com.badlogic.gdx.Graphics#setSystemCursor	def setSystemCursor	
KeepName	com.badlogic.gdx.Graphics#setTitle	def setTitle	
KeepName	com.badlogic.gdx.Graphics#setUndecorated	def setUndecorated	
KeepName	com.badlogic.gdx.Graphics#setVSync	def setVSync	
KeepName	com.badlogic.gdx.Graphics#setWindowedMode	def setWindowedMode	
KeepName	com.badlogic.gdx.Input#getRotationMatrix	def getRotationMatrix	
KeepName	com.badlogic.gdx.Input#getTextInput(TextInputListener,String,String,String)	def getTextInput	
KeepName	com.badlogic.gdx.Input#getTextInput(TextInputListener,String,String,String,OnscreenKeyboardType)	def getTextInput	
KeepName	com.badlogic.gdx.Input#isButtonJustPressed	def isButtonJustPressed	
KeepName	com.badlogic.gdx.Input#isButtonPressed	def isButtonPressed	
KeepName	com.badlogic.gdx.Input#isCatchKey	def isCatchKey	
KeepName	com.badlogic.gdx.Input#isKeyJustPressed	def isKeyJustPressed	
KeepName	com.badlogic.gdx.Input#isKeyPressed	def isKeyPressed	
KeepName	com.badlogic.gdx.Input#isPeripheralAvailable	def isPeripheralAvailable	
KeepName	com.badlogic.gdx.Input#isTouched(int)	def isTouched	
KeepName	com.badlogic.gdx.Input#setCatchKey	def setCatchKey	
KeepName	com.badlogic.gdx.Input#setCursorCatched	def setCursorCatched	
KeepName	com.badlogic.gdx.Input#setCursorPosition	def setCursorPosition	
KeepName	com.badlogic.gdx.Input#setInputProcessor	def setInputProcessor	
KeepName	com.badlogic.gdx.Input#setKeyboardHeightObserver	def setKeyboardHeightObserver	
KeepName	com.badlogic.gdx.Input#setOnscreenKeyboardVisible(boolean)	def setOnscreenKeyboardVisible	
KeepName	com.badlogic.gdx.Input#setOnscreenKeyboardVisible(boolean,OnscreenKeyboardType)	def setOnscreenKeyboardVisible	
KeepName	com.badlogic.gdx.Net$HttpResponse#getHeader	def getHeader	
KeepName	com.badlogic.gdx.Preferences#getBoolean(String)	def getBoolean	
KeepName	com.badlogic.gdx.Preferences#getBoolean(String,boolean)	def getBoolean	
KeepName	com.badlogic.gdx.Preferences#getFloat(String)	def getFloat	
KeepName	com.badlogic.gdx.Preferences#getFloat(String,float)	def getFloat	
KeepName	com.badlogic.gdx.Preferences#getInteger(String)	def getInteger	
KeepName	com.badlogic.gdx.Preferences#getInteger(String,int)	def getInteger	
KeepName	com.badlogic.gdx.Preferences#getLong(String)	def getLong	
KeepName	com.badlogic.gdx.Preferences#getLong(String,long)	def getLong	
KeepName	com.badlogic.gdx.Preferences#getString(String)	def getString	
KeepName	com.badlogic.gdx.Preferences#getString(String,String)	def getString	
KeepName	com.badlogic.gdx.Version#isHigher	def isHigher	
KeepName	com.badlogic.gdx.Version#isHigherEqual	def isHigherEqual	
KeepName	com.badlogic.gdx.Version#isLower	def isLower	
KeepName	com.badlogic.gdx.Version#isLowerEqual	def isLowerEqual	
KeepName	com.badlogic.gdx.assets.AssetManager#isFinished	def isFinished	
KeepName	com.badlogic.gdx.assets.AssetManager#isLoaded(AssetDescriptor)	def isLoaded	
KeepName	com.badlogic.gdx.assets.AssetManager#isLoaded(String)	def isLoaded	
KeepName	com.badlogic.gdx.assets.AssetManager#isLoaded(String,Class)	def isLoaded	
KeepName	com.badlogic.gdx.assets.AssetManager#setLoader(Class,AssetLoader)	def setLoader	
KeepName	com.badlogic.gdx.assets.AssetManager#setLoader(Class,String,AssetLoader)	def setLoader	
KeepName	com.badlogic.gdx.assets.AssetManager#setReferenceCount	def setReferenceCount	
KeepName	com.badlogic.gdx.assets.loaders.AssetLoader#getDependencies	def getDependencies	
KeepName	com.badlogic.gdx.assets.loaders.BitmapFontLoader#getDependencies	def getDependencies	
KeepName	com.badlogic.gdx.assets.loaders.CubemapLoader#getDependencies	def getDependencies	
KeepName	com.badlogic.gdx.assets.loaders.I18NBundleLoader#getDependencies	def getDependencies	
KeepName	com.badlogic.gdx.assets.loaders.ModelLoader#getDependencies	def getDependencies	
KeepName	com.badlogic.gdx.assets.loaders.MusicLoader#getDependencies	def getDependencies	
KeepName	com.badlogic.gdx.assets.loaders.ParticleEffectLoader#getDependencies	def getDependencies	
KeepName	com.badlogic.gdx.assets.loaders.PixmapLoader#getDependencies	def getDependencies	
KeepName	com.badlogic.gdx.assets.loaders.ShaderProgramLoader#getDependencies	def getDependencies	
KeepName	com.badlogic.gdx.assets.loaders.SkinLoader#getDependencies	def getDependencies	
KeepName	com.badlogic.gdx.assets.loaders.SoundLoader#getDependencies	def getDependencies	
KeepName	com.badlogic.gdx.assets.loaders.TextureAtlasLoader#getDependencies	def getDependencies	
KeepName	com.badlogic.gdx.assets.loaders.TextureLoader#getDependencies	def getDependencies	
KeepName	com.badlogic.gdx.audio.AudioDevice#isMono	def isMono	
KeepName	com.badlogic.gdx.audio.AudioDevice#setVolume	def setVolume	
KeepName	com.badlogic.gdx.audio.Music#setPan	def setPan	
KeepName	com.badlogic.gdx.audio.Sound#setLooping	def setLooping	
KeepName	com.badlogic.gdx.audio.Sound#setPan	def setPan	
KeepName	com.badlogic.gdx.audio.Sound#setPitch	def setPitch	
KeepName	com.badlogic.gdx.audio.Sound#setVolume	def setVolume	
KeepName	com.badlogic.gdx.files.FileHandle#isDirectory	def isDirectory	
KeepName	com.badlogic.gdx.files.FileHandleStream#isDirectory	def isDirectory	
KeepName	com.badlogic.gdx.graphics.Camera#getPickRay(float,float)	def getPickRay	
KeepName	com.badlogic.gdx.graphics.Camera#getPickRay(float,float,float,float,float,float)	def getPickRay	
KeepName	com.badlogic.gdx.graphics.Cubemap#setAssetManager	def setAssetManager	
KeepName	com.badlogic.gdx.graphics.Cubemap$CubemapSide#getDirection	def getDirection	
KeepName	com.badlogic.gdx.graphics.Cubemap$CubemapSide#getUp	def getUp	
KeepName	com.badlogic.gdx.graphics.CubemapData#isManaged	def isManaged	
KeepName	com.badlogic.gdx.graphics.CubemapData#isPrepared	def isPrepared	
KeepName	com.badlogic.gdx.graphics.FPSLogger#setBound	def setBound	
KeepName	com.badlogic.gdx.graphics.GLTexture#setAnisotropicFilter	def setAnisotropicFilter	
KeepName	com.badlogic.gdx.graphics.GLTexture#setFilter	def setFilter	
KeepName	com.badlogic.gdx.graphics.GLTexture#setWrap	def setWrap	
KeepName	com.badlogic.gdx.graphics.Mesh#getIndices(int,int,short[],int)	def getIndices	
KeepName	com.badlogic.gdx.graphics.Mesh#getIndices(int,short[],int)	def getIndices	
KeepName	com.badlogic.gdx.graphics.Mesh#getIndices(short[])	def getIndices	
KeepName	com.badlogic.gdx.graphics.Mesh#getIndices(short[],int)	def getIndices	
KeepName	com.badlogic.gdx.graphics.Mesh#getIndicesBuffer(boolean)	def getIndicesBuffer	
KeepName	com.badlogic.gdx.graphics.Mesh#getVertexAttribute	def getVertexAttribute	
KeepName	com.badlogic.gdx.graphics.Mesh#getVertices(float[])	def getVertices	
KeepName	com.badlogic.gdx.graphics.Mesh#getVertices(int,float[])	def getVertices	
KeepName	com.badlogic.gdx.graphics.Mesh#getVertices(int,int,float[])	def getVertices	
KeepName	com.badlogic.gdx.graphics.Mesh#getVertices(int,int,float[],int)	def getVertices	
KeepName	com.badlogic.gdx.graphics.Mesh#getVerticesBuffer(boolean)	def getVerticesBuffer	
KeepName	com.badlogic.gdx.graphics.Mesh#isInstanced	def isInstanced	
KeepName	com.badlogic.gdx.graphics.Mesh#setIndices(short[],int,int)	def setIndices	
KeepName	com.badlogic.gdx.graphics.Mesh#setInstanceData(FloatBuffer)	def setInstanceData	
KeepName	com.badlogic.gdx.graphics.Mesh#setInstanceData(FloatBuffer,int)	def setInstanceData	
KeepName	com.badlogic.gdx.graphics.Mesh#setInstanceData(float[])	def setInstanceData	
KeepName	com.badlogic.gdx.graphics.Mesh#setInstanceData(float[],int,int)	def setInstanceData	
KeepName	com.badlogic.gdx.graphics.Mesh#setVertices(float[],int,int)	def setVertices	
KeepName	com.badlogic.gdx.graphics.OrthographicCamera#setToOrtho(boolean)	def setToOrtho	
KeepName	com.badlogic.gdx.graphics.OrthographicCamera#setToOrtho(boolean,float,float)	def setToOrtho	
KeepName	com.badlogic.gdx.graphics.Pixmap#getPixel	def getPixel	
KeepName	com.badlogic.gdx.graphics.Pixmap#isDisposed	def isDisposed	
KeepName	com.badlogic.gdx.graphics.Pixmap#setBlending	def setBlending	
KeepName	com.badlogic.gdx.graphics.Pixmap#setColor(Color)	def setColor	
KeepName	com.badlogic.gdx.graphics.Pixmap#setColor(int)	def setColor	
KeepName	com.badlogic.gdx.graphics.Pixmap#setFilter	def setFilter	
KeepName	com.badlogic.gdx.graphics.PixmapIO$PNG#setCompression	def setCompression	
KeepName	com.badlogic.gdx.graphics.PixmapIO$PNG#setFlipY	def setFlipY	
KeepName	com.badlogic.gdx.graphics.Texture$TextureFilter#isMipMap	def isMipMap	
KeepName	com.badlogic.gdx.graphics.Texture3D#setWrap	def setWrap	
KeepName	com.badlogic.gdx.graphics.Texture3DData#isManaged	def isManaged	
KeepName	com.badlogic.gdx.graphics.Texture3DData#isPrepared	def isPrepared	
KeepName	com.badlogic.gdx.graphics.TextureArrayData#isManaged	def isManaged	
KeepName	com.badlogic.gdx.graphics.TextureArrayData#isPrepared	def isPrepared	
KeepName	com.badlogic.gdx.graphics.TextureData#getFormat	def getFormat	
KeepName	com.badlogic.gdx.graphics.TextureData#isManaged	def isManaged	
KeepName	com.badlogic.gdx.graphics.TextureData#isPrepared	def isPrepared	
KeepName	com.badlogic.gdx.graphics.g2d.Animation#getKeyFrame(float)	def getKeyFrame	
KeepName	com.badlogic.gdx.graphics.g2d.Animation#getKeyFrame(float,boolean)	def getKeyFrame	
KeepName	com.badlogic.gdx.graphics.g2d.Animation#getKeyFrameIndex	def getKeyFrameIndex	
KeepName	com.badlogic.gdx.graphics.g2d.Animation#isAnimationFinished	def isAnimationFinished	
KeepName	com.badlogic.gdx.graphics.g2d.Animation#setKeyFrames	def setKeyFrames	
KeepName	com.badlogic.gdx.graphics.g2d.Batch#setBlendFunction	def setBlendFunction	
KeepName	com.badlogic.gdx.graphics.g2d.Batch#setBlendFunctionSeparate	def setBlendFunctionSeparate	
KeepName	com.badlogic.gdx.graphics.g2d.Batch#setColor(float,float,float,float)	def setColor	
KeepName	com.badlogic.gdx.graphics.g2d.BitmapFont#setFixedWidthGlyphs	def setFixedWidthGlyphs	
KeepName	com.badlogic.gdx.graphics.g2d.BitmapFont$BitmapFontData#getGlyph	def getGlyph	
KeepName	com.badlogic.gdx.graphics.g2d.BitmapFont$BitmapFontData#getGlyphs	def getGlyphs	
KeepName	com.badlogic.gdx.graphics.g2d.BitmapFont$BitmapFontData#getImagePath	def getImagePath	
KeepName	com.badlogic.gdx.graphics.g2d.BitmapFont$BitmapFontData#getWrapIndex	def getWrapIndex	
KeepName	com.badlogic.gdx.graphics.g2d.BitmapFont$BitmapFontData#isBreakChar	def isBreakChar	
KeepName	com.badlogic.gdx.graphics.g2d.BitmapFont$BitmapFontData#isWhitespace	def isWhitespace	
KeepName	com.badlogic.gdx.graphics.g2d.BitmapFont$BitmapFontData#setGlyph	def setGlyph	
KeepName	com.badlogic.gdx.graphics.g2d.BitmapFont$BitmapFontData#setGlyphRegion	def setGlyphRegion	
KeepName	com.badlogic.gdx.graphics.g2d.BitmapFont$BitmapFontData#setScale(float)	def setScale	
KeepName	com.badlogic.gdx.graphics.g2d.BitmapFont$BitmapFontData#setScale(float,float)	def setScale	
KeepName	com.badlogic.gdx.graphics.g2d.BitmapFont$Glyph#getKerning	def getKerning	
KeepName	com.badlogic.gdx.graphics.g2d.BitmapFont$Glyph#setKerning	def setKerning	
KeepName	com.badlogic.gdx.graphics.g2d.BitmapFontCache#setAlphas	def setAlphas	
KeepName	com.badlogic.gdx.graphics.g2d.BitmapFontCache#setColors(Color)	def setColors	
KeepName	com.badlogic.gdx.graphics.g2d.BitmapFontCache#setColors(Color,int,int)	def setColors	
KeepName	com.badlogic.gdx.graphics.g2d.BitmapFontCache#setColors(float)	def setColors	
KeepName	com.badlogic.gdx.graphics.g2d.BitmapFontCache#setColors(float,float,float,float)	def setColors	
KeepName	com.badlogic.gdx.graphics.g2d.BitmapFontCache#setColors(float,int,int)	def setColors	
KeepName	com.badlogic.gdx.graphics.g2d.BitmapFontCache#setPosition	def setPosition	
KeepName	com.badlogic.gdx.graphics.g2d.BitmapFontCache#setText(CharSequence,float,float)	def setText	
KeepName	com.badlogic.gdx.graphics.g2d.BitmapFontCache#setText(CharSequence,float,float,float,int,boolean)	def setText	
KeepName	com.badlogic.gdx.graphics.g2d.BitmapFontCache#setText(CharSequence,float,float,int,int,float,int,boolean)	def setText	
KeepName	com.badlogic.gdx.graphics.g2d.BitmapFontCache#setText(CharSequence,float,float,int,int,float,int,boolean,String)	def setText	
KeepName	com.badlogic.gdx.graphics.g2d.BitmapFontCache#setText(GlyphLayout,float,float)	def setText	
KeepName	com.badlogic.gdx.graphics.g2d.Gdx2DPixmap#getPixel(int,int)	def getPixel	
KeepName	com.badlogic.gdx.graphics.g2d.Gdx2DPixmap#setBlend(int)	def setBlend	
KeepName	com.badlogic.gdx.graphics.g2d.Gdx2DPixmap#setPixel(int,int,int)	def setPixel	
KeepName	com.badlogic.gdx.graphics.g2d.Gdx2DPixmap#setScale(int)	def setScale	
KeepName	com.badlogic.gdx.graphics.g2d.GlyphLayout#setText(BitmapFont,CharSequence)	def setText	
KeepName	com.badlogic.gdx.graphics.g2d.GlyphLayout#setText(BitmapFont,CharSequence,Color,float,int,boolean)	def setText	
KeepName	com.badlogic.gdx.graphics.g2d.GlyphLayout#setText(BitmapFont,CharSequence,int,int,Color,float,int,boolean,String)	def setText	
KeepName	com.badlogic.gdx.graphics.g2d.NinePatch#setPadding	def setPadding	
KeepName	com.badlogic.gdx.graphics.g2d.ParticleEffect#isComplete	def isComplete	
KeepName	com.badlogic.gdx.graphics.g2d.ParticleEffect#setDuration	def setDuration	
KeepName	com.badlogic.gdx.graphics.g2d.ParticleEffect#setEmittersCleanUpBlendFunction	def setEmittersCleanUpBlendFunction	
KeepName	com.badlogic.gdx.graphics.g2d.ParticleEffect#setFlip	def setFlip	
KeepName	com.badlogic.gdx.graphics.g2d.ParticleEffect#setPosition	def setPosition	
KeepName	com.badlogic.gdx.graphics.g2d.ParticleEmitter#isComplete	def isComplete	
KeepName	com.badlogic.gdx.graphics.g2d.ParticleEmitter#setFlip	def setFlip	
KeepName	com.badlogic.gdx.graphics.g2d.ParticleEmitter#setPosition	def setPosition	
KeepName	com.badlogic.gdx.graphics.g2d.ParticleEmitter#setSprites	def setSprites	
KeepName	com.badlogic.gdx.graphics.g2d.ParticleEmitter$GradientColorValue#getColor	def getColor	
KeepName	com.badlogic.gdx.graphics.g2d.ParticleEmitter$ParticleValue#isActive	def isActive	
KeepName	com.badlogic.gdx.graphics.g2d.ParticleEmitter$RangedNumericValue#setLow(float)	def setLow	
KeepName	com.badlogic.gdx.graphics.g2d.ParticleEmitter$RangedNumericValue#setLow(float,float)	def setLow	
KeepName	com.badlogic.gdx.graphics.g2d.ParticleEmitter$ScaledNumericValue#setHigh(float)	def setHigh	
KeepName	com.badlogic.gdx.graphics.g2d.ParticleEmitter$ScaledNumericValue#setHigh(float,float)	def setHigh	
KeepName	com.badlogic.gdx.graphics.g2d.PixmapPacker#getPage	def getPage	
KeepName	com.badlogic.gdx.graphics.g2d.PixmapPacker#getPageIndex	def getPageIndex	
KeepName	com.badlogic.gdx.graphics.g2d.PixmapPacker#getRect	def getRect	
KeepName	com.badlogic.gdx.graphics.g2d.PolygonRegionLoader#getDependencies	def getDependencies	
KeepName	com.badlogic.gdx.graphics.g2d.PolygonSprite#setBounds	def setBounds	
KeepName	com.badlogic.gdx.graphics.g2d.PolygonSprite#setColor(float,float,float,float)	def setColor	
KeepName	com.badlogic.gdx.graphics.g2d.PolygonSprite#setOrigin	def setOrigin	
KeepName	com.badlogic.gdx.graphics.g2d.PolygonSprite#setPosition	def setPosition	
KeepName	com.badlogic.gdx.graphics.g2d.PolygonSprite#setScale(float)	def setScale	
KeepName	com.badlogic.gdx.graphics.g2d.PolygonSprite#setScale(float,float)	def setScale	
KeepName	com.badlogic.gdx.graphics.g2d.PolygonSprite#setSize	def setSize	
KeepName	com.badlogic.gdx.graphics.g2d.PolygonSpriteBatch#setBlendFunction	def setBlendFunction	
KeepName	com.badlogic.gdx.graphics.g2d.PolygonSpriteBatch#setBlendFunctionSeparate	def setBlendFunctionSeparate	
KeepName	com.badlogic.gdx.graphics.g2d.PolygonSpriteBatch#setColor(float,float,float,float)	def setColor	
KeepName	com.badlogic.gdx.graphics.g2d.RepeatablePolygonSprite#setColor	def setColor	
KeepName	com.badlogic.gdx.graphics.g2d.RepeatablePolygonSprite#setPolygon(TextureRegion,float[])	def setPolygon	
KeepName	com.badlogic.gdx.graphics.g2d.RepeatablePolygonSprite#setPolygon(TextureRegion,float[],float)	def setPolygon	
KeepName	com.badlogic.gdx.graphics.g2d.RepeatablePolygonSprite#setPosition	def setPosition	
KeepName	com.badlogic.gdx.graphics.g2d.Sprite#setAlpha	def setAlpha	
KeepName	com.badlogic.gdx.graphics.g2d.Sprite#setBounds	def setBounds	
KeepName	com.badlogic.gdx.graphics.g2d.Sprite#setCenter	def setCenter	
KeepName	com.badlogic.gdx.graphics.g2d.Sprite#setCenterX	def setCenterX	
KeepName	com.badlogic.gdx.graphics.g2d.Sprite#setCenterY	def setCenterY	
KeepName	com.badlogic.gdx.graphics.g2d.Sprite#setColor(float,float,float,float)	def setColor	
KeepName	com.badlogic.gdx.graphics.g2d.Sprite#setOrigin	def setOrigin	
KeepName	com.badlogic.gdx.graphics.g2d.Sprite#setOriginBasedPosition	def setOriginBasedPosition	
KeepName	com.badlogic.gdx.graphics.g2d.Sprite#setOriginCenter	def setOriginCenter	
KeepName	com.badlogic.gdx.graphics.g2d.Sprite#setPosition	def setPosition	
KeepName	com.badlogic.gdx.graphics.g2d.Sprite#setRegion	def setRegion	
KeepName	com.badlogic.gdx.graphics.g2d.Sprite#setScale(float)	def setScale	
KeepName	com.badlogic.gdx.graphics.g2d.Sprite#setScale(float,float)	def setScale	
KeepName	com.badlogic.gdx.graphics.g2d.Sprite#setSize	def setSize	
KeepName	com.badlogic.gdx.graphics.g2d.SpriteBatch#setBlendFunction	def setBlendFunction	
KeepName	com.badlogic.gdx.graphics.g2d.SpriteBatch#setBlendFunctionSeparate	def setBlendFunctionSeparate	
KeepName	com.badlogic.gdx.graphics.g2d.SpriteBatch#setColor(float,float,float,float)	def setColor	
KeepName	com.badlogic.gdx.graphics.g2d.SpriteCache#setColor(float,float,float,float)	def setColor	
KeepName	com.badlogic.gdx.graphics.g2d.TextureAtlas$AtlasSprite#setBounds	def setBounds	
KeepName	com.badlogic.gdx.graphics.g2d.TextureAtlas$AtlasSprite#setOrigin	def setOrigin	
KeepName	com.badlogic.gdx.graphics.g2d.TextureAtlas$AtlasSprite#setOriginCenter	def setOriginCenter	
KeepName	com.badlogic.gdx.graphics.g2d.TextureAtlas$AtlasSprite#setPosition	def setPosition	
KeepName	com.badlogic.gdx.graphics.g2d.TextureAtlas$AtlasSprite#setSize	def setSize	
KeepName	com.badlogic.gdx.graphics.g2d.TextureRegion#setRegion(Texture)	def setRegion	
KeepName	com.badlogic.gdx.graphics.g2d.TextureRegion#setRegion(TextureRegion)	def setRegion	
KeepName	com.badlogic.gdx.graphics.g2d.TextureRegion#setRegion(TextureRegion,int,int,int,int)	def setRegion	
KeepName	com.badlogic.gdx.graphics.g2d.TextureRegion#setRegion(float,float,float,float)	def setRegion	
KeepName	com.badlogic.gdx.graphics.g2d.TextureRegion#setRegion(int,int,int,int)	def setRegion	
KeepName	com.badlogic.gdx.graphics.g3d.Attribute#getAttributeAlias	def getAttributeAlias	
KeepName	com.badlogic.gdx.graphics.g3d.Attribute#getAttributeType	def getAttributeType	
KeepName	com.badlogic.gdx.graphics.g3d.Attributes#getMask	def getMask	
KeepName	com.badlogic.gdx.graphics.g3d.Model#getAnimation(String)	def getAnimation	
KeepName	com.badlogic.gdx.graphics.g3d.Model#getAnimation(String,boolean)	def getAnimation	
KeepName	com.badlogic.gdx.graphics.g3d.Model#getMaterial(String)	def getMaterial	
KeepName	com.badlogic.gdx.graphics.g3d.Model#getMaterial(String,boolean)	def getMaterial	
KeepName	com.badlogic.gdx.graphics.g3d.Model#getNode(String)	def getNode	
KeepName	com.badlogic.gdx.graphics.g3d.Model#getNode(String,boolean)	def getNode	
KeepName	com.badlogic.gdx.graphics.g3d.Model#getNode(String,boolean,boolean)	def getNode	
KeepName	com.badlogic.gdx.graphics.g3d.ModelCache#getRenderables	def getRenderables	
KeepName	com.badlogic.gdx.graphics.g3d.ModelInstance#getAnimation(String)	def getAnimation	
KeepName	com.badlogic.gdx.graphics.g3d.ModelInstance#getAnimation(String,boolean)	def getAnimation	
KeepName	com.badlogic.gdx.graphics.g3d.ModelInstance#getMaterial(String)	def getMaterial	
KeepName	com.badlogic.gdx.graphics.g3d.ModelInstance#getMaterial(String,boolean)	def getMaterial	
KeepName	com.badlogic.gdx.graphics.g3d.ModelInstance#getNode(String)	def getNode	
KeepName	com.badlogic.gdx.graphics.g3d.ModelInstance#getNode(String,boolean)	def getNode	
KeepName	com.badlogic.gdx.graphics.g3d.ModelInstance#getNode(String,boolean,boolean)	def getNode	
KeepName	com.badlogic.gdx.graphics.g3d.ModelInstance#getRenderable(Renderable)	def getRenderable	
KeepName	com.badlogic.gdx.graphics.g3d.ModelInstance#getRenderable(Renderable,Node)	def getRenderable	
KeepName	com.badlogic.gdx.graphics.g3d.ModelInstance#getRenderable(Renderable,Node,NodePart)	def getRenderable	
KeepName	com.badlogic.gdx.graphics.g3d.ModelInstance#getRenderables(Array,Pool)	def getRenderables	
KeepName	com.badlogic.gdx.graphics.g3d.ModelInstance#getRenderables(Node,Array,Pool)	def getRenderables	
KeepName	com.badlogic.gdx.graphics.g3d.RenderableProvider#getRenderables	def getRenderables	
KeepName	com.badlogic.gdx.graphics.g3d.decals.CameraGroupStrategy#getGroupShader	def getGroupShader	
KeepName	com.badlogic.gdx.graphics.g3d.decals.Decal#setBlending	def setBlending	
KeepName	com.badlogic.gdx.graphics.g3d.decals.Decal#setColor(float,float,float,float)	def setColor	
KeepName	com.badlogic.gdx.graphics.g3d.decals.Decal#setDimensions	def setDimensions	
KeepName	com.badlogic.gdx.graphics.g3d.decals.Decal#setPackedColor	def setPackedColor	
KeepName	com.badlogic.gdx.graphics.g3d.decals.Decal#setPosition(float,float,float)	def setPosition	
KeepName	com.badlogic.gdx.graphics.g3d.decals.Decal#setRotation(Vector3,Vector3)	def setRotation	
KeepName	com.badlogic.gdx.graphics.g3d.decals.Decal#setRotation(float,float,float)	def setRotation	
KeepName	com.badlogic.gdx.graphics.g3d.decals.Decal#setRotationX	def setRotationX	
KeepName	com.badlogic.gdx.graphics.g3d.decals.Decal#setRotationY	def setRotationY	
KeepName	com.badlogic.gdx.graphics.g3d.decals.Decal#setRotationZ	def setRotationZ	
KeepName	com.badlogic.gdx.graphics.g3d.decals.Decal#setScale(float,float)	def setScale	
KeepName	com.badlogic.gdx.graphics.g3d.decals.DecalBatch#getSize	def getSize	
KeepName	com.badlogic.gdx.graphics.g3d.decals.DecalBatch#setGroupStrategy	def setGroupStrategy	
KeepName	com.badlogic.gdx.graphics.g3d.decals.DecalMaterial#isOpaque	def isOpaque	
KeepName	com.badlogic.gdx.graphics.g3d.decals.GroupStrategy#getGroupShader	def getGroupShader	
KeepName	com.badlogic.gdx.graphics.g3d.decals.SimpleOrthoGroupStrategy#getGroupShader	def getGroupShader	
KeepName	com.badlogic.gdx.graphics.g3d.environment.AmbientCubemap#getColor	def getColor	
KeepName	com.badlogic.gdx.graphics.g3d.environment.DirectionalLight#setDirection(float,float,float)	def setDirection	
KeepName	com.badlogic.gdx.graphics.g3d.environment.PointLight#setPosition(float,float,float)	def setPosition	
KeepName	com.badlogic.gdx.graphics.g3d.environment.SpotLight#setDirection(float,float,float)	def setDirection	
KeepName	com.badlogic.gdx.graphics.g3d.environment.SpotLight#setPosition(float,float,float)	def setPosition	
KeepName	com.badlogic.gdx.graphics.g3d.environment.SpotLight#setTarget	def setTarget	
KeepName	com.badlogic.gdx.graphics.g3d.model.Node#getChild(String,boolean,boolean)	def getChild	
KeepName	com.badlogic.gdx.graphics.g3d.model.Node#getChild(int)	def getChild	
KeepName	com.badlogic.gdx.graphics.g3d.model.Node#getNode	def getNode	
KeepName	com.badlogic.gdx.graphics.g3d.model.NodePart#setRenderable	def setRenderable	
KeepName	com.badlogic.gdx.graphics.g3d.particles.ParallelArray#getChannel	def getChannel	
KeepName	com.badlogic.gdx.graphics.g3d.particles.ParallelArray$Channel#setCapacity	def setCapacity	
KeepName	com.badlogic.gdx.graphics.g3d.particles.ParallelArray$FloatChannel#setCapacity	def setCapacity	
KeepName	com.badlogic.gdx.graphics.g3d.particles.ParallelArray$IntChannel#setCapacity	def setCapacity	
KeepName	com.badlogic.gdx.graphics.g3d.particles.ParallelArray$ObjectChannel#setCapacity	def setCapacity	
KeepName	com.badlogic.gdx.graphics.g3d.particles.ParticleController#getTransform	def getTransform	
KeepName	com.badlogic.gdx.graphics.g3d.particles.ParticleController#isComplete	def isComplete	
KeepName	com.badlogic.gdx.graphics.g3d.particles.ParticleController#setTransform(float,float,float,float,float,float,float,float)	def setTransform	
KeepName	com.badlogic.gdx.graphics.g3d.particles.ParticleController#setTranslation	def setTranslation	
KeepName	com.badlogic.gdx.graphics.g3d.particles.ParticleEffect#isComplete	def isComplete	
KeepName	com.badlogic.gdx.graphics.g3d.particles.ParticleEffect#setBatch	def setBatch	
KeepName	com.badlogic.gdx.graphics.g3d.particles.ParticleEffect#setTransform	def setTransform	
KeepName	com.badlogic.gdx.graphics.g3d.particles.ParticleEffectLoader#getDependencies	def getDependencies	
KeepName	com.badlogic.gdx.graphics.g3d.particles.ParticleSystem#getRenderables	def getRenderables	
KeepName	com.badlogic.gdx.graphics.g3d.particles.ResourceData#getAssetData	def getAssetData	
KeepName	com.badlogic.gdx.graphics.g3d.particles.ResourceData#getSaveData(String)	def getSaveData	
KeepName	com.badlogic.gdx.graphics.g3d.particles.batches.BillboardParticleBatch#getRenderables	def getRenderables	
KeepName	com.badlogic.gdx.graphics.g3d.particles.batches.BillboardParticleBatch#getShader	def getShader	
KeepName	com.badlogic.gdx.graphics.g3d.particles.batches.BillboardParticleBatch#setVertexData	def setVertexData	
KeepName	com.badlogic.gdx.graphics.g3d.particles.batches.ModelInstanceParticleBatch#getRenderables	def getRenderables	
KeepName	com.badlogic.gdx.graphics.g3d.particles.batches.PointSpriteParticleBatch#getRenderables	def getRenderables	
KeepName	com.badlogic.gdx.graphics.g3d.particles.emitters.Emitter#isComplete	def isComplete	
KeepName	com.badlogic.gdx.graphics.g3d.particles.emitters.Emitter#setParticleCount	def setParticleCount	
KeepName	com.badlogic.gdx.graphics.g3d.particles.emitters.RegularEmitter#isComplete	def isComplete	
KeepName	com.badlogic.gdx.graphics.g3d.particles.renderers.BillboardRenderer#isCompatible	def isCompatible	
KeepName	com.badlogic.gdx.graphics.g3d.particles.renderers.ModelInstanceRenderer#isCompatible	def isCompatible	
KeepName	com.badlogic.gdx.graphics.g3d.particles.renderers.ParticleControllerControllerRenderer#isCompatible	def isCompatible	
KeepName	com.badlogic.gdx.graphics.g3d.particles.renderers.ParticleControllerRenderer#isCompatible	def isCompatible	
KeepName	com.badlogic.gdx.graphics.g3d.particles.renderers.PointSpriteRenderer#isCompatible	def isCompatible	
KeepName	com.badlogic.gdx.graphics.g3d.particles.values.GradientColorValue#getColor(float)	def getColor	
KeepName	com.badlogic.gdx.graphics.g3d.particles.values.GradientColorValue#getColor(float,float[],int)	def getColor	
KeepName	com.badlogic.gdx.graphics.g3d.particles.values.MeshSpawnShapeValue#setMesh(Mesh,Model)	def setMesh	
KeepName	com.badlogic.gdx.graphics.g3d.particles.values.PrimitiveSpawnShapeValue#getSpawnDepth	def getSpawnDepth	
KeepName	com.badlogic.gdx.graphics.g3d.particles.values.PrimitiveSpawnShapeValue#getSpawnHeight	def getSpawnHeight	
KeepName	com.badlogic.gdx.graphics.g3d.particles.values.PrimitiveSpawnShapeValue#getSpawnWidth	def getSpawnWidth	
KeepName	com.badlogic.gdx.graphics.g3d.particles.values.PrimitiveSpawnShapeValue#isEdges	def isEdges	
KeepName	com.badlogic.gdx.graphics.g3d.particles.values.PrimitiveSpawnShapeValue#setDimensions	def setDimensions	
KeepName	com.badlogic.gdx.graphics.g3d.particles.values.RangedNumericValue#setLow(float)	def setLow	
KeepName	com.badlogic.gdx.graphics.g3d.particles.values.RangedNumericValue#setLow(float,float)	def setLow	
KeepName	com.badlogic.gdx.graphics.g3d.particles.values.ScaledNumericValue#getScale	def getScale	
KeepName	com.badlogic.gdx.graphics.g3d.particles.values.ScaledNumericValue#setHigh(float)	def setHigh	
KeepName	com.badlogic.gdx.graphics.g3d.particles.values.ScaledNumericValue#setHigh(float,float)	def setHigh	
KeepName	com.badlogic.gdx.graphics.g3d.particles.values.UnweightedMeshSpawnShapeValue#setMesh	def setMesh	
KeepName	com.badlogic.gdx.graphics.g3d.shaders.BaseShader#getUniformAlias	def getUniformAlias	
KeepName	com.badlogic.gdx.graphics.g3d.shaders.BaseShader#getUniformID	def getUniformID	
KeepName	com.badlogic.gdx.graphics.g3d.shaders.BaseShader$GlobalSetter#isGlobal	def isGlobal	
KeepName	com.badlogic.gdx.graphics.g3d.shaders.BaseShader$LocalSetter#isGlobal	def isGlobal	
KeepName	com.badlogic.gdx.graphics.g3d.shaders.BaseShader$Setter#isGlobal	def isGlobal	
KeepName	com.badlogic.gdx.graphics.g3d.utils.AnimationController#setAnimation(Animation,float,float,int,float,AnimationListener)	def setAnimation	
KeepName	com.badlogic.gdx.graphics.g3d.utils.AnimationController#setAnimation(AnimationDesc)	def setAnimation	
KeepName	com.badlogic.gdx.graphics.g3d.utils.AnimationController#setAnimation(String)	def setAnimation	
KeepName	com.badlogic.gdx.graphics.g3d.utils.AnimationController#setAnimation(String,AnimationListener)	def setAnimation	
KeepName	com.badlogic.gdx.graphics.g3d.utils.AnimationController#setAnimation(String,float,float,int,float,AnimationListener)	def setAnimation	
KeepName	com.badlogic.gdx.graphics.g3d.utils.AnimationController#setAnimation(String,int)	def setAnimation	
KeepName	com.badlogic.gdx.graphics.g3d.utils.AnimationController#setAnimation(String,int,AnimationListener)	def setAnimation	
KeepName	com.badlogic.gdx.graphics.g3d.utils.AnimationController#setAnimation(String,int,float,AnimationListener)	def setAnimation	
KeepName	com.badlogic.gdx.graphics.g3d.utils.BaseAnimationController#getFirstKeyframeIndexAtTime	def getFirstKeyframeIndexAtTime	
KeepName	com.badlogic.gdx.graphics.g3d.utils.BaseShaderProvider#getShader	def getShader	
KeepName	com.badlogic.gdx.graphics.g3d.utils.CameraInputController#setInvertedControls	def setInvertedControls	
KeepName	com.badlogic.gdx.graphics.g3d.utils.DefaultTextureBinder#getBindCount	def getBindCount	
KeepName	com.badlogic.gdx.graphics.g3d.utils.DefaultTextureBinder#getReuseCount	def getReuseCount	
KeepName	com.badlogic.gdx.graphics.g3d.utils.MeshBuilder#getIndices(short[],int)	def getIndices	
KeepName	com.badlogic.gdx.graphics.g3d.utils.MeshBuilder#getVertexTransform	def getVertexTransform	
KeepName	com.badlogic.gdx.graphics.g3d.utils.MeshBuilder#getVertices(float[],int)	def getVertices	
KeepName	com.badlogic.gdx.graphics.g3d.utils.MeshBuilder#isVertexTransformationEnabled	def isVertexTransformationEnabled	
KeepName	com.badlogic.gdx.graphics.g3d.utils.MeshBuilder#setColor(float,float,float,float)	def setColor	
KeepName	com.badlogic.gdx.graphics.g3d.utils.MeshBuilder#setUVRange(TextureRegion)	def setUVRange	
KeepName	com.badlogic.gdx.graphics.g3d.utils.MeshBuilder#setUVRange(float,float,float,float)	def setUVRange	
KeepName	com.badlogic.gdx.graphics.g3d.utils.MeshBuilder#setVertexTransform	def setVertexTransform	
KeepName	com.badlogic.gdx.graphics.g3d.utils.MeshPartBuilder#getVertexTransform	def getVertexTransform	
KeepName	com.badlogic.gdx.graphics.g3d.utils.MeshPartBuilder#isVertexTransformationEnabled	def isVertexTransformationEnabled	
KeepName	com.badlogic.gdx.graphics.g3d.utils.MeshPartBuilder#setColor(Color)	def setColor	
KeepName	com.badlogic.gdx.graphics.g3d.utils.MeshPartBuilder#setColor(float,float,float,float)	def setColor	
KeepName	com.badlogic.gdx.graphics.g3d.utils.MeshPartBuilder#setUVRange(TextureRegion)	def setUVRange	
KeepName	com.badlogic.gdx.graphics.g3d.utils.MeshPartBuilder#setUVRange(float,float,float,float)	def setUVRange	
KeepName	com.badlogic.gdx.graphics.g3d.utils.MeshPartBuilder#setVertexTransform	def setVertexTransform	
KeepName	com.badlogic.gdx.graphics.g3d.utils.MeshPartBuilder#setVertexTransformationEnabled	def setVertexTransformationEnabled	
KeepName	com.badlogic.gdx.graphics.g3d.utils.MeshPartBuilder$VertexInfo#setCol(Color)	def setCol	
KeepName	com.badlogic.gdx.graphics.g3d.utils.MeshPartBuilder$VertexInfo#setCol(float,float,float,float)	def setCol	
KeepName	com.badlogic.gdx.graphics.g3d.utils.MeshPartBuilder$VertexInfo#setNor(Vector3)	def setNor	
KeepName	com.badlogic.gdx.graphics.g3d.utils.MeshPartBuilder$VertexInfo#setNor(float,float,float)	def setNor	
KeepName	com.badlogic.gdx.graphics.g3d.utils.MeshPartBuilder$VertexInfo#setPos(Vector3)	def setPos	
KeepName	com.badlogic.gdx.graphics.g3d.utils.MeshPartBuilder$VertexInfo#setPos(float,float,float)	def setPos	
KeepName	com.badlogic.gdx.graphics.g3d.utils.MeshPartBuilder$VertexInfo#setUV(Vector2)	def setUV	
KeepName	com.badlogic.gdx.graphics.g3d.utils.MeshPartBuilder$VertexInfo#setUV(float,float)	def setUV	
KeepName	com.badlogic.gdx.graphics.g3d.utils.RenderContext#setBlending(boolean,int,int)	def setBlending	
KeepName	com.badlogic.gdx.graphics.g3d.utils.RenderContext#setBlending(boolean,int,int,int,int)	def setBlending	
KeepName	com.badlogic.gdx.graphics.g3d.utils.RenderContext#setCullFace	def setCullFace	
KeepName	com.badlogic.gdx.graphics.g3d.utils.RenderContext#setDepthMask	def setDepthMask	
KeepName	com.badlogic.gdx.graphics.g3d.utils.RenderContext#setDepthTest(int)	def setDepthTest	
KeepName	com.badlogic.gdx.graphics.g3d.utils.RenderContext#setDepthTest(int,float,float)	def setDepthTest	
KeepName	com.badlogic.gdx.graphics.g3d.utils.ShaderProvider#getShader	def getShader	
KeepName	com.badlogic.gdx.graphics.g3d.utils.ShapeCache#getRenderables	def getRenderables	
KeepName	com.badlogic.gdx.graphics.g3d.utils.TextureBinder#getBindCount	def getBindCount	
KeepName	com.badlogic.gdx.graphics.g3d.utils.TextureBinder#getReuseCount	def getReuseCount	
KeepName	com.badlogic.gdx.graphics.glutils.CustomTexture3DData#isManaged	def isManaged	
KeepName	com.badlogic.gdx.graphics.glutils.CustomTexture3DData#isPrepared	def isPrepared	
KeepName	com.badlogic.gdx.graphics.glutils.ETC1#getCompressedDataSize	def getCompressedDataSize	
KeepName	com.badlogic.gdx.graphics.glutils.ETC1#getHeightPKM	def getHeightPKM	
KeepName	com.badlogic.gdx.graphics.glutils.ETC1#getWidthPKM	def getWidthPKM	
KeepName	com.badlogic.gdx.graphics.glutils.ETC1#isValidPKM	def isValidPKM	
KeepName	com.badlogic.gdx.graphics.glutils.ETC1TextureData#getFormat	def getFormat	
KeepName	com.badlogic.gdx.graphics.glutils.ETC1TextureData#isManaged	def isManaged	
KeepName	com.badlogic.gdx.graphics.glutils.ETC1TextureData#isPrepared	def isPrepared	
KeepName	com.badlogic.gdx.graphics.glutils.FacedCubemapData#getTextureData	def getTextureData	
KeepName	com.badlogic.gdx.graphics.glutils.FacedCubemapData#isComplete	def isComplete	
KeepName	com.badlogic.gdx.graphics.glutils.FacedCubemapData#isManaged	def isManaged	
KeepName	com.badlogic.gdx.graphics.glutils.FacedCubemapData#isPrepared	def isPrepared	
KeepName	com.badlogic.gdx.graphics.glutils.FileTextureArrayData#isManaged	def isManaged	
KeepName	com.badlogic.gdx.graphics.glutils.FileTextureArrayData#isPrepared	def isPrepared	
KeepName	com.badlogic.gdx.graphics.glutils.FileTextureData#getFormat	def getFormat	
KeepName	com.badlogic.gdx.graphics.glutils.FileTextureData#isManaged	def isManaged	
KeepName	com.badlogic.gdx.graphics.glutils.FileTextureData#isPrepared	def isPrepared	
KeepName	com.badlogic.gdx.graphics.glutils.FloatTextureData#getFormat	def getFormat	
KeepName	com.badlogic.gdx.graphics.glutils.FloatTextureData#isManaged	def isManaged	
KeepName	com.badlogic.gdx.graphics.glutils.FloatTextureData#isPrepared	def isPrepared	
KeepName	com.badlogic.gdx.graphics.glutils.GLFrameBuffer#getColorBufferHandle	def getColorBufferHandle	
KeepName	com.badlogic.gdx.graphics.glutils.GLFrameBuffer#getFramebufferHandle	def getFramebufferHandle	
KeepName	com.badlogic.gdx.graphics.glutils.GLFrameBuffer#getManagedStatus(StringBuilder)	def getManagedStatus	
KeepName	com.badlogic.gdx.graphics.glutils.GLFrameBuffer#setFrameBufferViewport	def setFrameBufferViewport	
KeepName	com.badlogic.gdx.graphics.glutils.GLFrameBuffer$FrameBufferTextureAttachmentSpec#isColorTexture	def isColorTexture	
KeepName	com.badlogic.gdx.graphics.glutils.GLOnlyTextureData#getFormat	def getFormat	
KeepName	com.badlogic.gdx.graphics.glutils.GLOnlyTextureData#isManaged	def isManaged	
KeepName	com.badlogic.gdx.graphics.glutils.GLOnlyTextureData#isPrepared	def isPrepared	
KeepName	com.badlogic.gdx.graphics.glutils.GLVersion#isVersionEqualToOrHigher	def isVersionEqualToOrHigher	
KeepName	com.badlogic.gdx.graphics.glutils.HdpiUtils#setMode	def setMode	
KeepName	com.badlogic.gdx.graphics.glutils.IndexArray#getBuffer(boolean)	def getBuffer	
KeepName	com.badlogic.gdx.graphics.glutils.IndexArray#setIndices(ShortBuffer)	def setIndices	
KeepName	com.badlogic.gdx.graphics.glutils.IndexArray#setIndices(short[],int,int)	def setIndices	
KeepName	com.badlogic.gdx.graphics.glutils.IndexBufferObject#getBuffer(boolean)	def getBuffer	
KeepName	com.badlogic.gdx.graphics.glutils.IndexBufferObject#setIndices(ShortBuffer)	def setIndices	
KeepName	com.badlogic.gdx.graphics.glutils.IndexBufferObject#setIndices(short[],int,int)	def setIndices	
KeepName	com.badlogic.gdx.graphics.glutils.IndexBufferObjectSubData#getBuffer(boolean)	def getBuffer	
KeepName	com.badlogic.gdx.graphics.glutils.IndexBufferObjectSubData#setIndices(ShortBuffer)	def setIndices	
KeepName	com.badlogic.gdx.graphics.glutils.IndexBufferObjectSubData#setIndices(short[],int,int)	def setIndices	
KeepName	com.badlogic.gdx.graphics.glutils.IndexData#getBuffer(boolean)	def getBuffer	
KeepName	com.badlogic.gdx.graphics.glutils.IndexData#setIndices(ShortBuffer)	def setIndices	
KeepName	com.badlogic.gdx.graphics.glutils.IndexData#setIndices(short[],int,int)	def setIndices	
KeepName	com.badlogic.gdx.graphics.glutils.InstanceBufferObject#getBuffer(boolean)	def getBuffer	
KeepName	com.badlogic.gdx.graphics.glutils.InstanceBufferObject#setBuffer	def setBuffer	
KeepName	com.badlogic.gdx.graphics.glutils.InstanceBufferObject#setInstanceData(FloatBuffer,int)	def setInstanceData	
KeepName	com.badlogic.gdx.graphics.glutils.InstanceBufferObject#setInstanceData(float[],int,int)	def setInstanceData	
KeepName	com.badlogic.gdx.graphics.glutils.InstanceBufferObjectSubData#getBuffer(boolean)	def getBuffer	
KeepName	com.badlogic.gdx.graphics.glutils.InstanceBufferObjectSubData#setInstanceData(FloatBuffer,int)	def setInstanceData	
KeepName	com.badlogic.gdx.graphics.glutils.InstanceBufferObjectSubData#setInstanceData(float[],int,int)	def setInstanceData	
KeepName	com.badlogic.gdx.graphics.glutils.InstanceData#getBuffer(boolean)	def getBuffer	
KeepName	com.badlogic.gdx.graphics.glutils.InstanceData#setInstanceData(FloatBuffer,int)	def setInstanceData	
KeepName	com.badlogic.gdx.graphics.glutils.InstanceData#setInstanceData(float[],int,int)	def setInstanceData	
KeepName	com.badlogic.gdx.graphics.glutils.KTXTextureData#getData	def getData	
KeepName	com.badlogic.gdx.graphics.glutils.KTXTextureData#getFormat	def getFormat	
KeepName	com.badlogic.gdx.graphics.glutils.KTXTextureData#isManaged	def isManaged	
KeepName	com.badlogic.gdx.graphics.glutils.KTXTextureData#isPrepared	def isPrepared	
KeepName	com.badlogic.gdx.graphics.glutils.MipMapGenerator#setUseHardwareMipMap	def setUseHardwareMipMap	
KeepName	com.badlogic.gdx.graphics.glutils.MipMapTextureData#getFormat	def getFormat	
KeepName	com.badlogic.gdx.graphics.glutils.MipMapTextureData#isManaged	def isManaged	
KeepName	com.badlogic.gdx.graphics.glutils.MipMapTextureData#isPrepared	def isPrepared	
KeepName	com.badlogic.gdx.graphics.glutils.PixmapTextureData#getFormat	def getFormat	
KeepName	com.badlogic.gdx.graphics.glutils.PixmapTextureData#isPrepared	def isPrepared	
KeepName	com.badlogic.gdx.graphics.glutils.ShaderProgram#getAttributeLocation	def getAttributeLocation	
KeepName	com.badlogic.gdx.graphics.glutils.ShaderProgram#getAttributeSize	def getAttributeSize	
KeepName	com.badlogic.gdx.graphics.glutils.ShaderProgram#getAttributeType	def getAttributeType	
KeepName	com.badlogic.gdx.graphics.glutils.ShaderProgram#getUniformLocation	def getUniformLocation	
KeepName	com.badlogic.gdx.graphics.glutils.ShaderProgram#getUniformSize	def getUniformSize	
KeepName	com.badlogic.gdx.graphics.glutils.ShaderProgram#getUniformType	def getUniformType	
KeepName	com.badlogic.gdx.graphics.glutils.ShaderProgram#setAttributef	def setAttributef	
KeepName	com.badlogic.gdx.graphics.glutils.ShaderProgram#setUniform1fv(String,float[],int,int)	def setUniform1fv	
KeepName	com.badlogic.gdx.graphics.glutils.ShaderProgram#setUniform1fv(int,float[],int,int)	def setUniform1fv	
KeepName	com.badlogic.gdx.graphics.glutils.ShaderProgram#setUniform1iv(String,int[],int,int)	def setUniform1iv	
KeepName	com.badlogic.gdx.graphics.glutils.ShaderProgram#setUniform1iv(int,int[],int,int)	def setUniform1iv	
KeepName	com.badlogic.gdx.graphics.glutils.ShaderProgram#setUniform2fv(String,float[],int,int)	def setUniform2fv	
KeepName	com.badlogic.gdx.graphics.glutils.ShaderProgram#setUniform2fv(int,float[],int,int)	def setUniform2fv	
KeepName	com.badlogic.gdx.graphics.glutils.ShaderProgram#setUniform2iv(String,int[],int,int)	def setUniform2iv	
KeepName	com.badlogic.gdx.graphics.glutils.ShaderProgram#setUniform2iv(int,int[],int,int)	def setUniform2iv	
KeepName	com.badlogic.gdx.graphics.glutils.ShaderProgram#setUniform3fv(String,float[],int,int)	def setUniform3fv	
KeepName	com.badlogic.gdx.graphics.glutils.ShaderProgram#setUniform3fv(int,float[],int,int)	def setUniform3fv	
KeepName	com.badlogic.gdx.graphics.glutils.ShaderProgram#setUniform3iv(String,int[],int,int)	def setUniform3iv	
KeepName	com.badlogic.gdx.graphics.glutils.ShaderProgram#setUniform3iv(int,int[],int,int)	def setUniform3iv	
KeepName	com.badlogic.gdx.graphics.glutils.ShaderProgram#setUniform4fv(String,float[],int,int)	def setUniform4fv	
KeepName	com.badlogic.gdx.graphics.glutils.ShaderProgram#setUniform4fv(int,float[],int,int)	def setUniform4fv	
KeepName	com.badlogic.gdx.graphics.glutils.ShaderProgram#setUniform4iv(String,int[],int,int)	def setUniform4iv	
KeepName	com.badlogic.gdx.graphics.glutils.ShaderProgram#setUniform4iv(int,int[],int,int)	def setUniform4iv	
KeepName	com.badlogic.gdx.graphics.glutils.ShaderProgram#setUniformMatrix(String,Matrix3)	def setUniformMatrix	
KeepName	com.badlogic.gdx.graphics.glutils.ShaderProgram#setUniformMatrix(String,Matrix3,boolean)	def setUniformMatrix	
KeepName	com.badlogic.gdx.graphics.glutils.ShaderProgram#setUniformMatrix(String,Matrix4)	def setUniformMatrix	
KeepName	com.badlogic.gdx.graphics.glutils.ShaderProgram#setUniformMatrix(String,Matrix4,boolean)	def setUniformMatrix	
KeepName	com.badlogic.gdx.graphics.glutils.ShaderProgram#setUniformMatrix(int,Matrix3)	def setUniformMatrix	
KeepName	com.badlogic.gdx.graphics.glutils.ShaderProgram#setUniformMatrix(int,Matrix3,boolean)	def setUniformMatrix	
KeepName	com.badlogic.gdx.graphics.glutils.ShaderProgram#setUniformMatrix(int,Matrix4)	def setUniformMatrix	
KeepName	com.badlogic.gdx.graphics.glutils.ShaderProgram#setUniformMatrix(int,Matrix4,boolean)	def setUniformMatrix	
KeepName	com.badlogic.gdx.graphics.glutils.ShaderProgram#setUniformMatrix3fv	def setUniformMatrix3fv	
KeepName	com.badlogic.gdx.graphics.glutils.ShaderProgram#setUniformMatrix4fv(String,FloatBuffer,int,boolean)	def setUniformMatrix4fv	
KeepName	com.badlogic.gdx.graphics.glutils.ShaderProgram#setUniformMatrix4fv(String,float[],int,int)	def setUniformMatrix4fv	
KeepName	com.badlogic.gdx.graphics.glutils.ShaderProgram#setUniformMatrix4fv(int,float[],int,int)	def setUniformMatrix4fv	
KeepName	com.badlogic.gdx.graphics.glutils.ShaderProgram#setUniformf(String,Color)	def setUniformf	
KeepName	com.badlogic.gdx.graphics.glutils.ShaderProgram#setUniformf(String,Vector2)	def setUniformf	
KeepName	com.badlogic.gdx.graphics.glutils.ShaderProgram#setUniformf(String,Vector3)	def setUniformf	
KeepName	com.badlogic.gdx.graphics.glutils.ShaderProgram#setUniformf(String,Vector4)	def setUniformf	
KeepName	com.badlogic.gdx.graphics.glutils.ShaderProgram#setUniformf(String,float)	def setUniformf	
KeepName	com.badlogic.gdx.graphics.glutils.ShaderProgram#setUniformf(String,float,float)	def setUniformf	
KeepName	com.badlogic.gdx.graphics.glutils.ShaderProgram#setUniformf(String,float,float,float)	def setUniformf	
KeepName	com.badlogic.gdx.graphics.glutils.ShaderProgram#setUniformf(String,float,float,float,float)	def setUniformf	
KeepName	com.badlogic.gdx.graphics.glutils.ShaderProgram#setUniformf(int,Color)	def setUniformf	
KeepName	com.badlogic.gdx.graphics.glutils.ShaderProgram#setUniformf(int,Vector2)	def setUniformf	
KeepName	com.badlogic.gdx.graphics.glutils.ShaderProgram#setUniformf(int,Vector3)	def setUniformf	
KeepName	com.badlogic.gdx.graphics.glutils.ShaderProgram#setUniformf(int,Vector4)	def setUniformf	
KeepName	com.badlogic.gdx.graphics.glutils.ShaderProgram#setUniformf(int,float)	def setUniformf	
KeepName	com.badlogic.gdx.graphics.glutils.ShaderProgram#setUniformf(int,float,float)	def setUniformf	
KeepName	com.badlogic.gdx.graphics.glutils.ShaderProgram#setUniformf(int,float,float,float)	def setUniformf	
KeepName	com.badlogic.gdx.graphics.glutils.ShaderProgram#setUniformf(int,float,float,float,float)	def setUniformf	
KeepName	com.badlogic.gdx.graphics.glutils.ShaderProgram#setUniformi(String,int)	def setUniformi	
KeepName	com.badlogic.gdx.graphics.glutils.ShaderProgram#setUniformi(String,int,int)	def setUniformi	
KeepName	com.badlogic.gdx.graphics.glutils.ShaderProgram#setUniformi(String,int,int,int)	def setUniformi	
KeepName	com.badlogic.gdx.graphics.glutils.ShaderProgram#setUniformi(String,int,int,int,int)	def setUniformi	
KeepName	com.badlogic.gdx.graphics.glutils.ShaderProgram#setUniformi(int,int)	def setUniformi	
KeepName	com.badlogic.gdx.graphics.glutils.ShaderProgram#setUniformi(int,int,int)	def setUniformi	
KeepName	com.badlogic.gdx.graphics.glutils.ShaderProgram#setUniformi(int,int,int,int)	def setUniformi	
KeepName	com.badlogic.gdx.graphics.glutils.ShaderProgram#setUniformi(int,int,int,int,int)	def setUniformi	
KeepName	com.badlogic.gdx.graphics.glutils.ShaderProgram#setVertexAttribute(String,int,int,boolean,int,Buffer)	def setVertexAttribute	
KeepName	com.badlogic.gdx.graphics.glutils.ShaderProgram#setVertexAttribute(String,int,int,boolean,int,int)	def setVertexAttribute	
KeepName	com.badlogic.gdx.graphics.glutils.ShaderProgram#setVertexAttribute(int,int,int,boolean,int,Buffer)	def setVertexAttribute	
KeepName	com.badlogic.gdx.graphics.glutils.ShaderProgram#setVertexAttribute(int,int,int,boolean,int,int)	def setVertexAttribute	
KeepName	com.badlogic.gdx.graphics.glutils.ShapeRenderer#isDrawing	def isDrawing	
KeepName	com.badlogic.gdx.graphics.glutils.ShapeRenderer#setAutoShapeType	def setAutoShapeType	
KeepName	com.badlogic.gdx.graphics.glutils.ShapeRenderer#setColor(Color)	def setColor	
KeepName	com.badlogic.gdx.graphics.glutils.ShapeRenderer#setColor(float,float,float,float)	def setColor	
KeepName	com.badlogic.gdx.graphics.glutils.ShapeRenderer#setProjectionMatrix	def setProjectionMatrix	
KeepName	com.badlogic.gdx.graphics.glutils.ShapeRenderer#setTransformMatrix	def setTransformMatrix	
KeepName	com.badlogic.gdx.graphics.glutils.VertexArray#getBuffer(boolean)	def getBuffer	
KeepName	com.badlogic.gdx.graphics.glutils.VertexArray#setVertices	def setVertices	
KeepName	com.badlogic.gdx.graphics.glutils.VertexBufferObject#getBuffer(boolean)	def getBuffer	
KeepName	com.badlogic.gdx.graphics.glutils.VertexBufferObject#setBuffer	def setBuffer	
KeepName	com.badlogic.gdx.graphics.glutils.VertexBufferObject#setVertices	def setVertices	
KeepName	com.badlogic.gdx.graphics.glutils.VertexBufferObjectSubData#getBuffer(boolean)	def getBuffer	
KeepName	com.badlogic.gdx.graphics.glutils.VertexBufferObjectSubData#setVertices	def setVertices	
KeepName	com.badlogic.gdx.graphics.glutils.VertexBufferObjectWithVAO#getBuffer(boolean)	def getBuffer	
KeepName	com.badlogic.gdx.graphics.glutils.VertexBufferObjectWithVAO#setVertices	def setVertices	
KeepName	com.badlogic.gdx.graphics.glutils.VertexData#getBuffer(boolean)	def getBuffer	
KeepName	com.badlogic.gdx.graphics.glutils.VertexData#setVertices	def setVertices	
KeepName	com.badlogic.gdx.input.GestureDetector#isLongPressed()	def isLongPressed	
KeepName	com.badlogic.gdx.input.GestureDetector#isLongPressed(float)	def isLongPressed	
KeepName	com.badlogic.gdx.input.GestureDetector#isPanning	def isPanning	
KeepName	com.badlogic.gdx.input.GestureDetector#setLongPressSeconds	def setLongPressSeconds	
KeepName	com.badlogic.gdx.input.GestureDetector#setMaxFlingDelay	def setMaxFlingDelay	
KeepName	com.badlogic.gdx.input.GestureDetector#setTapCountInterval	def setTapCountInterval	
KeepName	com.badlogic.gdx.input.GestureDetector#setTapRectangleSize	def setTapRectangleSize	
KeepName	com.badlogic.gdx.input.GestureDetector#setTapSquareSize	def setTapSquareSize	
KeepName	com.badlogic.gdx.input.NativeInputConfiguration#setType	def setType	
KeepName	com.badlogic.gdx.input.RemoteInput#getRotationMatrix	def getRotationMatrix	
KeepName	com.badlogic.gdx.input.RemoteInput#getTextInput(TextInputListener,String,String,String)	def getTextInput	
KeepName	com.badlogic.gdx.input.RemoteInput#getTextInput(TextInputListener,String,String,String,OnscreenKeyboardType)	def getTextInput	
KeepName	com.badlogic.gdx.input.RemoteInput#isButtonJustPressed	def isButtonJustPressed	
KeepName	com.badlogic.gdx.input.RemoteInput#isButtonPressed	def isButtonPressed	
KeepName	com.badlogic.gdx.input.RemoteInput#isCatchKey	def isCatchKey	
KeepName	com.badlogic.gdx.input.RemoteInput#isConnected	def isConnected	
KeepName	com.badlogic.gdx.input.RemoteInput#isKeyJustPressed	def isKeyJustPressed	
KeepName	com.badlogic.gdx.input.RemoteInput#isKeyPressed	def isKeyPressed	
KeepName	com.badlogic.gdx.input.RemoteInput#isPeripheralAvailable	def isPeripheralAvailable	
KeepName	com.badlogic.gdx.input.RemoteInput#isTouched(int)	def isTouched	
KeepName	com.badlogic.gdx.input.RemoteInput#setCatchKey	def setCatchKey	
KeepName	com.badlogic.gdx.input.RemoteInput#setCursorCatched	def setCursorCatched	
KeepName	com.badlogic.gdx.input.RemoteInput#setCursorPosition	def setCursorPosition	
KeepName	com.badlogic.gdx.input.RemoteInput#setInputProcessor	def setInputProcessor	
KeepName	com.badlogic.gdx.input.RemoteInput#setKeyboardHeightObserver	def setKeyboardHeightObserver	
KeepName	com.badlogic.gdx.input.RemoteInput#setOnscreenKeyboardVisible(boolean)	def setOnscreenKeyboardVisible	
KeepName	com.badlogic.gdx.input.RemoteInput#setOnscreenKeyboardVisible(boolean,OnscreenKeyboardType)	def setOnscreenKeyboardVisible	
KeepName	com.badlogic.gdx.input.RemoteSender#isConnected	def isConnected	
KeepName	com.badlogic.gdx.maps.ImageResolver#getImage	def getImage	
KeepName	com.badlogic.gdx.maps.ImageResolver$AssetManagerImageResolver#getImage	def getImage	
KeepName	com.badlogic.gdx.maps.ImageResolver$DirectImageResolver#getImage	def getImage	
KeepName	com.badlogic.gdx.maps.ImageResolver$TextureAtlasImageResolver#getImage	def getImage	
KeepName	com.badlogic.gdx.maps.MapLayers#getByType(Class)	def getByType	
KeepName	com.badlogic.gdx.maps.MapLayers#getIndex(MapLayer)	def getIndex	
KeepName	com.badlogic.gdx.maps.MapLayers#getIndex(String)	def getIndex	
KeepName	com.badlogic.gdx.maps.MapObjects#getByType(Class)	def getByType	
KeepName	com.badlogic.gdx.maps.MapObjects#getIndex(MapObject)	def getIndex	
KeepName	com.badlogic.gdx.maps.MapObjects#getIndex(String)	def getIndex	
KeepName	com.badlogic.gdx.maps.MapRenderer#setView(Matrix4,float,float,float,float)	def setView	
KeepName	com.badlogic.gdx.maps.MapRenderer#setView(OrthographicCamera)	def setView	
KeepName	com.badlogic.gdx.maps.tiled.AtlasTmjMapLoader#getAtlasFileHandle	def getAtlasFileHandle	
KeepName	com.badlogic.gdx.maps.tiled.AtlasTmjMapLoader#getDependencyAssetDescriptors	def getDependencyAssetDescriptors	
KeepName	com.badlogic.gdx.maps.tiled.AtlasTmjMapLoader#setTextureFilters	def setTextureFilters	
KeepName	com.badlogic.gdx.maps.tiled.AtlasTmxMapLoader#getAtlasFileHandle	def getAtlasFileHandle	
KeepName	com.badlogic.gdx.maps.tiled.AtlasTmxMapLoader#getDependencyAssetDescriptors	def getDependencyAssetDescriptors	
KeepName	com.badlogic.gdx.maps.tiled.AtlasTmxMapLoader#setTextureFilters	def setTextureFilters	
KeepName	com.badlogic.gdx.maps.tiled.BaseTiledMapLoader#getDependencyAssetDescriptors	def getDependencyAssetDescriptors	
KeepName	com.badlogic.gdx.maps.tiled.BaseTiledMapLoader#getIdToObject	def getIdToObject	
KeepName	com.badlogic.gdx.maps.tiled.BaseTiledMapLoader#getRelativeFileHandle	def getRelativeFileHandle	
KeepName	com.badlogic.gdx.maps.tiled.BaseTmjMapLoader#getDependencies	def getDependencies	
KeepName	com.badlogic.gdx.maps.tiled.BaseTmxMapLoader#getDependencies	def getDependencies	
KeepName	com.badlogic.gdx.maps.tiled.BaseTmxMapLoader#getPropertyByName	def getPropertyByName	
KeepName	com.badlogic.gdx.maps.tiled.BaseTmxMapLoader#getTileIds	def getTileIds	
KeepName	com.badlogic.gdx.maps.tiled.TideMapLoader#getDependencies	def getDependencies	
KeepName	com.badlogic.gdx.maps.tiled.TiledMap#setOwnedResources	def setOwnedResources	
KeepName	com.badlogic.gdx.maps.tiled.TiledMapLoader#getDependencies	def getDependencies	
KeepName	com.badlogic.gdx.maps.tiled.TiledMapTileLayer#getCell	def getCell	
KeepName	com.badlogic.gdx.maps.tiled.TiledMapTileLayer#setCell	def setCell	
KeepName	com.badlogic.gdx.maps.tiled.TiledMapTileSet#getTile	def getTile	
KeepName	com.badlogic.gdx.maps.tiled.TiledMapTileSets#getTile	def getTile	
KeepName	com.badlogic.gdx.maps.tiled.TiledMapTileSets#getTileSet(String)	def getTileSet	
KeepName	com.badlogic.gdx.maps.tiled.TiledMapTileSets#getTileSet(int)	def getTileSet	
KeepName	com.badlogic.gdx.maps.tiled.TmjMapLoader#getDependencyAssetDescriptors	def getDependencyAssetDescriptors	
KeepName	com.badlogic.gdx.maps.tiled.TmjMapLoader#getDependencyFileHandles	def getDependencyFileHandles	
KeepName	com.badlogic.gdx.maps.tiled.TmjMapLoader#getTileSetDependencyFileHandle(Array,FileHandle,JsonValue)	def getTileSetDependencyFileHandle	
KeepName	com.badlogic.gdx.maps.tiled.TmjMapLoader#getTileSetDependencyFileHandle(FileHandle,JsonValue)	def getTileSetDependencyFileHandle	
KeepName	com.badlogic.gdx.maps.tiled.TmxMapLoader#getDependencyAssetDescriptors	def getDependencyAssetDescriptors	
KeepName	com.badlogic.gdx.maps.tiled.TmxMapLoader#getDependencyFileHandles	def getDependencyFileHandles	
KeepName	com.badlogic.gdx.maps.tiled.TmxMapLoader#getTileSetDependencyFileHandle(Array,FileHandle,Element)	def getTileSetDependencyFileHandle	
KeepName	com.badlogic.gdx.maps.tiled.TmxMapLoader#getTileSetDependencyFileHandle(FileHandle,Element)	def getTileSetDependencyFileHandle	
KeepName	com.badlogic.gdx.maps.tiled.renderers.BatchTiledMapRenderer#getImageLayerColor	def getImageLayerColor	
KeepName	com.badlogic.gdx.maps.tiled.renderers.BatchTiledMapRenderer#getTileLayerColor	def getTileLayerColor	
KeepName	com.badlogic.gdx.maps.tiled.renderers.BatchTiledMapRenderer#setView(Matrix4,float,float,float,float)	def setView	
KeepName	com.badlogic.gdx.maps.tiled.renderers.BatchTiledMapRenderer#setView(OrthographicCamera)	def setView	
KeepName	com.badlogic.gdx.maps.tiled.renderers.OrthoCachedTiledMapRenderer#isCached	def isCached	
KeepName	com.badlogic.gdx.maps.tiled.renderers.OrthoCachedTiledMapRenderer#setMaxTileSize	def setMaxTileSize	
KeepName	com.badlogic.gdx.maps.tiled.renderers.OrthoCachedTiledMapRenderer#setView(Matrix4,float,float,float,float)	def setView	
KeepName	com.badlogic.gdx.maps.tiled.renderers.OrthoCachedTiledMapRenderer#setView(OrthographicCamera)	def setView	
KeepName	com.badlogic.gdx.math.Affine2#isIdt	def isIdt	
KeepName	com.badlogic.gdx.math.Affine2#isTranslation	def isTranslation	
KeepName	com.badlogic.gdx.math.Affine2#setToProduct	def setToProduct	
KeepName	com.badlogic.gdx.math.Affine2#setToRotation(float)	def setToRotation	
KeepName	com.badlogic.gdx.math.Affine2#setToRotation(float,float)	def setToRotation	
KeepName	com.badlogic.gdx.math.Affine2#setToRotationRad	def setToRotationRad	
KeepName	com.badlogic.gdx.math.Affine2#setToScaling(Vector2)	def setToScaling	
KeepName	com.badlogic.gdx.math.Affine2#setToScaling(float,float)	def setToScaling	
KeepName	com.badlogic.gdx.math.Affine2#setToShearing(Vector2)	def setToShearing	
KeepName	com.badlogic.gdx.math.Affine2#setToShearing(float,float)	def setToShearing	
KeepName	com.badlogic.gdx.math.Affine2#setToTranslation(Vector2)	def setToTranslation	
KeepName	com.badlogic.gdx.math.Affine2#setToTranslation(float,float)	def setToTranslation	
KeepName	com.badlogic.gdx.math.Affine2#setToTrnRotRadScl(Vector2,float,Vector2)	def setToTrnRotRadScl	
KeepName	com.badlogic.gdx.math.Affine2#setToTrnRotRadScl(float,float,float,float,float)	def setToTrnRotRadScl	
KeepName	com.badlogic.gdx.math.Affine2#setToTrnRotScl(Vector2,float,Vector2)	def setToTrnRotScl	
KeepName	com.badlogic.gdx.math.Affine2#setToTrnRotScl(float,float,float,float,float)	def setToTrnRotScl	
KeepName	com.badlogic.gdx.math.Affine2#setToTrnScl(Vector2,Vector2)	def setToTrnScl	
KeepName	com.badlogic.gdx.math.Affine2#setToTrnScl(float,float,float,float)	def setToTrnScl	
KeepName	com.badlogic.gdx.math.Circle#setPosition(Vector2)	def setPosition	
KeepName	com.badlogic.gdx.math.Circle#setPosition(float,float)	def setPosition	
KeepName	com.badlogic.gdx.math.CumulativeDistribution#getInterval	def getInterval	
KeepName	com.badlogic.gdx.math.CumulativeDistribution#setInterval(T,float)	def setInterval	
KeepName	com.badlogic.gdx.math.CumulativeDistribution#setInterval(int,float)	def setInterval	
KeepName	com.badlogic.gdx.math.Ellipse#setPosition(Vector2)	def setPosition	
KeepName	com.badlogic.gdx.math.Ellipse#setPosition(float,float)	def setPosition	
KeepName	com.badlogic.gdx.math.Ellipse#setSize	def setSize	
KeepName	com.badlogic.gdx.math.GeometryUtils#isCCW	def isCCW	
KeepName	com.badlogic.gdx.math.GeometryUtils#isClockwise	def isClockwise	
KeepName	com.badlogic.gdx.math.Intersector#isPointInPolygon(Array,Vector2)	def isPointInPolygon	
KeepName	com.badlogic.gdx.math.Intersector#isPointInPolygon(float[],int,int,float,float)	def isPointInPolygon	
KeepName	com.badlogic.gdx.math.Intersector#isPointInTriangle(Vector2,Vector2,Vector2,Vector2)	def isPointInTriangle	
KeepName	com.badlogic.gdx.math.Intersector#isPointInTriangle(Vector3,Vector3,Vector3,Vector3)	def isPointInTriangle	
KeepName	com.badlogic.gdx.math.Intersector#isPointInTriangle(float,float,float,float,float,float,float,float)	def isPointInTriangle	
KeepName	com.badlogic.gdx.math.Matrix3#setToRotation(Vector3,float)	def setToRotation	
KeepName	com.badlogic.gdx.math.Matrix3#setToRotation(Vector3,float,float)	def setToRotation	
KeepName	com.badlogic.gdx.math.Matrix3#setToRotation(float)	def setToRotation	
KeepName	com.badlogic.gdx.math.Matrix3#setToRotationRad	def setToRotationRad	
KeepName	com.badlogic.gdx.math.Matrix3#setToScaling(Vector2)	def setToScaling	
KeepName	com.badlogic.gdx.math.Matrix3#setToScaling(float,float)	def setToScaling	
KeepName	com.badlogic.gdx.math.Matrix3#setToTranslation(Vector2)	def setToTranslation	
KeepName	com.badlogic.gdx.math.Matrix3#setToTranslation(float,float)	def setToTranslation	
KeepName	com.badlogic.gdx.math.Matrix4#getScale	def getScale	
KeepName	com.badlogic.gdx.math.Matrix4#setAsAffine(Affine2)	def setAsAffine	
KeepName	com.badlogic.gdx.math.Matrix4#setAsAffine(Matrix4)	def setAsAffine	
KeepName	com.badlogic.gdx.math.Matrix4#setFromEulerAngles	def setFromEulerAngles	
KeepName	com.badlogic.gdx.math.Matrix4#setFromEulerAnglesRad	def setFromEulerAnglesRad	
KeepName	com.badlogic.gdx.math.Matrix4#setToLookAt(Vector3,Vector3)	def setToLookAt	
KeepName	com.badlogic.gdx.math.Matrix4#setToLookAt(Vector3,Vector3,Vector3)	def setToLookAt	
KeepName	com.badlogic.gdx.math.Matrix4#setToOrtho	def setToOrtho	
KeepName	com.badlogic.gdx.math.Matrix4#setToOrtho2D(float,float,float,float)	def setToOrtho2D	
KeepName	com.badlogic.gdx.math.Matrix4#setToOrtho2D(float,float,float,float,float,float)	def setToOrtho2D	
KeepName	com.badlogic.gdx.math.Matrix4#setToProjection(float,float,float,float)	def setToProjection	
KeepName	com.badlogic.gdx.math.Matrix4#setToProjection(float,float,float,float,float,float)	def setToProjection	
KeepName	com.badlogic.gdx.math.Matrix4#setToRotation(Vector3,Vector3)	def setToRotation	
KeepName	com.badlogic.gdx.math.Matrix4#setToRotation(Vector3,float)	def setToRotation	
KeepName	com.badlogic.gdx.math.Matrix4#setToRotation(float,float,float,float)	def setToRotation	
KeepName	com.badlogic.gdx.math.Matrix4#setToRotation(float,float,float,float,float,float)	def setToRotation	
KeepName	com.badlogic.gdx.math.Matrix4#setToRotationRad(Vector3,float)	def setToRotationRad	
KeepName	com.badlogic.gdx.math.Matrix4#setToRotationRad(float,float,float,float)	def setToRotationRad	
KeepName	com.badlogic.gdx.math.Matrix4#setToScaling(Vector3)	def setToScaling	
KeepName	com.badlogic.gdx.math.Matrix4#setToScaling(float,float,float)	def setToScaling	
KeepName	com.badlogic.gdx.math.Matrix4#setToTranslation(Vector3)	def setToTranslation	
KeepName	com.badlogic.gdx.math.Matrix4#setToTranslation(float,float,float)	def setToTranslation	
KeepName	com.badlogic.gdx.math.Matrix4#setToTranslationAndScaling(Vector3,Vector3)	def setToTranslationAndScaling	
KeepName	com.badlogic.gdx.math.Matrix4#setToTranslationAndScaling(float,float,float,float,float,float)	def setToTranslationAndScaling	
KeepName	com.badlogic.gdx.math.Matrix4#setToWorld	def setToWorld	
KeepName	com.badlogic.gdx.math.Matrix4#setTranslation(Vector3)	def setTranslation	
KeepName	com.badlogic.gdx.math.Matrix4#setTranslation(float,float,float)	def setTranslation	
KeepName	com.badlogic.gdx.math.Octree#getAll	def getAll	
KeepName	com.badlogic.gdx.math.Octree#getNodesBoxes	def getNodesBoxes	
KeepName	com.badlogic.gdx.math.Octree$OctreeNode#getAll	def getAll	
KeepName	com.badlogic.gdx.math.Octree$OctreeNode#getBoundingBox	def getBoundingBox	
KeepName	com.badlogic.gdx.math.Octree$OctreeNode#isLeaf	def isLeaf	
KeepName	com.badlogic.gdx.math.Plane#isFrontFacing	def isFrontFacing	
KeepName	com.badlogic.gdx.math.Polygon#setOrigin	def setOrigin	
KeepName	com.badlogic.gdx.math.Polygon#setPosition	def setPosition	
KeepName	com.badlogic.gdx.math.Polygon#setRotation	def setRotation	
KeepName	com.badlogic.gdx.math.Polygon#setScale	def setScale	
KeepName	com.badlogic.gdx.math.Polygon#setVertex	def setVertex	
KeepName	com.badlogic.gdx.math.Polygon#setVertices	def setVertices	
KeepName	com.badlogic.gdx.math.Polyline#setOrigin	def setOrigin	
KeepName	com.badlogic.gdx.math.Polyline#setPosition	def setPosition	
KeepName	com.badlogic.gdx.math.Polyline#setRotation	def setRotation	
KeepName	com.badlogic.gdx.math.Polyline#setScale	def setScale	
KeepName	com.badlogic.gdx.math.Polyline#setVertices	def setVertices	
KeepName	com.badlogic.gdx.math.Quaternion#isIdentity()	def isIdentity	
KeepName	com.badlogic.gdx.math.Quaternion#isIdentity(float)	def isIdentity	
KeepName	com.badlogic.gdx.math.Quaternion#setEulerAngles	def setEulerAngles	
KeepName	com.badlogic.gdx.math.Quaternion#setEulerAnglesRad	def setEulerAnglesRad	
KeepName	com.badlogic.gdx.math.Quaternion#setFromAxes(boolean,float,float,float,float,float,float,float,float,float)	def setFromAxes	
KeepName	com.badlogic.gdx.math.Quaternion#setFromAxes(float,float,float,float,float,float,float,float,float)	def setFromAxes	
KeepName	com.badlogic.gdx.math.Quaternion#setFromAxis(Vector3,float)	def setFromAxis	
KeepName	com.badlogic.gdx.math.Quaternion#setFromAxis(float,float,float,float)	def setFromAxis	
KeepName	com.badlogic.gdx.math.Quaternion#setFromAxisRad(Vector3,float)	def setFromAxisRad	
KeepName	com.badlogic.gdx.math.Quaternion#setFromAxisRad(float,float,float,float)	def setFromAxisRad	
KeepName	com.badlogic.gdx.math.Quaternion#setFromCross(Vector3,Vector3)	def setFromCross	
KeepName	com.badlogic.gdx.math.Quaternion#setFromCross(float,float,float,float,float,float)	def setFromCross	
KeepName	com.badlogic.gdx.math.Quaternion#setFromMatrix(Matrix3)	def setFromMatrix	
KeepName	com.badlogic.gdx.math.Quaternion#setFromMatrix(Matrix4)	def setFromMatrix	
KeepName	com.badlogic.gdx.math.Quaternion#setFromMatrix(boolean,Matrix3)	def setFromMatrix	
KeepName	com.badlogic.gdx.math.Quaternion#setFromMatrix(boolean,Matrix4)	def setFromMatrix	
KeepName	com.badlogic.gdx.math.RandomXS128#getState	def getState	
KeepName	com.badlogic.gdx.math.RandomXS128#setSeed	def setSeed	
KeepName	com.badlogic.gdx.math.RandomXS128#setState	def setState	
KeepName	com.badlogic.gdx.math.Rectangle#setCenter(Vector2)	def setCenter	
KeepName	com.badlogic.gdx.math.Rectangle#setCenter(float,float)	def setCenter	
KeepName	com.badlogic.gdx.math.Rectangle#setPosition(Vector2)	def setPosition	
KeepName	com.badlogic.gdx.math.Rectangle#setPosition(float,float)	def setPosition	
KeepName	com.badlogic.gdx.math.Rectangle#setSize(float)	def setSize	
KeepName	com.badlogic.gdx.math.Rectangle#setSize(float,float)	def setSize	
KeepName	com.badlogic.gdx.math.Vector#isCollinear(T)	def isCollinear	
KeepName	com.badlogic.gdx.math.Vector#isCollinearOpposite(T)	def isCollinearOpposite	
KeepName	com.badlogic.gdx.math.Vector#isOnLine(T)	def isOnLine	
KeepName	com.badlogic.gdx.math.Vector#isPerpendicular(T)	def isPerpendicular	
KeepName	com.badlogic.gdx.math.Vector#isUnit()	def isUnit	
KeepName	com.badlogic.gdx.math.Vector#isUnit(float)	def isUnit	
KeepName	com.badlogic.gdx.math.Vector#isZero()	def isZero	
KeepName	com.badlogic.gdx.math.Vector#isZero(float)	def isZero	
KeepName	com.badlogic.gdx.math.Vector#setLength	def setLength	
KeepName	com.badlogic.gdx.math.Vector#setToRandomDirection	def setToRandomDirection	
KeepName	com.badlogic.gdx.math.Vector#setZero	def setZero	
KeepName	com.badlogic.gdx.math.Vector2#isOnLine(Vector2)	def isOnLine	
KeepName	com.badlogic.gdx.math.Vector2#isZero()	def isZero	
KeepName	com.badlogic.gdx.math.Vector2#isZero(float)	def isZero	
KeepName	com.badlogic.gdx.math.Vector2#setAngleDeg	def setAngleDeg	
KeepName	com.badlogic.gdx.math.Vector2#setAngleRad	def setAngleRad	
KeepName	com.badlogic.gdx.math.Vector2#setToRandomDirection	def setToRandomDirection	
KeepName	com.badlogic.gdx.math.Vector2#setZero	def setZero	
KeepName	com.badlogic.gdx.math.Vector3#isOnLine(Vector3)	def isOnLine	
KeepName	com.badlogic.gdx.math.Vector3#isZero()	def isZero	
KeepName	com.badlogic.gdx.math.Vector3#isZero(float)	def isZero	
KeepName	com.badlogic.gdx.math.Vector3#setFromSpherical	def setFromSpherical	
KeepName	com.badlogic.gdx.math.Vector3#setToRandomDirection	def setToRandomDirection	
KeepName	com.badlogic.gdx.math.Vector3#setZero	def setZero	
KeepName	com.badlogic.gdx.math.Vector4#isOnLine(Vector4)	def isOnLine	
KeepName	com.badlogic.gdx.math.Vector4#isZero()	def isZero	
KeepName	com.badlogic.gdx.math.Vector4#isZero(float)	def isZero	
KeepName	com.badlogic.gdx.math.Vector4#setToRandomDirection	def setToRandomDirection	
KeepName	com.badlogic.gdx.math.Vector4#setZero	def setZero	
KeepName	com.badlogic.gdx.math.collision.BoundingBox#isValid	def isValid	
KeepName	com.badlogic.gdx.math.collision.OrientedBoundingBox#setBounds	def setBounds	
KeepName	com.badlogic.gdx.net.NetJavaSocketImpl#isConnected	def isConnected	
KeepName	com.badlogic.gdx.net.Socket#isConnected	def isConnected	
KeepName	com.badlogic.gdx.scenes.scene2d.Actor#getX(int)	def getX	
KeepName	com.badlogic.gdx.scenes.scene2d.Actor#getY(int)	def getY	
KeepName	com.badlogic.gdx.scenes.scene2d.Actor#isAscendantOf	def isAscendantOf	
KeepName	com.badlogic.gdx.scenes.scene2d.Actor#isDescendantOf	def isDescendantOf	
KeepName	com.badlogic.gdx.scenes.scene2d.Actor#isTouchFocusListener	def isTouchFocusListener	
KeepName	com.badlogic.gdx.scenes.scene2d.Actor#isTouchFocusTarget	def isTouchFocusTarget	
KeepName	com.badlogic.gdx.scenes.scene2d.Actor#isTouchable	def isTouchable	
KeepName	com.badlogic.gdx.scenes.scene2d.Actor#setBounds	def setBounds	
KeepName	com.badlogic.gdx.scenes.scene2d.Actor#setDebug	def setDebug	
KeepName	com.badlogic.gdx.scenes.scene2d.Actor#setOrigin(float,float)	def setOrigin	
KeepName	com.badlogic.gdx.scenes.scene2d.Actor#setOrigin(int)	def setOrigin	
KeepName	com.badlogic.gdx.scenes.scene2d.Actor#setParent	def setParent	
KeepName	com.badlogic.gdx.scenes.scene2d.Actor#setPosition(float,float)	def setPosition	
KeepName	com.badlogic.gdx.scenes.scene2d.Actor#setPosition(float,float,int)	def setPosition	
KeepName	com.badlogic.gdx.scenes.scene2d.Actor#setScale(float)	def setScale	
KeepName	com.badlogic.gdx.scenes.scene2d.Actor#setScale(float,float)	def setScale	
KeepName	com.badlogic.gdx.scenes.scene2d.Actor#setSize	def setSize	
KeepName	com.badlogic.gdx.scenes.scene2d.Actor#setStage	def setStage	
KeepName	com.badlogic.gdx.scenes.scene2d.Actor#setX(float,int)	def setX	
KeepName	com.badlogic.gdx.scenes.scene2d.Actor#setY(float,int)	def setY	
KeepName	com.badlogic.gdx.scenes.scene2d.Actor#setZIndex	def setZIndex	
KeepName	com.badlogic.gdx.scenes.scene2d.Event#isCancelled	def isCancelled	
KeepName	com.badlogic.gdx.scenes.scene2d.Event#isHandled	def isHandled	
KeepName	com.badlogic.gdx.scenes.scene2d.Event#isStopped	def isStopped	
KeepName	com.badlogic.gdx.scenes.scene2d.Group#getChild	def getChild	
KeepName	com.badlogic.gdx.scenes.scene2d.Group#setCullingArea	def setCullingArea	
KeepName	com.badlogic.gdx.scenes.scene2d.Group#setDebug	def setDebug	
KeepName	com.badlogic.gdx.scenes.scene2d.Group#setStage	def setStage	
KeepName	com.badlogic.gdx.scenes.scene2d.InputEvent#isTouchFocusCancel	def isTouchFocusCancel	
KeepName	com.badlogic.gdx.scenes.scene2d.Stage#isInsideViewport	def isInsideViewport	
KeepName	com.badlogic.gdx.scenes.scene2d.Stage#setDebugAll	def setDebugAll	
KeepName	com.badlogic.gdx.scenes.scene2d.Stage#setDebugInvisible	def setDebugInvisible	
KeepName	com.badlogic.gdx.scenes.scene2d.Stage#setDebugParentUnderMouse	def setDebugParentUnderMouse	
KeepName	com.badlogic.gdx.scenes.scene2d.Stage#setDebugTableUnderMouse(Debug)	def setDebugTableUnderMouse	
KeepName	com.badlogic.gdx.scenes.scene2d.Stage#setDebugTableUnderMouse(boolean)	def setDebugTableUnderMouse	
KeepName	com.badlogic.gdx.scenes.scene2d.Stage#setDebugUnderMouse	def setDebugUnderMouse	
KeepName	com.badlogic.gdx.scenes.scene2d.Stage#setKeyboardFocus	def setKeyboardFocus	
KeepName	com.badlogic.gdx.scenes.scene2d.Stage#setRoot	def setRoot	
KeepName	com.badlogic.gdx.scenes.scene2d.Stage#setScrollFocus	def setScrollFocus	
KeepName	com.badlogic.gdx.scenes.scene2d.actions.AfterAction#setTarget	def setTarget	
KeepName	com.badlogic.gdx.scenes.scene2d.actions.DelegateAction#setActor	def setActor	
KeepName	com.badlogic.gdx.scenes.scene2d.actions.DelegateAction#setTarget	def setTarget	
KeepName	com.badlogic.gdx.scenes.scene2d.actions.EventAction#setTarget	def setTarget	
KeepName	com.badlogic.gdx.scenes.scene2d.actions.FloatAction#getEnd	def getEnd	
KeepName	com.badlogic.gdx.scenes.scene2d.actions.FloatAction#setEnd	def setEnd	
KeepName	com.badlogic.gdx.scenes.scene2d.actions.IntAction#getEnd	def getEnd	
KeepName	com.badlogic.gdx.scenes.scene2d.actions.IntAction#setEnd	def setEnd	
KeepName	com.badlogic.gdx.scenes.scene2d.actions.LayoutAction#setTarget	def setTarget	
KeepName	com.badlogic.gdx.scenes.scene2d.actions.MoveByAction#setAmount	def setAmount	
KeepName	com.badlogic.gdx.scenes.scene2d.actions.MoveToAction#setPosition(float,float)	def setPosition	
KeepName	com.badlogic.gdx.scenes.scene2d.actions.MoveToAction#setPosition(float,float,int)	def setPosition	
KeepName	com.badlogic.gdx.scenes.scene2d.actions.MoveToAction#setStartPosition	def setStartPosition	
KeepName	com.badlogic.gdx.scenes.scene2d.actions.ParallelAction#setActor	def setActor	
KeepName	com.badlogic.gdx.scenes.scene2d.actions.ScaleByAction#setAmount(float)	def setAmount	
KeepName	com.badlogic.gdx.scenes.scene2d.actions.ScaleByAction#setAmount(float,float)	def setAmount	
KeepName	com.badlogic.gdx.scenes.scene2d.actions.ScaleToAction#setScale(float)	def setScale	
KeepName	com.badlogic.gdx.scenes.scene2d.actions.ScaleToAction#setScale(float,float)	def setScale	
KeepName	com.badlogic.gdx.scenes.scene2d.actions.SizeByAction#setAmount	def setAmount	
KeepName	com.badlogic.gdx.scenes.scene2d.actions.SizeToAction#setSize	def setSize	
KeepName	com.badlogic.gdx.scenes.scene2d.ui.Button#isOver	def isOver	
KeepName	com.badlogic.gdx.scenes.scene2d.ui.Button#isPressed	def isPressed	
KeepName	com.badlogic.gdx.scenes.scene2d.ui.Button#setChecked(boolean)	def setChecked	
KeepName	com.badlogic.gdx.scenes.scene2d.ui.Button#setChecked(boolean,boolean)	def setChecked	
KeepName	com.badlogic.gdx.scenes.scene2d.ui.Button#setStyle	def setStyle	
KeepName	com.badlogic.gdx.scenes.scene2d.ui.ButtonGroup#setChecked	def setChecked	
KeepName	com.badlogic.gdx.scenes.scene2d.ui.Cell#getActor	def getActor	
KeepName	com.badlogic.gdx.scenes.scene2d.ui.Cell#getMaxHeight	def getMaxHeight	
KeepName	com.badlogic.gdx.scenes.scene2d.ui.Cell#getMaxWidth	def getMaxWidth	
KeepName	com.badlogic.gdx.scenes.scene2d.ui.Cell#getMinHeight	def getMinHeight	
KeepName	com.badlogic.gdx.scenes.scene2d.ui.Cell#getMinWidth	def getMinWidth	
KeepName	com.badlogic.gdx.scenes.scene2d.ui.Cell#getPadBottom	def getPadBottom	
KeepName	com.badlogic.gdx.scenes.scene2d.ui.Cell#getPadLeft	def getPadLeft	
KeepName	com.badlogic.gdx.scenes.scene2d.ui.Cell#getPadRight	def getPadRight	
KeepName	com.badlogic.gdx.scenes.scene2d.ui.Cell#getPadTop	def getPadTop	
KeepName	com.badlogic.gdx.scenes.scene2d.ui.Cell#getPadX	def getPadX	
KeepName	com.badlogic.gdx.scenes.scene2d.ui.Cell#getPadY	def getPadY	
KeepName	com.badlogic.gdx.scenes.scene2d.ui.Cell#getPrefHeight	def getPrefHeight	
KeepName	com.badlogic.gdx.scenes.scene2d.ui.Cell#getPrefWidth	def getPrefWidth	
KeepName	com.badlogic.gdx.scenes.scene2d.ui.Cell#getSpaceBottom	def getSpaceBottom	
KeepName	com.badlogic.gdx.scenes.scene2d.ui.Cell#getSpaceLeft	def getSpaceLeft	
KeepName	com.badlogic.gdx.scenes.scene2d.ui.Cell#getSpaceRight	def getSpaceRight	
KeepName	com.badlogic.gdx.scenes.scene2d.ui.Cell#getSpaceTop	def getSpaceTop	
KeepName	com.badlogic.gdx.scenes.scene2d.ui.Cell#setActorBounds	def setActorBounds	
KeepName	com.badlogic.gdx.scenes.scene2d.ui.Cell#setTable	def setTable	
KeepName	com.badlogic.gdx.scenes.scene2d.ui.CheckBox#setStyle	def setStyle	
KeepName	com.badlogic.gdx.scenes.scene2d.ui.Container#getFillX	def getFillX	
KeepName	com.badlogic.gdx.scenes.scene2d.ui.Container#getFillY	def getFillY	
KeepName	com.badlogic.gdx.scenes.scene2d.ui.Container#getPadBottom	def getPadBottom	
KeepName	com.badlogic.gdx.scenes.scene2d.ui.Container#getPadLeft	def getPadLeft	
KeepName	com.badlogic.gdx.scenes.scene2d.ui.Container#getPadRight	def getPadRight	
KeepName	com.badlogic.gdx.scenes.scene2d.ui.Container#getPadTop	def getPadTop	
KeepName	com.badlogic.gdx.scenes.scene2d.ui.Container#setActor	def setActor	
KeepName	com.badlogic.gdx.scenes.scene2d.ui.Container#setBackground(Drawable)	def setBackground	
KeepName	com.badlogic.gdx.scenes.scene2d.ui.Container#setBackground(Drawable,boolean)	def setBackground	
KeepName	com.badlogic.gdx.scenes.scene2d.ui.Container#setClip	def setClip	
KeepName	com.badlogic.gdx.scenes.scene2d.ui.Container#setCullingArea	def setCullingArea	
KeepName	com.badlogic.gdx.scenes.scene2d.ui.Container#setRound	def setRound	
KeepName	com.badlogic.gdx.scenes.scene2d.ui.Dialog#setObject	def setObject	
KeepName	com.badlogic.gdx.scenes.scene2d.ui.Dialog#setStage	def setStage	
KeepName	com.badlogic.gdx.scenes.scene2d.ui.HorizontalGroup#getFill	def getFill	
KeepName	com.badlogic.gdx.scenes.scene2d.ui.HorizontalGroup#getPadBottom	def getPadBottom	
KeepName	com.badlogic.gdx.scenes.scene2d.ui.HorizontalGroup#getPadLeft	def getPadLeft	
KeepName	com.badlogic.gdx.scenes.scene2d.ui.HorizontalGroup#getPadRight	def getPadRight	
KeepName	com.badlogic.gdx.scenes.scene2d.ui.HorizontalGroup#getPadTop	def getPadTop	
KeepName	com.badlogic.gdx.scenes.scene2d.ui.HorizontalGroup#getRows	def getRows	
KeepName	com.badlogic.gdx.scenes.scene2d.ui.HorizontalGroup#setRound	def setRound	
KeepName	com.badlogic.gdx.scenes.scene2d.ui.Image#setDrawable(Skin,String)	def setDrawable	
KeepName	com.badlogic.gdx.scenes.scene2d.ui.ImageButton#setStyle	def setStyle	
KeepName	com.badlogic.gdx.scenes.scene2d.ui.ImageTextButton#setLabel	def setLabel	
KeepName	com.badlogic.gdx.scenes.scene2d.ui.ImageTextButton#setStyle	def setStyle	
KeepName	com.badlogic.gdx.scenes.scene2d.ui.ImageTextButton#setText	def setText	
KeepName	com.badlogic.gdx.scenes.scene2d.ui.Label#setAlignment(int)	def setAlignment	
KeepName	com.badlogic.gdx.scenes.scene2d.ui.Label#setAlignment(int,int)	def setAlignment	
KeepName	com.badlogic.gdx.scenes.scene2d.ui.Label#setEllipsis(String)	def setEllipsis	
KeepName	com.badlogic.gdx.scenes.scene2d.ui.Label#setEllipsis(boolean)	def setEllipsis	
KeepName	com.badlogic.gdx.scenes.scene2d.ui.Label#setFontScale(float)	def setFontScale	
KeepName	com.badlogic.gdx.scenes.scene2d.ui.Label#setFontScale(float,float)	def setFontScale	
KeepName	com.badlogic.gdx.scenes.scene2d.ui.Label#setFontScaleX	def setFontScaleX	
KeepName	com.badlogic.gdx.scenes.scene2d.ui.Label#setFontScaleY	def setFontScaleY	
KeepName	com.badlogic.gdx.scenes.scene2d.ui.Label#setStyle	def setStyle	
KeepName	com.badlogic.gdx.scenes.scene2d.ui.Label#setText(CharSequence)	def setText	
KeepName	com.badlogic.gdx.scenes.scene2d.ui.Label#setText(int)	def setText	
KeepName	com.badlogic.gdx.scenes.scene2d.ui.List#getItemAt	def getItemAt	
KeepName	com.badlogic.gdx.scenes.scene2d.ui.List#getItemIndexAt	def getItemIndexAt	
KeepName	com.badlogic.gdx.scenes.scene2d.ui.List#setAlignment	def setAlignment	
KeepName	com.badlogic.gdx.scenes.scene2d.ui.List#setCullingArea	def setCullingArea	
KeepName	com.badlogic.gdx.scenes.scene2d.ui.List#setSelected	def setSelected	
KeepName	com.badlogic.gdx.scenes.scene2d.ui.List#setSelectedIndex	def setSelectedIndex	
KeepName	com.badlogic.gdx.scenes.scene2d.ui.List#setStyle	def setStyle	
KeepName	com.badlogic.gdx.scenes.scene2d.ui.ProgressBar#setAnimateDuration	def setAnimateDuration	
KeepName	com.badlogic.gdx.scenes.scene2d.ui.ProgressBar#setAnimateInterpolation	def setAnimateInterpolation	
KeepName	com.badlogic.gdx.scenes.scene2d.ui.ProgressBar#setRange	def setRange	
KeepName	com.badlogic.gdx.scenes.scene2d.ui.ProgressBar#setRound	def setRound	
KeepName	com.badlogic.gdx.scenes.scene2d.ui.ProgressBar#setStyle	def setStyle	
KeepName	com.badlogic.gdx.scenes.scene2d.ui.ProgressBar#setValue	def setValue	
KeepName	com.badlogic.gdx.scenes.scene2d.ui.ProgressBar#setVisualInterpolation	def setVisualInterpolation	
KeepName	com.badlogic.gdx.scenes.scene2d.ui.ScrollPane#getActor	def getActor	
KeepName	com.badlogic.gdx.scenes.scene2d.ui.ScrollPane#isBottomEdge	def isBottomEdge	
KeepName	com.badlogic.gdx.scenes.scene2d.ui.ScrollPane#isDragging	def isDragging	
KeepName	com.badlogic.gdx.scenes.scene2d.ui.ScrollPane#isFlinging	def isFlinging	
KeepName	com.badlogic.gdx.scenes.scene2d.ui.ScrollPane#isForceScrollX	def isForceScrollX	
KeepName	com.badlogic.gdx.scenes.scene2d.ui.ScrollPane#isForceScrollY	def isForceScrollY	
KeepName	com.badlogic.gdx.scenes.scene2d.ui.ScrollPane#isLeftEdge	def isLeftEdge	
KeepName	com.badlogic.gdx.scenes.scene2d.ui.ScrollPane#isPanning	def isPanning	
KeepName	com.badlogic.gdx.scenes.scene2d.ui.ScrollPane#isRightEdge	def isRightEdge	
KeepName	com.badlogic.gdx.scenes.scene2d.ui.ScrollPane#isScrollX	def isScrollX	
KeepName	com.badlogic.gdx.scenes.scene2d.ui.ScrollPane#isScrollY	def isScrollY	
KeepName	com.badlogic.gdx.scenes.scene2d.ui.ScrollPane#isScrollingDisabledX	def isScrollingDisabledX	
KeepName	com.badlogic.gdx.scenes.scene2d.ui.ScrollPane#isScrollingDisabledY	def isScrollingDisabledY	
KeepName	com.badlogic.gdx.scenes.scene2d.ui.ScrollPane#isTopEdge	def isTopEdge	
KeepName	com.badlogic.gdx.scenes.scene2d.ui.ScrollPane#setActor	def setActor	
KeepName	com.badlogic.gdx.scenes.scene2d.ui.ScrollPane#setClamp	def setClamp	
KeepName	com.badlogic.gdx.scenes.scene2d.ui.ScrollPane#setFadeScrollBars	def setFadeScrollBars	
KeepName	com.badlogic.gdx.scenes.scene2d.ui.ScrollPane#setFlickScrollTapSquareSize	def setFlickScrollTapSquareSize	
KeepName	com.badlogic.gdx.scenes.scene2d.ui.ScrollPane#setForceScroll	def setForceScroll	
KeepName	com.badlogic.gdx.scenes.scene2d.ui.ScrollPane#setOverscroll	def setOverscroll	
KeepName	com.badlogic.gdx.scenes.scene2d.ui.ScrollPane#setScrollBarPositions	def setScrollBarPositions	
KeepName	com.badlogic.gdx.scenes.scene2d.ui.ScrollPane#setScrollPercentX	def setScrollPercentX	
KeepName	com.badlogic.gdx.scenes.scene2d.ui.ScrollPane#setScrollPercentY	def setScrollPercentY	
KeepName	com.badlogic.gdx.scenes.scene2d.ui.ScrollPane#setScrollX	def setScrollX	
KeepName	com.badlogic.gdx.scenes.scene2d.ui.ScrollPane#setScrollY	def setScrollY	
KeepName	com.badlogic.gdx.scenes.scene2d.ui.ScrollPane#setScrollbarsOnTop	def setScrollbarsOnTop	
KeepName	com.badlogic.gdx.scenes.scene2d.ui.ScrollPane#setScrollbarsVisible	def setScrollbarsVisible	
KeepName	com.badlogic.gdx.scenes.scene2d.ui.ScrollPane#setScrollingDisabled	def setScrollingDisabled	
KeepName	com.badlogic.gdx.scenes.scene2d.ui.ScrollPane#setStyle	def setStyle	
KeepName	com.badlogic.gdx.scenes.scene2d.ui.ScrollPane#setVariableSizeKnobs	def setVariableSizeKnobs	
KeepName	com.badlogic.gdx.scenes.scene2d.ui.SelectBox#isOver	def isOver	
KeepName	com.badlogic.gdx.scenes.scene2d.ui.SelectBox#setMaxListCount	def setMaxListCount	
KeepName	com.badlogic.gdx.scenes.scene2d.ui.SelectBox#setScrollingDisabled	def setScrollingDisabled	
KeepName	com.badlogic.gdx.scenes.scene2d.ui.SelectBox#setSelected	def setSelected	
KeepName	com.badlogic.gdx.scenes.scene2d.ui.SelectBox#setSelectedIndex	def setSelectedIndex	
KeepName	com.badlogic.gdx.scenes.scene2d.ui.SelectBox#setStage	def setStage	
KeepName	com.badlogic.gdx.scenes.scene2d.ui.SelectBox#setStyle	def setStyle	
KeepName	com.badlogic.gdx.scenes.scene2d.ui.SelectBox$SelectBoxScrollPane#setStage	def setStage	
KeepName	com.badlogic.gdx.scenes.scene2d.ui.Skin#getAll	def getAll	
KeepName	com.badlogic.gdx.scenes.scene2d.ui.Skin#getColor	def getColor	
KeepName	com.badlogic.gdx.scenes.scene2d.ui.Skin#getDrawable	def getDrawable	
KeepName	com.badlogic.gdx.scenes.scene2d.ui.Skin#getFont	def getFont	
KeepName	com.badlogic.gdx.scenes.scene2d.ui.Skin#getJsonClassTags	def getJsonClassTags	
KeepName	com.badlogic.gdx.scenes.scene2d.ui.Skin#getPatch	def getPatch	
KeepName	com.badlogic.gdx.scenes.scene2d.ui.Skin#getRegion	def getRegion	
KeepName	com.badlogic.gdx.scenes.scene2d.ui.Skin#getRegions	def getRegions	
KeepName	com.badlogic.gdx.scenes.scene2d.ui.Skin#getSprite	def getSprite	
KeepName	com.badlogic.gdx.scenes.scene2d.ui.Skin#getTiledDrawable	def getTiledDrawable	
KeepName	com.badlogic.gdx.scenes.scene2d.ui.Skin#setEnabled	def setEnabled	
KeepName	com.badlogic.gdx.scenes.scene2d.ui.Skin#setScale	def setScale	
KeepName	com.badlogic.gdx.scenes.scene2d.ui.Slider#isDragging	def isDragging	
KeepName	com.badlogic.gdx.scenes.scene2d.ui.Slider#setSnapToValues(float,float[])	def setSnapToValues	
KeepName	com.badlogic.gdx.scenes.scene2d.ui.Slider#setSnapToValues(float[],float)	def setSnapToValues	
KeepName	com.badlogic.gdx.scenes.scene2d.ui.Slider#setVisualInterpolationInverse	def setVisualInterpolationInverse	
KeepName	com.badlogic.gdx.scenes.scene2d.ui.Slider#setVisualPercent	def setVisualPercent	
KeepName	com.badlogic.gdx.scenes.scene2d.ui.SplitPane#isCursorOverHandle	def isCursorOverHandle	
KeepName	com.badlogic.gdx.scenes.scene2d.ui.SplitPane#setFirstWidget	def setFirstWidget	
KeepName	com.badlogic.gdx.scenes.scene2d.ui.SplitPane#setMaxSplitAmount	def setMaxSplitAmount	
KeepName	com.badlogic.gdx.scenes.scene2d.ui.SplitPane#setMinSplitAmount	def setMinSplitAmount	
KeepName	com.badlogic.gdx.scenes.scene2d.ui.SplitPane#setSecondWidget	def setSecondWidget	
KeepName	com.badlogic.gdx.scenes.scene2d.ui.SplitPane#setStyle	def setStyle	
KeepName	com.badlogic.gdx.scenes.scene2d.ui.Styleable#setStyle	def setStyle	
KeepName	com.badlogic.gdx.scenes.scene2d.ui.Table#getCell	def getCell	
KeepName	com.badlogic.gdx.scenes.scene2d.ui.Table#getCells	def getCells	
KeepName	com.badlogic.gdx.scenes.scene2d.ui.Table#getColumnMinWidth	def getColumnMinWidth	
KeepName	com.badlogic.gdx.scenes.scene2d.ui.Table#getColumnPrefWidth	def getColumnPrefWidth	
KeepName	com.badlogic.gdx.scenes.scene2d.ui.Table#getColumnWidth	def getColumnWidth	
KeepName	com.badlogic.gdx.scenes.scene2d.ui.Table#getColumns	def getColumns	
KeepName	com.badlogic.gdx.scenes.scene2d.ui.Table#getPadBottom	def getPadBottom	
KeepName	com.badlogic.gdx.scenes.scene2d.ui.Table#getPadLeft	def getPadLeft	
KeepName	com.badlogic.gdx.scenes.scene2d.ui.Table#getPadRight	def getPadRight	
KeepName	com.badlogic.gdx.scenes.scene2d.ui.Table#getPadTop	def getPadTop	
KeepName	com.badlogic.gdx.scenes.scene2d.ui.Table#getPadX	def getPadX	
KeepName	com.badlogic.gdx.scenes.scene2d.ui.Table#getPadY	def getPadY	
KeepName	com.badlogic.gdx.scenes.scene2d.ui.Table#getRow	def getRow	
KeepName	com.badlogic.gdx.scenes.scene2d.ui.Table#getRowHeight	def getRowHeight	
KeepName	com.badlogic.gdx.scenes.scene2d.ui.Table#getRowMinHeight	def getRowMinHeight	
KeepName	com.badlogic.gdx.scenes.scene2d.ui.Table#getRowPrefHeight	def getRowPrefHeight	
KeepName	com.badlogic.gdx.scenes.scene2d.ui.Table#getRows	def getRows	
KeepName	com.badlogic.gdx.scenes.scene2d.ui.Table#getSkin	def getSkin	
KeepName	com.badlogic.gdx.scenes.scene2d.ui.Table#setClip	def setClip	
KeepName	com.badlogic.gdx.scenes.scene2d.ui.Table#setDebug	def setDebug	
KeepName	com.badlogic.gdx.scenes.scene2d.ui.Table#setSkin	def setSkin	
KeepName	com.badlogic.gdx.scenes.scene2d.ui.TextArea#getTextY	def getTextY	
KeepName	com.badlogic.gdx.scenes.scene2d.ui.TextArea#setPrefRows	def setPrefRows	
KeepName	com.badlogic.gdx.scenes.scene2d.ui.TextArea#setSelection	def setSelection	
KeepName	com.badlogic.gdx.scenes.scene2d.ui.TextArea#setStyle	def setStyle	
KeepName	com.badlogic.gdx.scenes.scene2d.ui.TextArea$TextAreaListener#setCursorPosition	def setCursorPosition	
KeepName	com.badlogic.gdx.scenes.scene2d.ui.TextButton#setLabel	def setLabel	
KeepName	com.badlogic.gdx.scenes.scene2d.ui.TextButton#setStyle	def setStyle	
KeepName	com.badlogic.gdx.scenes.scene2d.ui.TextButton#setText	def setText	
KeepName	com.badlogic.gdx.scenes.scene2d.ui.TextField#getFocusTraversal	def getFocusTraversal	
KeepName	com.badlogic.gdx.scenes.scene2d.ui.TextField#getMaxLength	def getMaxLength	
KeepName	com.badlogic.gdx.scenes.scene2d.ui.TextField#getProgrammaticChangeEvents	def getProgrammaticChangeEvents	
KeepName	com.badlogic.gdx.scenes.scene2d.ui.TextField#getSelectionStart	def getSelectionStart	
KeepName	com.badlogic.gdx.scenes.scene2d.ui.TextField#getTextY	def getTextY	
KeepName	com.badlogic.gdx.scenes.scene2d.ui.TextField#isPasswordMode	def isPasswordMode	
KeepName	com.badlogic.gdx.scenes.scene2d.ui.TextField#isWordCharacter	def isWordCharacter	
KeepName	com.badlogic.gdx.scenes.scene2d.ui.TextField#setAlignment	def setAlignment	
KeepName	com.badlogic.gdx.scenes.scene2d.ui.TextField#setAutocompleteOptions	def setAutocompleteOptions	
KeepName	com.badlogic.gdx.scenes.scene2d.ui.TextField#setCursorPosition	def setCursorPosition	
KeepName	com.badlogic.gdx.scenes.scene2d.ui.TextField#setFocusTraversal	def setFocusTraversal	
KeepName	com.badlogic.gdx.scenes.scene2d.ui.TextField#setKeyboardType	def setKeyboardType	
KeepName	com.badlogic.gdx.scenes.scene2d.ui.TextField#setMaxLength	def setMaxLength	
KeepName	com.badlogic.gdx.scenes.scene2d.ui.TextField#setMessageText	def setMessageText	
KeepName	com.badlogic.gdx.scenes.scene2d.ui.TextField#setOnscreenKeyboard	def setOnscreenKeyboard	
KeepName	com.badlogic.gdx.scenes.scene2d.ui.TextField#setPasswordCharacter	def setPasswordCharacter	
KeepName	com.badlogic.gdx.scenes.scene2d.ui.TextField#setPreventAutoCorrection	def setPreventAutoCorrection	
KeepName	com.badlogic.gdx.scenes.scene2d.ui.TextField#setProgrammaticChangeEvents	def setProgrammaticChangeEvents	
KeepName	com.badlogic.gdx.scenes.scene2d.ui.TextField#setSelection	def setSelection	
KeepName	com.badlogic.gdx.scenes.scene2d.ui.TextField#setStyle	def setStyle	
KeepName	com.badlogic.gdx.scenes.scene2d.ui.TextField#setText	def setText	
KeepName	com.badlogic.gdx.scenes.scene2d.ui.TextField#setTextFieldFilter	def setTextFieldFilter	
KeepName	com.badlogic.gdx.scenes.scene2d.ui.TextField#setTextFieldListener	def setTextFieldListener	
KeepName	com.badlogic.gdx.scenes.scene2d.ui.TextField$TextFieldClickListener#setCursorPosition	def setCursorPosition	
KeepName	com.badlogic.gdx.scenes.scene2d.ui.TextTooltip#setStyle	def setStyle	
KeepName	com.badlogic.gdx.scenes.scene2d.ui.Touchpad#setDeadzone	def setDeadzone	
KeepName	com.badlogic.gdx.scenes.scene2d.ui.Touchpad#setStyle	def setStyle	
KeepName	com.badlogic.gdx.scenes.scene2d.ui.Tree#getExpandIcon	def getExpandIcon	
KeepName	com.badlogic.gdx.scenes.scene2d.ui.Tree#getNodeAt(float)	def getNodeAt	
KeepName	com.badlogic.gdx.scenes.scene2d.ui.Tree#setIconSpacing	def setIconSpacing	
KeepName	com.badlogic.gdx.scenes.scene2d.ui.Tree#setPadding(float)	def setPadding	
KeepName	com.badlogic.gdx.scenes.scene2d.ui.Tree#setPadding(float,float)	def setPadding	
KeepName	com.badlogic.gdx.scenes.scene2d.ui.Tree#setStyle	def setStyle	
KeepName	com.badlogic.gdx.scenes.scene2d.ui.Tree$Node#getHeight	def getHeight	
KeepName	com.badlogic.gdx.scenes.scene2d.ui.Tree$Node#isAscendantOf	def isAscendantOf	
KeepName	com.badlogic.gdx.scenes.scene2d.ui.Tree$Node#isDescendantOf	def isDescendantOf	
KeepName	com.badlogic.gdx.scenes.scene2d.ui.Tree$Node#isSelectable	def isSelectable	
KeepName	com.badlogic.gdx.scenes.scene2d.ui.VerticalGroup#getFill	def getFill	
KeepName	com.badlogic.gdx.scenes.scene2d.ui.VerticalGroup#getPadBottom	def getPadBottom	
KeepName	com.badlogic.gdx.scenes.scene2d.ui.VerticalGroup#getPadLeft	def getPadLeft	
KeepName	com.badlogic.gdx.scenes.scene2d.ui.VerticalGroup#getPadRight	def getPadRight	
KeepName	com.badlogic.gdx.scenes.scene2d.ui.VerticalGroup#getPadTop	def getPadTop	
KeepName	com.badlogic.gdx.scenes.scene2d.ui.VerticalGroup#setRound	def setRound	
KeepName	com.badlogic.gdx.scenes.scene2d.ui.Window#isDragging	def isDragging	
KeepName	com.badlogic.gdx.scenes.scene2d.ui.Window#setStyle	def setStyle	
KeepName	com.badlogic.gdx.scenes.scene2d.utils.ArraySelection#setRangeSelect	def setRangeSelect	
KeepName	com.badlogic.gdx.scenes.scene2d.utils.ClickListener#isOver(Actor,float,float)	def isOver	
KeepName	com.badlogic.gdx.scenes.scene2d.utils.ClickListener#isVisualPressed	def isVisualPressed	
KeepName	com.badlogic.gdx.scenes.scene2d.utils.ClickListener#setTapCountInterval	def setTapCountInterval	
KeepName	com.badlogic.gdx.scenes.scene2d.utils.ClickListener#setVisualPressed	def setVisualPressed	
KeepName	com.badlogic.gdx.scenes.scene2d.utils.Cullable#setCullingArea	def setCullingArea	
KeepName	com.badlogic.gdx.scenes.scene2d.utils.DragAndDrop#isDragValid	def isDragValid	
KeepName	com.badlogic.gdx.scenes.scene2d.utils.DragAndDrop#setDragActorPosition	def setDragActorPosition	
KeepName	com.badlogic.gdx.scenes.scene2d.utils.DragAndDrop#setTouchOffset	def setTouchOffset	
KeepName	com.badlogic.gdx.scenes.scene2d.utils.DragScrollListener#isAbove	def isAbove	
KeepName	com.badlogic.gdx.scenes.scene2d.utils.DragScrollListener#isBelow	def isBelow	
KeepName	com.badlogic.gdx.scenes.scene2d.utils.DragScrollListener#setPadding	def setPadding	
KeepName	com.badlogic.gdx.scenes.scene2d.utils.Drawable#setMinSize	def setMinSize	
KeepName	com.badlogic.gdx.scenes.scene2d.utils.Drawable#setPadding(Drawable)	def setPadding	
KeepName	com.badlogic.gdx.scenes.scene2d.utils.Drawable#setPadding(float)	def setPadding	
KeepName	com.badlogic.gdx.scenes.scene2d.utils.Drawable#setPadding(float,float,float,float)	def setPadding	
KeepName	com.badlogic.gdx.scenes.scene2d.utils.NinePatchDrawable#setPatch	def setPatch	
KeepName	com.badlogic.gdx.scenes.scene2d.utils.Selection#isEmpty	def isEmpty	
KeepName	com.badlogic.gdx.scenes.scene2d.utils.Selection#setActor	def setActor	
KeepName	com.badlogic.gdx.scenes.scene2d.utils.Selection#setAll	def setAll	
KeepName	com.badlogic.gdx.scenes.scene2d.utils.SpriteDrawable#setSprite	def setSprite	
KeepName	com.badlogic.gdx.scenes.scene2d.utils.TextureRegionDrawable#setRegion	def setRegion	
KeepName	com.badlogic.gdx.utils.BinaryHeap#isEmpty	def isEmpty	
KeepName	com.badlogic.gdx.utils.BinaryHeap#setValue	def setValue	
KeepName	com.badlogic.gdx.utils.BufferUtils#getUnsafeBufferAddress	def getUnsafeBufferAddress	
KeepName	com.badlogic.gdx.utils.BufferUtils#isUnsafeByteBuffer	def isUnsafeByteBuffer	
KeepName	com.badlogic.gdx.utils.ScreenUtils#getFrameBufferPixels(boolean)	def getFrameBufferPixels	
KeepName	com.badlogic.gdx.utils.ScreenUtils#getFrameBufferPixels(int,int,int,int,boolean)	def getFrameBufferPixels	
KeepName	com.badlogic.gdx.utils.ScreenUtils#getFrameBufferTexture(int,int,int,int)	def getFrameBufferTexture	
KeepName	com.badlogic.gdx.utils.Timer#isEmpty	def isEmpty	
KeepName	com.badlogic.gdx.utils.Timer$Task#isScheduled	def isScheduled	
KeepName	com.badlogic.gdx.utils.XmlReader$Element#getAttribute(String)	def getAttribute	
KeepName	com.badlogic.gdx.utils.XmlReader$Element#getAttribute(String,String)	def getAttribute	
KeepName	com.badlogic.gdx.utils.XmlReader$Element#getBoolean(String)	def getBoolean	
KeepName	com.badlogic.gdx.utils.XmlReader$Element#getBoolean(String,boolean)	def getBoolean	
KeepName	com.badlogic.gdx.utils.XmlReader$Element#getBooleanAttribute(String)	def getBooleanAttribute	
KeepName	com.badlogic.gdx.utils.XmlReader$Element#getBooleanAttribute(String,boolean)	def getBooleanAttribute	
KeepName	com.badlogic.gdx.utils.XmlReader$Element#getChild	def getChild	
KeepName	com.badlogic.gdx.utils.XmlReader$Element#getChildByName	def getChildByName	
KeepName	com.badlogic.gdx.utils.XmlReader$Element#getChildByNameRecursive	def getChildByNameRecursive	
KeepName	com.badlogic.gdx.utils.XmlReader$Element#getChildrenByName	def getChildrenByName	
KeepName	com.badlogic.gdx.utils.XmlReader$Element#getChildrenByNameRecursively(String)	def getChildrenByNameRecursively	
KeepName	com.badlogic.gdx.utils.XmlReader$Element#getFloat(String)	def getFloat	
KeepName	com.badlogic.gdx.utils.XmlReader$Element#getFloat(String,float)	def getFloat	
KeepName	com.badlogic.gdx.utils.XmlReader$Element#getFloatAttribute(String)	def getFloatAttribute	
KeepName	com.badlogic.gdx.utils.XmlReader$Element#getFloatAttribute(String,float)	def getFloatAttribute	
KeepName	com.badlogic.gdx.utils.XmlReader$Element#getInt(String)	def getInt	
KeepName	com.badlogic.gdx.utils.XmlReader$Element#getInt(String,int)	def getInt	
KeepName	com.badlogic.gdx.utils.XmlReader$Element#getIntAttribute(String)	def getIntAttribute	
KeepName	com.badlogic.gdx.utils.XmlReader$Element#getIntAttribute(String,int)	def getIntAttribute	
KeepName	com.badlogic.gdx.utils.XmlReader$Element#setAttribute	def setAttribute	
KeepName	com.badlogic.gdx.utils.viewport.Viewport#getPickRay	def getPickRay	
KeepName	com.badlogic.gdx.utils.viewport.Viewport#setScreenBounds	def setScreenBounds	
KeepName	com.badlogic.gdx.utils.viewport.Viewport#setScreenPosition	def setScreenPosition	
KeepName	com.badlogic.gdx.utils.viewport.Viewport#setScreenSize	def setScreenSize	
KeepName	com.badlogic.gdx.utils.viewport.Viewport#setWorldSize	def setWorldSize	
KeepParens	com.badlogic.gdx.Graphics#supportsDisplayModeChange	def supportsDisplayModeChange(): Boolean	
KeepParens	com.badlogic.gdx.Graphics$BufferFormat#toString	def toString(): String	
KeepParens	com.badlogic.gdx.Graphics$DisplayMode#toString	def toString(): String	
KeepParens	com.badlogic.gdx.Input#justTouched	def justTouched(): Boolean	
KeepParens	com.badlogic.gdx.InputMultiplexer#size	def size(): Int	
KeepParens	com.badlogic.gdx.Preferences#get	def get(): Map[String, Boolean | Int | Long | Float | String]	
KeepParens	com.badlogic.gdx.assets.AssetLoadingTask#update	def update(): Boolean	
KeepParens	com.badlogic.gdx.assets.AssetManager#update()	def update(): Boolean	
KeepParens	com.badlogic.gdx.audio.Sound#loop()	def loop(): SoundId	
KeepParens	com.badlogic.gdx.audio.Sound#play()	def play(): SoundId	
KeepParens	com.badlogic.gdx.files.FileHandle#delete	def delete(): Boolean	
KeepParens	com.badlogic.gdx.files.FileHandle#deleteDirectory()	def deleteDirectory(): Boolean	
KeepParens	com.badlogic.gdx.files.FileHandle#exists	def exists(): Boolean	
KeepParens	com.badlogic.gdx.files.FileHandle#hashCode	def hashCode(): Int	
KeepParens	com.badlogic.gdx.files.FileHandle#isDirectory	def isDirectory(): Boolean	
KeepParens	com.badlogic.gdx.files.FileHandle#lastModified	def lastModified(): Long	
KeepParens	com.badlogic.gdx.files.FileHandle#length	def length(): Long	
KeepParens	com.badlogic.gdx.files.FileHandle#list()	def list(): Array[FileHandle]	
KeepParens	com.badlogic.gdx.files.FileHandle#map()	def map(): ByteBuffer	
KeepParens	com.badlogic.gdx.files.FileHandle#parent	def parent(): FileHandle	
KeepParens	com.badlogic.gdx.files.FileHandle#read()	def read(): InputStream	
KeepParens	com.badlogic.gdx.files.FileHandle#readBytes()	def readBytes(): Array[Byte]	
KeepParens	com.badlogic.gdx.files.FileHandle#readString()	def readString(): String	
KeepParens	com.badlogic.gdx.files.FileHandle#reader()	def reader(): Reader	
KeepParens	com.badlogic.gdx.files.FileHandle#toString	def toString(): String	
KeepParens	com.badlogic.gdx.files.FileHandleStream#delete	def delete(): Boolean	
KeepParens	com.badlogic.gdx.files.FileHandleStream#deleteDirectory	def deleteDirectory(): Boolean	
KeepParens	com.badlogic.gdx.files.FileHandleStream#exists	def exists(): Boolean	
KeepParens	com.badlogic.gdx.files.FileHandleStream#isDirectory	def isDirectory(): Boolean	
KeepParens	com.badlogic.gdx.files.FileHandleStream#length	def length(): Long	
KeepParens	com.badlogic.gdx.files.FileHandleStream#list	def list(): Array[FileHandle]	
KeepParens	com.badlogic.gdx.files.FileHandleStream#parent	def parent(): FileHandle	
KeepParens	com.badlogic.gdx.files.FileHandleStream#read	def read(): InputStream	
KeepParens	com.badlogic.gdx.graphics.Color#clamp	def clamp(): Color	
KeepParens	com.badlogic.gdx.graphics.Color#cpy	def cpy(): Color	
KeepParens	com.badlogic.gdx.graphics.Color#hashCode	def hashCode(): Int	
KeepParens	com.badlogic.gdx.graphics.Color#premultiplyAlpha	def premultiplyAlpha(): Color	
KeepParens	com.badlogic.gdx.graphics.Color#toFloatBits()	def toFloatBits(): Float	
KeepParens	com.badlogic.gdx.graphics.Color#toIntBits()	def toIntBits(): Int	
KeepParens	com.badlogic.gdx.graphics.GL20#glCreateProgram	def glCreateProgram(): Int	
KeepParens	com.badlogic.gdx.graphics.GL20#glGenBuffer	def glGenBuffer(): Int	
KeepParens	com.badlogic.gdx.graphics.GL20#glGenFramebuffer	def glGenFramebuffer(): Int	
KeepParens	com.badlogic.gdx.graphics.GL20#glGenRenderbuffer	def glGenRenderbuffer(): Int	
KeepParens	com.badlogic.gdx.graphics.GL20#glGenTexture	def glGenTexture(): Int	
KeepParens	com.badlogic.gdx.graphics.GL20#glGetError	def glGetError(): Int	
KeepParens	com.badlogic.gdx.graphics.GL32#glGetGraphicsResetStatus	def glGetGraphicsResetStatus(): Int	
KeepParens	com.badlogic.gdx.graphics.Mesh#calculateBoundingBox()	def calculateBoundingBox(): BoundingBox	
KeepParens	com.badlogic.gdx.graphics.Mesh#disableInstancedRendering	def disableInstancedRendering(): Mesh	
KeepParens	com.badlogic.gdx.graphics.Mesh#isInstanced	def isInstanced(): Boolean	
KeepParens	com.badlogic.gdx.graphics.Texture#toString	def toString(): String	
KeepParens	com.badlogic.gdx.graphics.Texture$TextureFilter#isMipMap	def isMipMap(): Boolean	
KeepParens	com.badlogic.gdx.graphics.TextureData#consumePixmap	def consumePixmap(): Pixmap	
KeepParens	com.badlogic.gdx.graphics.VertexAttribute#copy	def copy(): VertexAttribute	
KeepParens	com.badlogic.gdx.graphics.VertexAttribute#hashCode	def hashCode(): Int	
KeepParens	com.badlogic.gdx.graphics.VertexAttributes#hashCode	def hashCode(): Int	
KeepParens	com.badlogic.gdx.graphics.VertexAttributes#iterator	def iterator(): Iterator[VertexAttribute]	
KeepParens	com.badlogic.gdx.graphics.VertexAttributes#toString	def toString(): String	
KeepParens	com.badlogic.gdx.graphics.g2d.BitmapFont#newFontCache	def newFontCache(): BitmapFontCache	
KeepParens	com.badlogic.gdx.graphics.g2d.BitmapFont#toString	def toString(): String	
KeepParens	com.badlogic.gdx.graphics.g2d.BitmapFont$BitmapFontData#toString	def toString(): String	
KeepParens	com.badlogic.gdx.graphics.g2d.BitmapFont$Glyph#toString	def toString(): String	
KeepParens	com.badlogic.gdx.graphics.g2d.DistanceFieldFont#newFontCache	def newFontCache(): BitmapFontCache	
KeepParens	com.badlogic.gdx.graphics.g2d.GlyphLayout#toString	def toString(): String	
KeepParens	com.badlogic.gdx.graphics.g2d.GlyphLayout$GlyphRun#toString	def toString(): String	
KeepParens	com.badlogic.gdx.graphics.g2d.ParticleEffect#isComplete	def isComplete(): Boolean	
KeepParens	com.badlogic.gdx.graphics.g2d.ParticleEffectPool#newObject	def newObject(): ParticleEffectPool.PooledEffect	
KeepParens	com.badlogic.gdx.graphics.g2d.ParticleEmitter$RangedNumericValue#newLowValue	def newLowValue(): Float	
KeepParens	com.badlogic.gdx.graphics.g2d.ParticleEmitter$ScaledNumericValue#newHighValue	def newHighValue(): Float	
KeepParens	com.badlogic.gdx.graphics.g2d.SpriteCache#endCache	def endCache(): Int	
KeepParens	com.badlogic.gdx.graphics.g2d.TextureAtlas#createSprites()	def createSprites(): Array[Sprite]	
KeepParens	com.badlogic.gdx.graphics.g2d.TextureAtlas$AtlasRegion#toString	def toString(): String	
KeepParens	com.badlogic.gdx.graphics.g2d.TextureAtlas$AtlasSprite#toString	def toString(): String	
KeepParens	com.badlogic.gdx.graphics.g3d.Attribute#copy	def copy(): Attribute	
KeepParens	com.badlogic.gdx.graphics.g3d.Attribute#hashCode	def hashCode(): Int	
KeepParens	com.badlogic.gdx.graphics.g3d.Attributes#hashCode	def hashCode(): Int	
KeepParens	com.badlogic.gdx.graphics.g3d.Material#copy	def copy(): Material	
KeepParens	com.badlogic.gdx.graphics.g3d.Material#hashCode	def hashCode(): Int	
KeepParens	com.badlogic.gdx.graphics.g3d.ModelBatch$RenderablePool#obtain	def obtain(): Renderable	
KeepParens	com.badlogic.gdx.graphics.g3d.ModelInstance#copy	def copy(): ModelInstance	
KeepParens	com.badlogic.gdx.graphics.g3d.attributes.BlendingAttribute#copy	def copy(): BlendingAttribute	
KeepParens	com.badlogic.gdx.graphics.g3d.attributes.BlendingAttribute#hashCode	def hashCode(): Int	
KeepParens	com.badlogic.gdx.graphics.g3d.attributes.ColorAttribute#copy	def copy(): Attribute	
KeepParens	com.badlogic.gdx.graphics.g3d.attributes.ColorAttribute#hashCode	def hashCode(): Int	
KeepParens	com.badlogic.gdx.graphics.g3d.attributes.CubemapAttribute#copy	def copy(): Attribute	
KeepParens	com.badlogic.gdx.graphics.g3d.attributes.CubemapAttribute#hashCode	def hashCode(): Int	
KeepParens	com.badlogic.gdx.graphics.g3d.attributes.DepthTestAttribute#copy	def copy(): Attribute	
KeepParens	com.badlogic.gdx.graphics.g3d.attributes.DepthTestAttribute#hashCode	def hashCode(): Int	
KeepParens	com.badlogic.gdx.graphics.g3d.attributes.DirectionalLightsAttribute#copy	def copy(): DirectionalLightsAttribute	
KeepParens	com.badlogic.gdx.graphics.g3d.attributes.DirectionalLightsAttribute#hashCode	def hashCode(): Int	
KeepParens	com.badlogic.gdx.graphics.g3d.attributes.FloatAttribute#copy	def copy(): Attribute	
KeepParens	com.badlogic.gdx.graphics.g3d.attributes.FloatAttribute#hashCode	def hashCode(): Int	
KeepParens	com.badlogic.gdx.graphics.g3d.attributes.IntAttribute#copy	def copy(): Attribute	
KeepParens	com.badlogic.gdx.graphics.g3d.attributes.IntAttribute#hashCode	def hashCode(): Int	
KeepParens	com.badlogic.gdx.graphics.g3d.attributes.PointLightsAttribute#copy	def copy(): PointLightsAttribute	
KeepParens	com.badlogic.gdx.graphics.g3d.attributes.PointLightsAttribute#hashCode	def hashCode(): Int	
KeepParens	com.badlogic.gdx.graphics.g3d.attributes.SpotLightsAttribute#copy	def copy(): SpotLightsAttribute	
KeepParens	com.badlogic.gdx.graphics.g3d.attributes.SpotLightsAttribute#hashCode	def hashCode(): Int	
KeepParens	com.badlogic.gdx.graphics.g3d.attributes.TextureAttribute#copy	def copy(): Attribute	
KeepParens	com.badlogic.gdx.graphics.g3d.attributes.TextureAttribute#hashCode	def hashCode(): Int	
KeepParens	com.badlogic.gdx.graphics.g3d.decals.DecalMaterial#hashCode	def hashCode(): Int	
KeepParens	com.badlogic.gdx.graphics.g3d.environment.AmbientCubemap#clamp()	def clamp(): AmbientCubemap	
KeepParens	com.badlogic.gdx.graphics.g3d.environment.AmbientCubemap#clear	def clear(): AmbientCubemap	
KeepParens	com.badlogic.gdx.graphics.g3d.model.Node#calculateLocalTransform	def calculateLocalTransform(): Matrix4	
KeepParens	com.badlogic.gdx.graphics.g3d.model.Node#calculateWorldTransform	def calculateWorldTransform(): Matrix4	
KeepParens	com.badlogic.gdx.graphics.g3d.model.Node#copy	def copy(): Node	
KeepParens	com.badlogic.gdx.graphics.g3d.model.NodePart#copy	def copy(): NodePart	
KeepParens	com.badlogic.gdx.graphics.g3d.particles.ParticleChannels#newId	def newId(): Int	
KeepParens	com.badlogic.gdx.graphics.g3d.particles.ParticleController#copy	def copy(): ParticleController	
KeepParens	com.badlogic.gdx.graphics.g3d.particles.ParticleControllerComponent#copy	def copy(): ParticleControllerComponent	
KeepParens	com.badlogic.gdx.graphics.g3d.particles.ParticleEffect#copy	def copy(): ParticleEffect	
KeepParens	com.badlogic.gdx.graphics.g3d.particles.ResourceData#createSaveData()	def createSaveData(): SaveData	
KeepParens	com.badlogic.gdx.graphics.g3d.particles.ResourceData$SaveData#loadAsset	def loadAsset(): Nullable[AssetDescriptor[?]]	
KeepParens	com.badlogic.gdx.graphics.g3d.particles.batches.BillboardParticleBatch#allocRenderable	def allocRenderable(): Renderable	
KeepParens	com.badlogic.gdx.graphics.g3d.particles.emitters.RegularEmitter#copy	def copy(): ParticleControllerComponent	
KeepParens	com.badlogic.gdx.graphics.g3d.particles.influencers.ColorInfluencer$Random#copy	def copy(): Random	
KeepParens	com.badlogic.gdx.graphics.g3d.particles.influencers.ColorInfluencer$Single#copy	def copy(): Single	
KeepParens	com.badlogic.gdx.graphics.g3d.particles.influencers.DynamicsInfluencer#copy	def copy(): DynamicsInfluencer	
KeepParens	com.badlogic.gdx.graphics.g3d.particles.influencers.DynamicsModifier$BrownianAcceleration#copy	def copy(): BrownianAcceleration	
KeepParens	com.badlogic.gdx.graphics.g3d.particles.influencers.DynamicsModifier$CentripetalAcceleration#copy	def copy(): CentripetalAcceleration	
KeepParens	com.badlogic.gdx.graphics.g3d.particles.influencers.DynamicsModifier$FaceDirection#copy	def copy(): ParticleControllerComponent	
KeepParens	com.badlogic.gdx.graphics.g3d.particles.influencers.DynamicsModifier$PolarAcceleration#copy	def copy(): PolarAcceleration	
KeepParens	com.badlogic.gdx.graphics.g3d.particles.influencers.DynamicsModifier$Rotational2D#copy	def copy(): Rotational2D	
KeepParens	com.badlogic.gdx.graphics.g3d.particles.influencers.DynamicsModifier$Rotational3D#copy	def copy(): Rotational3D	
KeepParens	com.badlogic.gdx.graphics.g3d.particles.influencers.DynamicsModifier$TangentialAcceleration#copy	def copy(): TangentialAcceleration	
KeepParens	com.badlogic.gdx.graphics.g3d.particles.influencers.ModelInfluencer$Random#copy	def copy(): Random	
KeepParens	com.badlogic.gdx.graphics.g3d.particles.influencers.ModelInfluencer$Single#copy	def copy(): Single	
KeepParens	com.badlogic.gdx.graphics.g3d.particles.influencers.ParticleControllerFinalizerInfluencer#copy	def copy(): ParticleControllerFinalizerInfluencer	
KeepParens	com.badlogic.gdx.graphics.g3d.particles.influencers.ParticleControllerInfluencer$Random#copy	def copy(): Random	
KeepParens	com.badlogic.gdx.graphics.g3d.particles.influencers.ParticleControllerInfluencer$Single#copy	def copy(): Single	
KeepParens	com.badlogic.gdx.graphics.g3d.particles.influencers.RegionInfluencer$Animated#copy	def copy(): Animated	
KeepParens	com.badlogic.gdx.graphics.g3d.particles.influencers.RegionInfluencer$Random#copy	def copy(): Random	
KeepParens	com.badlogic.gdx.graphics.g3d.particles.influencers.RegionInfluencer$Single#copy	def copy(): Single	
KeepParens	com.badlogic.gdx.graphics.g3d.particles.influencers.ScaleInfluencer#copy	def copy(): ParticleControllerComponent	
KeepParens	com.badlogic.gdx.graphics.g3d.particles.influencers.SpawnInfluencer#copy	def copy(): SpawnInfluencer	
KeepParens	com.badlogic.gdx.graphics.g3d.particles.renderers.BillboardRenderer#copy	def copy(): ParticleControllerComponent	
KeepParens	com.badlogic.gdx.graphics.g3d.particles.renderers.ModelInstanceRenderer#copy	def copy(): ParticleControllerComponent	
KeepParens	com.badlogic.gdx.graphics.g3d.particles.renderers.ParticleControllerControllerRenderer#copy	def copy(): ParticleControllerComponent	
KeepParens	com.badlogic.gdx.graphics.g3d.particles.renderers.PointSpriteRenderer#copy	def copy(): ParticleControllerComponent	
KeepParens	com.badlogic.gdx.graphics.g3d.particles.values.CylinderSpawnShapeValue#copy	def copy(): SpawnShapeValue	
KeepParens	com.badlogic.gdx.graphics.g3d.particles.values.EllipseSpawnShapeValue#copy	def copy(): SpawnShapeValue	
KeepParens	com.badlogic.gdx.graphics.g3d.particles.values.LineSpawnShapeValue#copy	def copy(): SpawnShapeValue	
KeepParens	com.badlogic.gdx.graphics.g3d.particles.values.PointSpawnShapeValue#copy	def copy(): SpawnShapeValue	
KeepParens	com.badlogic.gdx.graphics.g3d.particles.values.RangedNumericValue#newLowValue	def newLowValue(): Float	
KeepParens	com.badlogic.gdx.graphics.g3d.particles.values.RectangleSpawnShapeValue#copy	def copy(): SpawnShapeValue	
KeepParens	com.badlogic.gdx.graphics.g3d.particles.values.ScaledNumericValue#newHighValue	def newHighValue(): Float	
KeepParens	com.badlogic.gdx.graphics.g3d.particles.values.SpawnShapeValue#copy	def copy(): SpawnShapeValue	
KeepParens	com.badlogic.gdx.graphics.g3d.particles.values.UnweightedMeshSpawnShapeValue#copy	def copy(): SpawnShapeValue	
KeepParens	com.badlogic.gdx.graphics.g3d.particles.values.WeightMeshSpawnShapeValue#copy	def copy(): SpawnShapeValue	
KeepParens	com.badlogic.gdx.graphics.g3d.utils.BaseAnimationController$Transform#idt	def idt(): Transform	
KeepParens	com.badlogic.gdx.graphics.g3d.utils.MeshBuilder#end()	def end(): Mesh	
KeepParens	com.badlogic.gdx.graphics.g3d.utils.MeshBuilder#lastIndex	def lastIndex(): Int	
KeepParens	com.badlogic.gdx.graphics.g3d.utils.MeshPartBuilder#lastIndex	def lastIndex(): Int	
KeepParens	com.badlogic.gdx.graphics.g3d.utils.ModelBuilder#end	def end(): Model	
KeepParens	com.badlogic.gdx.graphics.g3d.utils.ModelBuilder#node()	def node(): Node	
KeepParens	com.badlogic.gdx.graphics.g3d.utils.ShapeCache#begin()	def begin(): MeshPartBuilder	
KeepParens	com.badlogic.gdx.graphics.g3d.utils.TextureDescriptor#hashCode	def hashCode(): Int	
KeepParens	com.badlogic.gdx.graphics.glutils.ETC1$ETC1Data#hasPKMHeader	def hasPKMHeader(): Boolean	
KeepParens	com.badlogic.gdx.graphics.glutils.ETC1$ETC1Data#toString	def toString(): String	
KeepParens	com.badlogic.gdx.graphics.glutils.ETC1TextureData#consumePixmap	def consumePixmap(): Pixmap	
KeepParens	com.badlogic.gdx.graphics.glutils.FacedCubemapData#isComplete	def isComplete(): Boolean	
KeepParens	com.badlogic.gdx.graphics.glutils.FileTextureData#consumePixmap	def consumePixmap(): Pixmap	
KeepParens	com.badlogic.gdx.graphics.glutils.FileTextureData#toString	def toString(): String	
KeepParens	com.badlogic.gdx.graphics.glutils.FloatTextureData#consumePixmap	def consumePixmap(): Pixmap	
KeepParens	com.badlogic.gdx.graphics.glutils.FrameBufferCubemap#nextSide	def nextSide(): Boolean	
KeepParens	com.badlogic.gdx.graphics.glutils.GLFrameBuffer$FloatFrameBufferBuilder#build	def build(): FloatFrameBuffer	
KeepParens	com.badlogic.gdx.graphics.glutils.GLFrameBuffer$FrameBufferBuilder#build	def build(): FrameBuffer	
KeepParens	com.badlogic.gdx.graphics.glutils.GLFrameBuffer$FrameBufferCubemapBuilder#build	def build(): FrameBufferCubemap	
KeepParens	com.badlogic.gdx.graphics.glutils.GLFrameBuffer$FrameBufferTextureAttachmentSpec#isColorTexture	def isColorTexture(): Boolean	
KeepParens	com.badlogic.gdx.graphics.glutils.GLFrameBuffer$GLFrameBufferBuilder#addBasicDepthRenderBuffer	def addBasicDepthRenderBuffer(): GLFrameBufferBuilder[$0]	
KeepParens	com.badlogic.gdx.graphics.glutils.GLFrameBuffer$GLFrameBufferBuilder#addBasicStencilDepthPackedRenderBuffer	def addBasicStencilDepthPackedRenderBuffer(): GLFrameBufferBuilder[$0]	
KeepParens	com.badlogic.gdx.graphics.glutils.GLFrameBuffer$GLFrameBufferBuilder#addBasicStencilRenderBuffer	def addBasicStencilRenderBuffer(): GLFrameBufferBuilder[$0]	
KeepParens	com.badlogic.gdx.graphics.glutils.GLFrameBuffer$GLFrameBufferBuilder#build	def build(): $0	
KeepParens	com.badlogic.gdx.graphics.glutils.GLOnlyTextureData#consumePixmap	def consumePixmap(): Pixmap	
KeepParens	com.badlogic.gdx.graphics.glutils.KTXTextureData#consumePixmap	def consumePixmap(): Pixmap	
KeepParens	com.badlogic.gdx.graphics.glutils.MipMapTextureData#consumePixmap	def consumePixmap(): Pixmap	
KeepParens	com.badlogic.gdx.graphics.glutils.PixmapTextureData#consumePixmap	def consumePixmap(): Pixmap	
KeepParens	com.badlogic.gdx.graphics.glutils.ShaderProgram#createProgram	def createProgram(): Int	
KeepParens	com.badlogic.gdx.graphics.profiling.GL20Interceptor#glCreateProgram	def glCreateProgram(): Int	
KeepParens	com.badlogic.gdx.graphics.profiling.GL20Interceptor#glGenBuffer	def glGenBuffer(): Int	
KeepParens	com.badlogic.gdx.graphics.profiling.GL20Interceptor#glGenFramebuffer	def glGenFramebuffer(): Int	
KeepParens	com.badlogic.gdx.graphics.profiling.GL20Interceptor#glGenRenderbuffer	def glGenRenderbuffer(): Int	
KeepParens	com.badlogic.gdx.graphics.profiling.GL20Interceptor#glGenTexture	def glGenTexture(): Int	
KeepParens	com.badlogic.gdx.graphics.profiling.GL20Interceptor#glGetError	def glGetError(): Int	
KeepParens	com.badlogic.gdx.graphics.profiling.GL30Interceptor#glCreateProgram	def glCreateProgram(): Int	
KeepParens	com.badlogic.gdx.graphics.profiling.GL30Interceptor#glGenBuffer	def glGenBuffer(): Int	
KeepParens	com.badlogic.gdx.graphics.profiling.GL30Interceptor#glGenFramebuffer	def glGenFramebuffer(): Int	
KeepParens	com.badlogic.gdx.graphics.profiling.GL30Interceptor#glGenRenderbuffer	def glGenRenderbuffer(): Int	
KeepParens	com.badlogic.gdx.graphics.profiling.GL30Interceptor#glGenTexture	def glGenTexture(): Int	
KeepParens	com.badlogic.gdx.graphics.profiling.GL30Interceptor#glGetError	def glGetError(): Int	
KeepParens	com.badlogic.gdx.graphics.profiling.GL32Interceptor#glGetGraphicsResetStatus	def glGetGraphicsResetStatus(): Int	
KeepParens	com.badlogic.gdx.input.GestureDetector#isLongPressed()	def isLongPressed(): Boolean	
KeepParens	com.badlogic.gdx.input.GestureDetector#isPanning	def isPanning(): Boolean	
KeepParens	com.badlogic.gdx.input.RemoteInput#isConnected	def isConnected(): Boolean	
KeepParens	com.badlogic.gdx.input.RemoteInput#justTouched	def justTouched(): Boolean	
KeepParens	com.badlogic.gdx.input.RemoteSender#isConnected	def isConnected(): Boolean	
KeepParens	com.badlogic.gdx.maps.MapProperties#hashCode	def hashCode(): Int	
KeepParens	com.badlogic.gdx.math.Affine2#det	def det(): Float	
KeepParens	com.badlogic.gdx.math.Affine2#idt	def idt(): Affine2	
KeepParens	com.badlogic.gdx.math.Affine2#inv	def inv(): Affine2	
KeepParens	com.badlogic.gdx.math.Affine2#isIdt	def isIdt(): Boolean	
KeepParens	com.badlogic.gdx.math.Affine2#isTranslation	def isTranslation(): Boolean	
KeepParens	com.badlogic.gdx.math.Circle#area	def area(): Float	
KeepParens	com.badlogic.gdx.math.Circle#circumference	def circumference(): Float	
KeepParens	com.badlogic.gdx.math.Circle#hashCode	def hashCode(): Int	
KeepParens	com.badlogic.gdx.math.CumulativeDistribution#size	def size(): Int	
KeepParens	com.badlogic.gdx.math.CumulativeDistribution#value()	def value(): $0	
KeepParens	com.badlogic.gdx.math.Ellipse#area	def area(): Float	
KeepParens	com.badlogic.gdx.math.Ellipse#circumference	def circumference(): Float	
KeepParens	com.badlogic.gdx.math.Ellipse#hashCode	def hashCode(): Int	
KeepParens	com.badlogic.gdx.math.Matrix3#det	def det(): Float	
KeepParens	com.badlogic.gdx.math.Matrix3#idt	def idt(): Matrix3	
KeepParens	com.badlogic.gdx.math.Matrix3#inv	def inv(): Matrix3	
KeepParens	com.badlogic.gdx.math.Matrix3#transpose	def transpose(): Matrix3	
KeepParens	com.badlogic.gdx.math.Matrix4#cpy	def cpy(): Matrix4	
KeepParens	com.badlogic.gdx.math.Matrix4#det()	def det(): Float	
KeepParens	com.badlogic.gdx.math.Matrix4#det3x3	def det3x3(): Float	
KeepParens	com.badlogic.gdx.math.Matrix4#hasRotationOrScaling	def hasRotationOrScaling(): Boolean	
KeepParens	com.badlogic.gdx.math.Matrix4#idt	def idt(): Matrix4	
KeepParens	com.badlogic.gdx.math.Matrix4#inv()	def inv(): Matrix4	
KeepParens	com.badlogic.gdx.math.Matrix4#toNormalMatrix	def toNormalMatrix(): Matrix4	
KeepParens	com.badlogic.gdx.math.Matrix4#tra	def tra(): Matrix4	
KeepParens	com.badlogic.gdx.math.Polygon#area	def area(): Float	
KeepParens	com.badlogic.gdx.math.Quaternion#conjugate	def conjugate(): Quaternion	
KeepParens	com.badlogic.gdx.math.Quaternion#cpy	def cpy(): Quaternion	
KeepParens	com.badlogic.gdx.math.Quaternion#hashCode	def hashCode(): Int	
KeepParens	com.badlogic.gdx.math.Quaternion#idt	def idt(): Quaternion	
KeepParens	com.badlogic.gdx.math.Quaternion#isIdentity()	def isIdentity(): Boolean	
KeepParens	com.badlogic.gdx.math.Quaternion#len()	def len(): Float	
KeepParens	com.badlogic.gdx.math.Quaternion#len2()	def len2(): Float	
KeepParens	com.badlogic.gdx.math.Quaternion#nor	def nor(): Quaternion	
KeepParens	com.badlogic.gdx.math.Quaternion#toString	def toString(): String	
KeepParens	com.badlogic.gdx.math.RandomXS128#nextBoolean	def nextBoolean(): Boolean	
KeepParens	com.badlogic.gdx.math.RandomXS128#nextDouble	def nextDouble(): Double	
KeepParens	com.badlogic.gdx.math.RandomXS128#nextFloat	def nextFloat(): Float	
KeepParens	com.badlogic.gdx.math.RandomXS128#nextInt()	def nextInt(): Int	
KeepParens	com.badlogic.gdx.math.RandomXS128#nextLong()	def nextLong(): Long	
KeepParens	com.badlogic.gdx.math.Rectangle#area	def area(): Float	
KeepParens	com.badlogic.gdx.math.Rectangle#hashCode	def hashCode(): Int	
KeepParens	com.badlogic.gdx.math.Rectangle#perimeter	def perimeter(): Float	
KeepParens	com.badlogic.gdx.math.Vector#nor	def normalize(): this.type	
KeepParens	com.badlogic.gdx.math.Vector#setToRandomDirection	def setToRandomDirection(): this.type	
KeepParens	com.badlogic.gdx.math.Vector#setZero	def setZero(): this.type	
KeepParens	com.badlogic.gdx.math.Vector2#angleDeg()	def angleDeg(): Float	
KeepParens	com.badlogic.gdx.math.Vector2#angleRad()	def angleRad(): Float	
KeepParens	com.badlogic.gdx.math.Vector2#setToRandomDirection	def setToRandomDirection(): this.type	
KeepParens	com.badlogic.gdx.math.Vector2#setZero	def setZero(): this.type	
KeepParens	com.badlogic.gdx.math.Vector3#hashCode	def hashCode(): Int	
KeepParens	com.badlogic.gdx.math.Vector3#nor	def nor(): this.type	
KeepParens	com.badlogic.gdx.math.Vector3#setToRandomDirection	def setToRandomDirection(): this.type	
KeepParens	com.badlogic.gdx.math.Vector3#setZero	def setZero(): this.type	
KeepParens	com.badlogic.gdx.math.Vector4#hashCode	def hashCode(): Int	
KeepParens	com.badlogic.gdx.math.Vector4#setToRandomDirection	def setToRandomDirection(): this.type	
KeepParens	com.badlogic.gdx.math.Vector4#setZero	def setZero(): this.type	
KeepParens	com.badlogic.gdx.math.WindowedMean#hasEnoughData	def hasEnoughData(): Boolean	
KeepParens	com.badlogic.gdx.math.WindowedMean#standardDeviation	def standardDeviation(): Float	
KeepParens	com.badlogic.gdx.math.collision.BoundingBox#clr	def clr(): BoundingBox	
KeepParens	com.badlogic.gdx.math.collision.BoundingBox#inf	def inf(): BoundingBox	
KeepParens	com.badlogic.gdx.math.collision.BoundingBox#isValid	def isValid(): Boolean	
KeepParens	com.badlogic.gdx.math.collision.BoundingBox#toString	def toString(): String	
KeepParens	com.badlogic.gdx.math.collision.Ray#cpy	def cpy(): Ray	
KeepParens	com.badlogic.gdx.math.collision.Ray#hashCode	def hashCode(): Int	
KeepParens	com.badlogic.gdx.math.collision.Segment#hashCode	def hashCode(): Int	
KeepParens	com.badlogic.gdx.math.collision.Segment#len	def len(): Float	
KeepParens	com.badlogic.gdx.math.collision.Segment#len2	def len2(): Float	
KeepParens	com.badlogic.gdx.math.collision.Sphere#hashCode	def hashCode(): Int	
KeepParens	com.badlogic.gdx.math.collision.Sphere#surfaceArea	def surfaceArea(): Float	
KeepParens	com.badlogic.gdx.math.collision.Sphere#volume	def volume(): Float	
KeepParens	com.badlogic.gdx.scenes.scene2d.Actor#ascendantsVisible	def ascendantsVisible(): Boolean	
KeepParens	com.badlogic.gdx.scenes.scene2d.Actor#clipBegin()	def clipBegin(): Boolean	
KeepParens	com.badlogic.gdx.scenes.scene2d.Actor#debug	def debug(): Actor	
KeepParens	com.badlogic.gdx.scenes.scene2d.Actor#getDebug	def debug(): Actor	
KeepParens	com.badlogic.gdx.scenes.scene2d.Actor#remove	def remove(): Boolean	
KeepParens	com.badlogic.gdx.scenes.scene2d.Group#computeTransform	def computeTransform(): Matrix4	
KeepParens	com.badlogic.gdx.scenes.scene2d.Group#debugAll	def debugAll(): Group	
KeepParens	com.badlogic.gdx.scenes.scene2d.ui.Cell#bottom	def bottom(): Cell[$0]	
KeepParens	com.badlogic.gdx.scenes.scene2d.ui.Cell#center	def center(): Cell[$0]	
KeepParens	com.badlogic.gdx.scenes.scene2d.ui.Cell#clearActor	def clearActor(): Cell[$0]	
KeepParens	com.badlogic.gdx.scenes.scene2d.ui.Cell#expand()	def expand(): Cell[$0]	
KeepParens	com.badlogic.gdx.scenes.scene2d.ui.Cell#expandX	def expandX(): Cell[$0]	
KeepParens	com.badlogic.gdx.scenes.scene2d.ui.Cell#expandY	def expandY(): Cell[$0]	
KeepParens	com.badlogic.gdx.scenes.scene2d.ui.Cell#fill()	def fill(): Cell[$0]	
KeepParens	com.badlogic.gdx.scenes.scene2d.ui.Cell#fillX	def fillX(): Cell[$0]	
KeepParens	com.badlogic.gdx.scenes.scene2d.ui.Cell#fillY	def fillY(): Cell[$0]	
KeepParens	com.badlogic.gdx.scenes.scene2d.ui.Cell#getExpandX	def expandX(): Cell[$0]	
KeepParens	com.badlogic.gdx.scenes.scene2d.ui.Cell#getExpandY	def expandY(): Cell[$0]	
KeepParens	com.badlogic.gdx.scenes.scene2d.ui.Cell#getFillX	def fillX(): Cell[$0]	
KeepParens	com.badlogic.gdx.scenes.scene2d.ui.Cell#getFillY	def fillY(): Cell[$0]	
KeepParens	com.badlogic.gdx.scenes.scene2d.ui.Cell#getRow	def row(): Unit	
KeepParens	com.badlogic.gdx.scenes.scene2d.ui.Cell#getUniformX	def uniformX(): Cell[$0]	
KeepParens	com.badlogic.gdx.scenes.scene2d.ui.Cell#getUniformY	def uniformY(): Cell[$0]	
KeepParens	com.badlogic.gdx.scenes.scene2d.ui.Cell#grow	def grow(): Cell[$0]	
KeepParens	com.badlogic.gdx.scenes.scene2d.ui.Cell#growX	def growX(): Cell[$0]	
KeepParens	com.badlogic.gdx.scenes.scene2d.ui.Cell#growY	def growY(): Cell[$0]	
KeepParens	com.badlogic.gdx.scenes.scene2d.ui.Cell#left	def left(): Cell[$0]	
KeepParens	com.badlogic.gdx.scenes.scene2d.ui.Cell#right	def right(): Cell[$0]	
KeepParens	com.badlogic.gdx.scenes.scene2d.ui.Cell#top	def top(): Cell[$0]	
KeepParens	com.badlogic.gdx.scenes.scene2d.ui.Cell#uniform()	def uniform(): Cell[$0]	
KeepParens	com.badlogic.gdx.scenes.scene2d.ui.Cell#uniformX	def uniformX(): Cell[$0]	
KeepParens	com.badlogic.gdx.scenes.scene2d.ui.Cell#uniformY	def uniformY(): Cell[$0]	
KeepParens	com.badlogic.gdx.scenes.scene2d.ui.CheckBox#newImage	def newImage(): Image	
KeepParens	com.badlogic.gdx.scenes.scene2d.ui.Container#bottom	def bottom(): Container[$0]	
KeepParens	com.badlogic.gdx.scenes.scene2d.ui.Container#center	def center(): Container[$0]	
KeepParens	com.badlogic.gdx.scenes.scene2d.ui.Container#clip()	def clip(): Container[$0]	
KeepParens	com.badlogic.gdx.scenes.scene2d.ui.Container#fill()	def fill(): Container[$0]	
KeepParens	com.badlogic.gdx.scenes.scene2d.ui.Container#fillX	def fillX(): Container[$0]	
KeepParens	com.badlogic.gdx.scenes.scene2d.ui.Container#fillY	def fillY(): Container[$0]	
KeepParens	com.badlogic.gdx.scenes.scene2d.ui.Container#getClip	def clip(): Container[$0]	
KeepParens	com.badlogic.gdx.scenes.scene2d.ui.Container#left	def left(): Container[$0]	
KeepParens	com.badlogic.gdx.scenes.scene2d.ui.HorizontalGroup#bottom	def bottom(): HorizontalGroup	
KeepParens	com.badlogic.gdx.scenes.scene2d.ui.HorizontalGroup#center	def center(): HorizontalGroup	
KeepParens	com.badlogic.gdx.scenes.scene2d.ui.HorizontalGroup#expand()	def expand(): HorizontalGroup	
KeepParens	com.badlogic.gdx.scenes.scene2d.ui.HorizontalGroup#fill()	def fill(): HorizontalGroup	
KeepParens	com.badlogic.gdx.scenes.scene2d.ui.HorizontalGroup#getExpand	def expand(): HorizontalGroup	
KeepParens	com.badlogic.gdx.scenes.scene2d.ui.HorizontalGroup#getReverse	def reverse(): HorizontalGroup	
KeepParens	com.badlogic.gdx.scenes.scene2d.ui.HorizontalGroup#getWrap	def wrap(): HorizontalGroup	
KeepParens	com.badlogic.gdx.scenes.scene2d.ui.HorizontalGroup#getWrapReverse	def wrapReverse(): HorizontalGroup	
KeepParens	com.badlogic.gdx.scenes.scene2d.ui.HorizontalGroup#grow	def grow(): HorizontalGroup	
KeepParens	com.badlogic.gdx.scenes.scene2d.ui.HorizontalGroup#left	def left(): HorizontalGroup	
KeepParens	com.badlogic.gdx.scenes.scene2d.ui.HorizontalGroup#reverse()	def reverse(): HorizontalGroup	
KeepParens	com.badlogic.gdx.scenes.scene2d.ui.HorizontalGroup#rowBottom	def rowBottom(): HorizontalGroup	
KeepParens	com.badlogic.gdx.scenes.scene2d.ui.HorizontalGroup#rowCenter	def rowCenter(): HorizontalGroup	
KeepParens	com.badlogic.gdx.scenes.scene2d.ui.HorizontalGroup#rowLeft	def rowLeft(): HorizontalGroup	
KeepParens	com.badlogic.gdx.scenes.scene2d.ui.HorizontalGroup#rowRight	def rowRight(): HorizontalGroup	
KeepParens	com.badlogic.gdx.scenes.scene2d.ui.HorizontalGroup#rowTop	def rowTop(): HorizontalGroup	
KeepParens	com.badlogic.gdx.scenes.scene2d.ui.HorizontalGroup#wrap()	def wrap(): HorizontalGroup	
KeepParens	com.badlogic.gdx.scenes.scene2d.ui.HorizontalGroup#wrapReverse()	def wrapReverse(): HorizontalGroup	
KeepParens	com.badlogic.gdx.scenes.scene2d.ui.ImageButton#newImage	def newImage(): Image	
KeepParens	com.badlogic.gdx.scenes.scene2d.ui.ImageTextButton#newImage	def newImage(): Image	
KeepParens	com.badlogic.gdx.scenes.scene2d.ui.SelectBox#newScrollPane	def newScrollPane(): SelectBoxScrollPane[$0]	
KeepParens	com.badlogic.gdx.scenes.scene2d.ui.SelectBox$SelectBoxScrollPane#newList	def newList(): SgeList[$0]	
KeepParens	com.badlogic.gdx.scenes.scene2d.ui.Table#add()	def add(): Cell[?]	
KeepParens	com.badlogic.gdx.scenes.scene2d.ui.Table#bottom	def bottom(): Table	
KeepParens	com.badlogic.gdx.scenes.scene2d.ui.Table#center	def center(): Table	
KeepParens	com.badlogic.gdx.scenes.scene2d.ui.Table#clip()	def clip(): Table	
KeepParens	com.badlogic.gdx.scenes.scene2d.ui.Table#debug()	def debug(): Actor	
KeepParens	com.badlogic.gdx.scenes.scene2d.ui.Table#debugActor	def debugActor(): Table	
KeepParens	com.badlogic.gdx.scenes.scene2d.ui.Table#debugAll	def debugAll(): Group	
KeepParens	com.badlogic.gdx.scenes.scene2d.ui.Table#debugCell	def debugCell(): Table	
KeepParens	com.badlogic.gdx.scenes.scene2d.ui.Table#debugTable	def debugTable(): Table	
KeepParens	com.badlogic.gdx.scenes.scene2d.ui.Table#defaults	def defaults(): Cell[?]	
KeepParens	com.badlogic.gdx.scenes.scene2d.ui.Table#getClip	def clip(): Table	
KeepParens	com.badlogic.gdx.scenes.scene2d.ui.Table#left	def left(): Table	
KeepParens	com.badlogic.gdx.scenes.scene2d.ui.Table#row	def row(): Cell[?]	
KeepParens	com.badlogic.gdx.scenes.scene2d.ui.TextArea#createInputListener	def createInputListener(): InputListener	
KeepParens	com.badlogic.gdx.scenes.scene2d.ui.TextArea#newLineAtEnd	def newLineAtEnd(): Boolean	
KeepParens	com.badlogic.gdx.scenes.scene2d.ui.TextField#createInputListener	def createInputListener(): InputListener	
KeepParens	com.badlogic.gdx.scenes.scene2d.ui.Tree$Node#countActors	def countActors(): Int	
KeepParens	com.badlogic.gdx.scenes.scene2d.ui.VerticalGroup#bottom	def bottom(): VerticalGroup	
KeepParens	com.badlogic.gdx.scenes.scene2d.ui.VerticalGroup#center	def center(): VerticalGroup	
KeepParens	com.badlogic.gdx.scenes.scene2d.ui.VerticalGroup#columnBottom	def columnBottom(): VerticalGroup	
KeepParens	com.badlogic.gdx.scenes.scene2d.ui.VerticalGroup#columnCenter	def columnCenter(): VerticalGroup	
KeepParens	com.badlogic.gdx.scenes.scene2d.ui.VerticalGroup#columnLeft	def columnLeft(): VerticalGroup	
KeepParens	com.badlogic.gdx.scenes.scene2d.ui.VerticalGroup#columnRight	def columnRight(): VerticalGroup	
KeepParens	com.badlogic.gdx.scenes.scene2d.ui.VerticalGroup#columnTop	def columnTop(): VerticalGroup	
KeepParens	com.badlogic.gdx.scenes.scene2d.ui.VerticalGroup#expand()	def expand(): VerticalGroup	
KeepParens	com.badlogic.gdx.scenes.scene2d.ui.VerticalGroup#fill()	def fill(): VerticalGroup	
KeepParens	com.badlogic.gdx.scenes.scene2d.ui.VerticalGroup#getExpand	def expand(): VerticalGroup	
KeepParens	com.badlogic.gdx.scenes.scene2d.ui.VerticalGroup#getReverse	def reverse(): VerticalGroup	
KeepParens	com.badlogic.gdx.scenes.scene2d.ui.VerticalGroup#getWrap	def wrap(): VerticalGroup	
KeepParens	com.badlogic.gdx.scenes.scene2d.ui.VerticalGroup#grow	def grow(): VerticalGroup	
KeepParens	com.badlogic.gdx.scenes.scene2d.ui.VerticalGroup#left	def left(): VerticalGroup	
KeepParens	com.badlogic.gdx.scenes.scene2d.ui.VerticalGroup#reverse()	def reverse(): VerticalGroup	
KeepParens	com.badlogic.gdx.scenes.scene2d.ui.VerticalGroup#wrap()	def wrap(): VerticalGroup	
KeepParens	com.badlogic.gdx.scenes.scene2d.utils.ClickListener#inTapSquare()	def inTapSquare(): Boolean	
KeepParens	com.badlogic.gdx.scenes.scene2d.utils.Selection#fireChangeEvent	def fireChangeEvent(): Boolean	
KeepParens	com.badlogic.gdx.utils.BinaryHeap#hashCode	def hashCode(): Int	
KeepParens	com.badlogic.gdx.utils.BinaryHeap#notEmpty	def notEmpty(): Boolean	
KeepParens	com.badlogic.gdx.utils.BinaryHeap#peek	def peek(): $0	
KeepParens	com.badlogic.gdx.utils.BinaryHeap#pop	def pop(): $0	
KeepParens	com.badlogic.gdx.utils.DataInput#readString	def readString(): Nullable[String]	
KeepParens	com.badlogic.gdx.utils.I18NBundle#keys	def keys(): MutableSet[String]	
KeepParens	com.badlogic.gdx.utils.LittleEndianInputStream#readBoolean	def readBoolean(): Boolean	
KeepParens	com.badlogic.gdx.utils.LittleEndianInputStream#readByte	def readByte(): Byte	
KeepParens	com.badlogic.gdx.utils.LittleEndianInputStream#readChar	def readChar(): Char	
KeepParens	com.badlogic.gdx.utils.LittleEndianInputStream#readDouble	def readDouble(): Double	
KeepParens	com.badlogic.gdx.utils.LittleEndianInputStream#readFloat	def readFloat(): Float	
KeepParens	com.badlogic.gdx.utils.LittleEndianInputStream#readInt	def readInt(): Int	
KeepParens	com.badlogic.gdx.utils.LittleEndianInputStream#readLine	def readLine(): String	
KeepParens	com.badlogic.gdx.utils.LittleEndianInputStream#readLong	def readLong(): Long	
KeepParens	com.badlogic.gdx.utils.LittleEndianInputStream#readShort	def readShort(): Short	
KeepParens	com.badlogic.gdx.utils.LittleEndianInputStream#readUTF	def readUTF(): String	
KeepParens	com.badlogic.gdx.utils.LittleEndianInputStream#readUnsignedByte	def readUnsignedByte(): Int	
KeepParens	com.badlogic.gdx.utils.LittleEndianInputStream#readUnsignedShort	def readUnsignedShort(): Int	
KeepParens	com.badlogic.gdx.utils.Pool#newObject	def newObject(): $0	
KeepParens	com.badlogic.gdx.utils.Pool#obtain	def obtain(): $0	
KeepParens	com.badlogic.gdx.utils.XmlReader$Element#toString()	def toString(): String	
NullableMember	com.badlogic.gdx.Audio#switchOutputDevice#deviceIdentifier	Nullable[String]	
NullableMember	com.badlogic.gdx.Game#getScreen	Nullable[Screen]	
NullableMember	com.badlogic.gdx.Game#setScreen#screen	Nullable[Screen]	
NullableMember	com.badlogic.gdx.Graphics#getGL30	Nullable[GL30]	
NullableMember	com.badlogic.gdx.Graphics#getGL31	Nullable[GL31]	
NullableMember	com.badlogic.gdx.Graphics#getGL32	Nullable[GL32]	
NullableMember	com.badlogic.gdx.Graphics#newCursor	Nullable[Cursor]	
NullableMember	com.badlogic.gdx.Input#closeTextInputField(boolean,NativeInputCloseCallback)#callback	Nullable[input.NativeInputConfiguration.NativeInputCloseCallback]	
NullableMember	com.badlogic.gdx.Input$Keys#toString	Nullable[String]	
NullableMember	com.badlogic.gdx.InputEventQueue#drain#processor	Nullable[InputProcessor]	
NullableMember	com.badlogic.gdx.Net$HttpResponse#getHeader	Nullable[String]	
NullableMember	com.badlogic.gdx.assets.AssetDescriptor#file:field	Nullable[FileHandle]	
NullableMember	com.badlogic.gdx.assets.AssetDescriptor#params:field	Nullable[AssetLoaderParameters[$0]]	
NullableMember	com.badlogic.gdx.assets.AssetLoaderParameters#loadedCallback:field	Nullable[AssetLoaderParameters.LoadedCallback]	
NullableMember	com.badlogic.gdx.assets.AssetLoadingTask#asset:field	Nullable[Any]	
NullableMember	com.badlogic.gdx.assets.AssetLoadingTask#dependencies:field	Nullable[DynamicArray[AssetDescriptor[?]]]	
NullableMember	com.badlogic.gdx.assets.AssetLoadingTask#depsFuture:field	Nullable[Future[Unit]]	
NullableMember	com.badlogic.gdx.assets.AssetLoadingTask#loadFuture:field	Nullable[Future[Unit]]	
NullableMember	com.badlogic.gdx.assets.AssetManager#get(AssetDescriptor)	Nullable[$0]	
NullableMember	com.badlogic.gdx.assets.AssetManager#get(String)	Nullable[$0]	
NullableMember	com.badlogic.gdx.assets.AssetManager#get(String,Class)	Nullable[$0]	
NullableMember	com.badlogic.gdx.assets.AssetManager#get(String,boolean)	Nullable[$0]	
NullableMember	com.badlogic.gdx.assets.AssetManager#getAssetFileName	Nullable[String]	
NullableMember	com.badlogic.gdx.assets.AssetManager#getAssetType	Nullable[Class[?]]	
NullableMember	com.badlogic.gdx.assets.AssetManager#getDependencies	Nullable[DynamicArray[String]]	
NullableMember	com.badlogic.gdx.assets.AssetManager#getLoader(Class)	Nullable[AssetLoader[?,  ?]]	
NullableMember	com.badlogic.gdx.assets.AssetManager#getLoader(Class,String)	Nullable[AssetLoader[?,  ?]]	
NullableMember	com.badlogic.gdx.assets.AssetManager#getLoader(Class,String)#fileName	Nullable[String]	
NullableMember	com.badlogic.gdx.assets.AssetManager#load(String,Class,AssetLoaderParameters)#parameter	Nullable[AssetLoaderParameters[$0]]	
NullableMember	com.badlogic.gdx.assets.AssetManager#setErrorListener#listener	Nullable[AssetErrorListener]	
NullableMember	com.badlogic.gdx.assets.AssetManager#setLoader(Class,String,AssetLoader)#suffix	Nullable[String]	
NullableMember	com.badlogic.gdx.assets.loaders.AssetLoader#<init>#resolver	Nullable[FileHandleResolver]	
NullableMember	com.badlogic.gdx.assets.loaders.AsynchronousAssetLoader#<init>#resolver	Nullable[FileHandleResolver]	
NullableMember	com.badlogic.gdx.assets.loaders.BitmapFontLoader$BitmapFontParameter#atlasName:field	Nullable[String]	
NullableMember	com.badlogic.gdx.assets.loaders.BitmapFontLoader$BitmapFontParameter#bitmapFontData:field	Nullable[BitmapFontData]	
NullableMember	com.badlogic.gdx.assets.loaders.CubemapLoader$CubemapLoaderInfo#cubemap:field	Nullable[Cubemap]	
NullableMember	com.badlogic.gdx.assets.loaders.CubemapLoader$CubemapParameter#cubemap:field	Nullable[Cubemap]	
NullableMember	com.badlogic.gdx.assets.loaders.CubemapLoader$CubemapParameter#cubemapData:field	Nullable[CubemapData]	
NullableMember	com.badlogic.gdx.assets.loaders.CubemapLoader$CubemapParameter#format:field	Nullable[Format]	
NullableMember	com.badlogic.gdx.assets.loaders.I18NBundleLoader$I18NBundleParameter#<init>(Locale,String)#encoding	Nullable[String]	
NullableMember	com.badlogic.gdx.assets.loaders.I18NBundleLoader$I18NBundleParameter#<init>(Locale,String)#locale	Nullable[Locale]	
NullableMember	com.badlogic.gdx.assets.loaders.I18NBundleLoader$I18NBundleParameter#encoding:field	Nullable[String]	
NullableMember	com.badlogic.gdx.assets.loaders.I18NBundleLoader$I18NBundleParameter#locale:field	Nullable[Locale]	
NullableMember	com.badlogic.gdx.assets.loaders.ModelLoader#<init>#resolver	Nullable[FileHandleResolver]	
NullableMember	com.badlogic.gdx.assets.loaders.ModelLoader#loadModel(FileHandle)	Nullable[Model]	
NullableMember	com.badlogic.gdx.assets.loaders.ModelLoader#loadModel(FileHandle,P)	Nullable[Model]	
NullableMember	com.badlogic.gdx.assets.loaders.ModelLoader#loadModel(FileHandle,P)#parameters	Nullable[$0]	
NullableMember	com.badlogic.gdx.assets.loaders.ModelLoader#loadModel(FileHandle,TextureProvider)	Nullable[Model]	
NullableMember	com.badlogic.gdx.assets.loaders.ModelLoader#loadModel(FileHandle,TextureProvider,P)	Nullable[Model]	
NullableMember	com.badlogic.gdx.assets.loaders.ModelLoader#loadModel(FileHandle,TextureProvider,P)#parameters	Nullable[$0]	
NullableMember	com.badlogic.gdx.assets.loaders.ModelLoader#loadModelData(FileHandle)	Nullable[ModelData]	
NullableMember	com.badlogic.gdx.assets.loaders.ModelLoader#loadModelData(FileHandle,P)	Nullable[ModelData]	
NullableMember	com.badlogic.gdx.assets.loaders.ModelLoader#loadModelData(FileHandle,P)#parameters	Nullable[$0]	
NullableMember	com.badlogic.gdx.assets.loaders.MusicLoader#getLoadedMusic	Nullable[Music]	
NullableMember	com.badlogic.gdx.assets.loaders.ParticleEffectLoader$ParticleEffectParameter#atlasFile:field	Nullable[String]	
NullableMember	com.badlogic.gdx.assets.loaders.ParticleEffectLoader$ParticleEffectParameter#atlasPrefix:field	Nullable[String]	
NullableMember	com.badlogic.gdx.assets.loaders.ParticleEffectLoader$ParticleEffectParameter#imagesDir:field	Nullable[FileHandle]	
NullableMember	com.badlogic.gdx.assets.loaders.ShaderProgramLoader$ShaderProgramParameter#fragmentFile:field	Nullable[String]	
NullableMember	com.badlogic.gdx.assets.loaders.ShaderProgramLoader$ShaderProgramParameter#prependFragmentCode:field	Nullable[String]	
NullableMember	com.badlogic.gdx.assets.loaders.ShaderProgramLoader$ShaderProgramParameter#prependVertexCode:field	Nullable[String]	
NullableMember	com.badlogic.gdx.assets.loaders.ShaderProgramLoader$ShaderProgramParameter#vertexFile:field	Nullable[String]	
NullableMember	com.badlogic.gdx.assets.loaders.SkinLoader$SkinParameter#<init>(ObjectMap)#resources	Nullable[String]	
NullableMember	com.badlogic.gdx.assets.loaders.SkinLoader$SkinParameter#<init>(String)#textureAtlasPath	Nullable[String]	
NullableMember	com.badlogic.gdx.assets.loaders.SkinLoader$SkinParameter#<init>(String,ObjectMap)#resources	Nullable[mutable.Map[String, Any]]	
NullableMember	com.badlogic.gdx.assets.loaders.SkinLoader$SkinParameter#<init>(String,ObjectMap)#textureAtlasPath	Nullable[String]	
NullableMember	com.badlogic.gdx.assets.loaders.SkinLoader$SkinParameter#resources:field	Nullable[mutable.Map[String, Any]]	
NullableMember	com.badlogic.gdx.assets.loaders.SkinLoader$SkinParameter#textureAtlasPath:field	Nullable[String]	
NullableMember	com.badlogic.gdx.assets.loaders.SoundLoader#getLoadedSound	Nullable[Sound]	
NullableMember	com.badlogic.gdx.assets.loaders.SynchronousAssetLoader#<init>#resolver	Nullable[FileHandleResolver]	
NullableMember	com.badlogic.gdx.assets.loaders.TextureLoader$TextureLoaderInfo#texture:field	Nullable[Texture]	
NullableMember	com.badlogic.gdx.assets.loaders.TextureLoader$TextureParameter#format:field	Nullable[Format]	
NullableMember	com.badlogic.gdx.assets.loaders.TextureLoader$TextureParameter#texture:field	Nullable[Texture]	
NullableMember	com.badlogic.gdx.assets.loaders.TextureLoader$TextureParameter#textureData:field	Nullable[TextureData]	
NullableMember	com.badlogic.gdx.files.FileHandle#readString(String)#charset	Nullable[String]	
NullableMember	com.badlogic.gdx.files.FileHandle#writeString(String,boolean,String)#charset	Nullable[String]	
NullableMember	com.badlogic.gdx.files.FileHandle#writer(boolean,String)#charset	Nullable[String]	
NullableMember	com.badlogic.gdx.graphics.Colors#get	Nullable[Color]	
NullableMember	com.badlogic.gdx.graphics.Colors#put	Nullable[Color]	
NullableMember	com.badlogic.gdx.graphics.Mesh#bind(ShaderProgram,int[],int[])#instanceLocations	Nullable[Array[AttributeLocation]]	
NullableMember	com.badlogic.gdx.graphics.Mesh#bind(ShaderProgram,int[],int[])#locations	Nullable[Array[AttributeLocation]]	
NullableMember	com.badlogic.gdx.graphics.Mesh#calculateRadius(Vector3,int,int,Matrix4)#transform	Nullable[Matrix4]	
NullableMember	com.badlogic.gdx.graphics.Mesh#calculateRadius(float,float,float,int,int,Matrix4)#transform	Nullable[Matrix4]	
NullableMember	com.badlogic.gdx.graphics.Mesh#calculateRadiusSquared#transform	Nullable[Matrix4]	
NullableMember	com.badlogic.gdx.graphics.Mesh#copy(boolean,boolean,int[])#usage	Nullable[Array[Int]]	
NullableMember	com.badlogic.gdx.graphics.Mesh#extendBoundingBox(BoundingBox,int,int,Matrix4)#transform	Nullable[Matrix4]	
NullableMember	com.badlogic.gdx.graphics.Mesh#getInstancedAttributes	Nullable[VertexAttributes]	
NullableMember	com.badlogic.gdx.graphics.Mesh#getVertexAttribute	Nullable[VertexAttribute]	
NullableMember	com.badlogic.gdx.graphics.Mesh#instances:field	Nullable[InstanceData]	
NullableMember	com.badlogic.gdx.graphics.Mesh#unbind(ShaderProgram,int[],int[])#instanceLocations	Nullable[Array[AttributeLocation]]	
NullableMember	com.badlogic.gdx.graphics.Mesh#unbind(ShaderProgram,int[],int[])#locations	Nullable[Array[AttributeLocation]]	
NullableMember	com.badlogic.gdx.graphics.TextureData$Factory#loadFromFile(FileHandle,Format,boolean)#format	Nullable[Format]	
NullableMember	com.badlogic.gdx.graphics.VertexAttributes#findByUsage	Nullable[VertexAttribute]	
NullableMember	com.badlogic.gdx.graphics.g2d.Batch#setShader#shader	Nullable[ShaderProgram]	
NullableMember	com.badlogic.gdx.graphics.g2d.BitmapFont#<init>(BitmapFontData,Array,boolean)#pageRegions	Nullable[DynamicArray[TextureRegion]]	
NullableMember	com.badlogic.gdx.graphics.g2d.BitmapFont#<init>(FileHandle,TextureRegion)#region	Nullable[TextureRegion]	
NullableMember	com.badlogic.gdx.graphics.g2d.BitmapFont#<init>(FileHandle,TextureRegion,boolean)#region	Nullable[TextureRegion]	
NullableMember	com.badlogic.gdx.graphics.g2d.BitmapFont#draw(Batch,CharSequence,float,float,int,int,float,int,boolean,String)#truncate	Nullable[String]	
NullableMember	com.badlogic.gdx.graphics.g2d.BitmapFont$BitmapFontData#<init>(FileHandle,boolean)#fontFile	Nullable[FileHandle]	
NullableMember	com.badlogic.gdx.graphics.g2d.BitmapFont$BitmapFontData#breakChars:field	Nullable[Array[Char]]	
NullableMember	com.badlogic.gdx.graphics.g2d.BitmapFont$BitmapFontData#fontFile:field	Nullable[FileHandle]	
NullableMember	com.badlogic.gdx.graphics.g2d.BitmapFont$BitmapFontData#getFontFile	Nullable[FileHandle]	
NullableMember	com.badlogic.gdx.graphics.g2d.BitmapFont$BitmapFontData#getGlyph	Nullable[BitmapFont.Glyph]	
NullableMember	com.badlogic.gdx.graphics.g2d.BitmapFont$BitmapFontData#getGlyphs#lastGlyph	Nullable[BitmapFont.Glyph]	
NullableMember	com.badlogic.gdx.graphics.g2d.BitmapFont$BitmapFontData#getImagePath	Nullable[String]	
NullableMember	com.badlogic.gdx.graphics.g2d.BitmapFont$BitmapFontData#getImagePaths	Nullable[Array[String]]	
NullableMember	com.badlogic.gdx.graphics.g2d.BitmapFont$BitmapFontData#imagePaths:field	Nullable[Array[String]]	
NullableMember	com.badlogic.gdx.graphics.g2d.BitmapFont$BitmapFontData#missingGlyph:field	Nullable[BitmapFont.Glyph]	
NullableMember	com.badlogic.gdx.graphics.g2d.BitmapFont$BitmapFontData#name:field	Nullable[String]	
NullableMember	com.badlogic.gdx.graphics.g2d.BitmapFont$Glyph#kerning:field	Nullable[Array[Array[Byte]]]	
NullableMember	com.badlogic.gdx.graphics.g2d.BitmapFontCache#addText(CharSequence,float,float,int,int,float,int,boolean,String)#truncate	Nullable[String]	
NullableMember	com.badlogic.gdx.graphics.g2d.BitmapFontCache#setText(CharSequence,float,float,int,int,float,int,boolean,String)#truncate	Nullable[String]	
NullableMember	com.badlogic.gdx.graphics.g2d.CpuSpriteBatch#<init>(int,ShaderProgram)#defaultShader	Nullable[ShaderProgram]	
NullableMember	com.badlogic.gdx.graphics.g2d.DistanceFieldFont#<init>(BitmapFontData,Array,boolean)#pageRegions	Nullable[DynamicArray[TextureRegion]]	
NullableMember	com.badlogic.gdx.graphics.g2d.DistanceFieldFont#<init>(FileHandle,TextureRegion)#region	Nullable[TextureRegion]	
NullableMember	com.badlogic.gdx.graphics.g2d.DistanceFieldFont#<init>(FileHandle,TextureRegion,boolean)#region	Nullable[TextureRegion]	
NullableMember	com.badlogic.gdx.graphics.g2d.GlyphLayout#<init>(BitmapFont,CharSequence,int,int,Color,float,int,boolean,String)#truncate	Nullable[String]	
NullableMember	com.badlogic.gdx.graphics.g2d.GlyphLayout#setText(BitmapFont,CharSequence,int,int,Color,float,int,boolean,String)#truncate	Nullable[String]	
NullableMember	com.badlogic.gdx.graphics.g2d.ParticleEffect#findEmitter	Nullable[ParticleEmitter]	
NullableMember	com.badlogic.gdx.graphics.g2d.ParticleEffect#load(FileHandle,TextureAtlas,String)#atlasPrefix	Nullable[String]	
NullableMember	com.badlogic.gdx.graphics.g2d.ParticleEffect#loadEmitterImages(TextureAtlas,String)#atlasPrefix	Nullable[String]	
NullableMember	com.badlogic.gdx.graphics.g2d.PixmapPacker#getPage	Nullable[PixmapPacker.Page]	
NullableMember	com.badlogic.gdx.graphics.g2d.PixmapPacker#getRect	Nullable[PixmapPacker.PixmapPackerRectangle]	
NullableMember	com.badlogic.gdx.graphics.g2d.PixmapPacker#pack(Pixmap)	Nullable[PixmapPacker.PixmapPackerRectangle]	
NullableMember	com.badlogic.gdx.graphics.g2d.PixmapPacker#pack(String,Pixmap)	Nullable[PixmapPacker.PixmapPackerRectangle]	
NullableMember	com.badlogic.gdx.graphics.g2d.PixmapPacker#pack(String,Pixmap)#name	Nullable[String]	
NullableMember	com.badlogic.gdx.graphics.g2d.PixmapPacker$GuillotineStrategy#pack#name	Nullable[String]	
NullableMember	com.badlogic.gdx.graphics.g2d.PixmapPacker$GuillotineStrategy$Node#leftChild:field	Nullable[Node]	
NullableMember	com.badlogic.gdx.graphics.g2d.PixmapPacker$GuillotineStrategy$Node#rightChild:field	Nullable[Node]	
NullableMember	com.badlogic.gdx.graphics.g2d.PixmapPacker$PackStrategy#pack#name	Nullable[String]	
NullableMember	com.badlogic.gdx.graphics.g2d.PixmapPacker$Page#getTexture	Nullable[Texture]	
NullableMember	com.badlogic.gdx.graphics.g2d.PixmapPacker$Page#texture:field	Nullable[Texture]	
NullableMember	com.badlogic.gdx.graphics.g2d.PixmapPacker$PixmapPackerRectangle#pads:field	Nullable[Array[Int]]	
NullableMember	com.badlogic.gdx.graphics.g2d.PixmapPacker$PixmapPackerRectangle#splits:field	Nullable[Array[Int]]	
NullableMember	com.badlogic.gdx.graphics.g2d.PixmapPacker$SkylineStrategy#pack#name	Nullable[String]	
NullableMember	com.badlogic.gdx.graphics.g2d.PolygonSpriteBatch#<init>(int,int,ShaderProgram)#defaultShader	Nullable[ShaderProgram]	
NullableMember	com.badlogic.gdx.graphics.g2d.PolygonSpriteBatch#setShader#shader	Nullable[ShaderProgram]	
NullableMember	com.badlogic.gdx.graphics.g2d.SpriteBatch#<init>(int,ShaderProgram)#defaultShader	Nullable[ShaderProgram]	
NullableMember	com.badlogic.gdx.graphics.g2d.SpriteBatch#lastTexture:field	Nullable[Texture]	
NullableMember	com.badlogic.gdx.graphics.g2d.SpriteBatch#setShader#shader	Nullable[ShaderProgram]	
NullableMember	com.badlogic.gdx.graphics.g2d.SpriteCache#getCustomShader	Nullable[ShaderProgram]	
NullableMember	com.badlogic.gdx.graphics.g2d.SpriteCache$Cache#counts:field	Nullable[Array[Int]]	
NullableMember	com.badlogic.gdx.graphics.g2d.SpriteCache$Cache#textures:field	Nullable[Array[Texture]]	
NullableMember	com.badlogic.gdx.graphics.g2d.TextureAtlas#createPatch	Nullable[NinePatch]	
NullableMember	com.badlogic.gdx.graphics.g2d.TextureAtlas#createSprite(String)	Nullable[Sprite]	
NullableMember	com.badlogic.gdx.graphics.g2d.TextureAtlas#createSprite(String,int)	Nullable[Sprite]	
NullableMember	com.badlogic.gdx.graphics.g2d.TextureAtlas#findRegion(String)	Nullable[TextureAtlas.AtlasRegion]	
NullableMember	com.badlogic.gdx.graphics.g2d.TextureAtlas#findRegion(String,int)	Nullable[TextureAtlas.AtlasRegion]	
NullableMember	com.badlogic.gdx.graphics.g2d.TextureAtlas$AtlasRegion#findValue	Nullable[Array[Int]]	
NullableMember	com.badlogic.gdx.graphics.g2d.TextureAtlas$AtlasRegion#names:field	Nullable[Array[String]]	
NullableMember	com.badlogic.gdx.graphics.g2d.TextureAtlas$AtlasRegion#values:field	Nullable[Array[Array[Int]]]	
NullableMember	com.badlogic.gdx.graphics.g2d.TextureAtlas$TextureAtlasData$Page#texture:field	Nullable[Texture]	
NullableMember	com.badlogic.gdx.graphics.g2d.TextureAtlas$TextureAtlasData$Page#textureFile:field	Nullable[FileHandle]	
NullableMember	com.badlogic.gdx.graphics.g2d.TextureAtlas$TextureAtlasData$Region#findValue	Nullable[Array[Int]]	
NullableMember	com.badlogic.gdx.graphics.g2d.TextureAtlas$TextureAtlasData$Region#names:field	Nullable[Array[String]]	
NullableMember	com.badlogic.gdx.graphics.g2d.TextureAtlas$TextureAtlasData$Region#values:field	Nullable[Array[Array[Int]]]	
NullableMember	com.badlogic.gdx.graphics.g3d.Attribute#getAttributeAlias	Nullable[String]	
NullableMember	com.badlogic.gdx.graphics.g3d.Attributes#get(long)	Nullable[Attribute]	
NullableMember	com.badlogic.gdx.graphics.g3d.Environment#shadowMap:field	Nullable[ShadowMap]	
NullableMember	com.badlogic.gdx.graphics.g3d.Model#getAnimation(String)	Nullable[Animation]	
NullableMember	com.badlogic.gdx.graphics.g3d.Model#getAnimation(String,boolean)	Nullable[Animation]	
NullableMember	com.badlogic.gdx.graphics.g3d.Model#getMaterial(String)	Nullable[Material]	
NullableMember	com.badlogic.gdx.graphics.g3d.Model#getMaterial(String,boolean)	Nullable[Material]	
NullableMember	com.badlogic.gdx.graphics.g3d.Model#getNode(String)	Nullable[Node]	
NullableMember	com.badlogic.gdx.graphics.g3d.Model#getNode(String,boolean)	Nullable[Node]	
NullableMember	com.badlogic.gdx.graphics.g3d.Model#getNode(String,boolean,boolean)	Nullable[Node]	
NullableMember	com.badlogic.gdx.graphics.g3d.ModelBatch#<init>(RenderContext,ShaderProvider,RenderableSorter)#context	Nullable[RenderContext]	
NullableMember	com.badlogic.gdx.graphics.g3d.ModelBatch#<init>(RenderContext,ShaderProvider,RenderableSorter)#shaderProvider	Nullable[ShaderProvider]	
NullableMember	com.badlogic.gdx.graphics.g3d.ModelBatch#<init>(RenderContext,ShaderProvider,RenderableSorter)#sorter	Nullable[RenderableSorter]	
NullableMember	com.badlogic.gdx.graphics.g3d.ModelBatch#camera:field	Nullable[Camera]	
NullableMember	com.badlogic.gdx.graphics.g3d.ModelBatch#getCamera	Nullable[Camera]	
NullableMember	com.badlogic.gdx.graphics.g3d.ModelCache#begin(Camera)#camera	Nullable[Camera]	
NullableMember	com.badlogic.gdx.graphics.g3d.ModelCache$Sorter#sort#camera	Nullable[Camera]	
NullableMember	com.badlogic.gdx.graphics.g3d.ModelInstance#<init>(Model,Matrix4,Array)#rootNodeIds	Nullable[Seq[String]]	
NullableMember	com.badlogic.gdx.graphics.g3d.ModelInstance#<init>(Model,Matrix4,Array)#transform	Nullable[Matrix4]	
NullableMember	com.badlogic.gdx.graphics.g3d.ModelInstance#<init>(Model,Matrix4,String,boolean,boolean,boolean,boolean)#transform	Nullable[Matrix4]	
NullableMember	com.badlogic.gdx.graphics.g3d.ModelInstance#<init>(Model,Matrix4,String[])#rootNodeIds	Nullable[Seq[String]]	
NullableMember	com.badlogic.gdx.graphics.g3d.ModelInstance#<init>(Model,Matrix4,String[])#transform	Nullable[Matrix4]	
NullableMember	com.badlogic.gdx.graphics.g3d.ModelInstance#<init>(Model,String,boolean)#nodeId	Nullable[Matrix4]	
NullableMember	com.badlogic.gdx.graphics.g3d.ModelInstance#<init>(ModelInstance,Matrix4,boolean)#transform	Nullable[Matrix4]	
NullableMember	com.badlogic.gdx.graphics.g3d.ModelInstance#getAnimation(String)	Nullable[Animation]	
NullableMember	com.badlogic.gdx.graphics.g3d.ModelInstance#getAnimation(String,boolean)	Nullable[Animation]	
NullableMember	com.badlogic.gdx.graphics.g3d.ModelInstance#getMaterial(String)	Nullable[Material]	
NullableMember	com.badlogic.gdx.graphics.g3d.ModelInstance#getMaterial(String,boolean)	Nullable[Material]	
NullableMember	com.badlogic.gdx.graphics.g3d.ModelInstance#getNode(String)	Nullable[Node]	
NullableMember	com.badlogic.gdx.graphics.g3d.ModelInstance#getNode(String,boolean)	Nullable[Node]	
NullableMember	com.badlogic.gdx.graphics.g3d.ModelInstance#getNode(String,boolean,boolean)	Nullable[Node]	
NullableMember	com.badlogic.gdx.graphics.g3d.ModelInstance#userData:field	Nullable[Any]	
NullableMember	com.badlogic.gdx.graphics.g3d.Renderable#bones:field	Nullable[Array[Matrix4]]	
NullableMember	com.badlogic.gdx.graphics.g3d.Renderable#environment:field	Nullable[Environment]	
NullableMember	com.badlogic.gdx.graphics.g3d.Renderable#material:field	Nullable[Material]	
NullableMember	com.badlogic.gdx.graphics.g3d.Renderable#shader:field	Nullable[Shader]	
NullableMember	com.badlogic.gdx.graphics.g3d.Renderable#userData:field	Nullable[Any]	
NullableMember	com.badlogic.gdx.graphics.g3d.decals.CameraGroupStrategy#getGroupShader	Nullable[ShaderProgram]	
NullableMember	com.badlogic.gdx.graphics.g3d.decals.Decal#transformationOffset:field	Nullable[Vector2]	
NullableMember	com.badlogic.gdx.graphics.g3d.decals.DecalBatch#flush(ShaderProgram,int)#shader	Nullable[ShaderProgram]	
NullableMember	com.badlogic.gdx.graphics.g3d.decals.GroupStrategy#getGroupShader	Nullable[ShaderProgram]	
NullableMember	com.badlogic.gdx.graphics.g3d.decals.PluggableGroupStrategy#unPlug	Nullable[GroupPlug]	
NullableMember	com.badlogic.gdx.graphics.g3d.decals.SimpleOrthoGroupStrategy#getGroupShader	Nullable[ShaderProgram]	
NullableMember	com.badlogic.gdx.graphics.g3d.environment.DirectionalLight#set(Color,Vector3)#color	Nullable[Color]	
NullableMember	com.badlogic.gdx.graphics.g3d.environment.DirectionalLight#set(Color,Vector3)#direction	Nullable[Vector3]	
NullableMember	com.badlogic.gdx.graphics.g3d.environment.DirectionalLight#set(Color,float,float,float)#color	Nullable[Color]	
NullableMember	com.badlogic.gdx.graphics.g3d.environment.DirectionalLight#set(float,float,float,Vector3)#direction	Nullable[Vector3]	
NullableMember	com.badlogic.gdx.graphics.g3d.environment.DirectionalShadowLight#fbo:field	Nullable[FrameBuffer]	
NullableMember	com.badlogic.gdx.graphics.g3d.environment.DirectionalShadowLight#getFrameBuffer	Nullable[FrameBuffer]	
NullableMember	com.badlogic.gdx.graphics.g3d.environment.PointLight#set(Color,Vector3,float)#color	Nullable[Color]	
NullableMember	com.badlogic.gdx.graphics.g3d.environment.PointLight#set(Color,Vector3,float)#position	Nullable[Vector3]	
NullableMember	com.badlogic.gdx.graphics.g3d.environment.PointLight#set(Color,float,float,float,float)#color	Nullable[Color]	
NullableMember	com.badlogic.gdx.graphics.g3d.environment.PointLight#set(float,float,float,Vector3,float)#position	Nullable[Vector3]	
NullableMember	com.badlogic.gdx.graphics.g3d.environment.SpotLight#set(Color,Vector3,Vector3,float,float,float)#color	Nullable[Color]	
NullableMember	com.badlogic.gdx.graphics.g3d.environment.SpotLight#set(Color,Vector3,Vector3,float,float,float)#direction	Nullable[Vector3]	
NullableMember	com.badlogic.gdx.graphics.g3d.environment.SpotLight#set(Color,Vector3,Vector3,float,float,float)#position	Nullable[Vector3]	
NullableMember	com.badlogic.gdx.graphics.g3d.environment.SpotLight#set(Color,float,float,float,float,float,float,float,float,float)#color	Nullable[Color]	
NullableMember	com.badlogic.gdx.graphics.g3d.environment.SpotLight#set(float,float,float,Vector3,Vector3,float,float,float)#direction	Nullable[Vector3]	
NullableMember	com.badlogic.gdx.graphics.g3d.environment.SpotLight#set(float,float,float,Vector3,Vector3,float,float,float)#position	Nullable[Vector3]	
NullableMember	com.badlogic.gdx.graphics.g3d.loader.G3dModelLoader#loadModelData	Nullable[ModelData]	
NullableMember	com.badlogic.gdx.graphics.g3d.loader.G3dModelLoader#loadModelData#parameters	Nullable[ModelLoader.ModelParameters]	
NullableMember	com.badlogic.gdx.graphics.g3d.loader.ObjLoader#<init>(FileHandleResolver)#resolver	Nullable[FileHandleResolver]	
NullableMember	com.badlogic.gdx.graphics.g3d.loader.ObjLoader#loadModel	Nullable[Model]	
NullableMember	com.badlogic.gdx.graphics.g3d.loader.ObjLoader#loadModelData(FileHandle,ObjLoaderParameters)	Nullable[ModelData]	
NullableMember	com.badlogic.gdx.graphics.g3d.loader.ObjLoader#loadModelData(FileHandle,ObjLoaderParameters)#parameters	Nullable[ObjLoader.ObjLoaderParameters]	
NullableMember	com.badlogic.gdx.graphics.g3d.loader.ObjLoader#loadModelData(FileHandle,boolean)	Nullable[ModelData]	
NullableMember	com.badlogic.gdx.graphics.g3d.model.MeshPart#<init>(String,Mesh,int,int,int)#id	Nullable[String]	
NullableMember	com.badlogic.gdx.graphics.g3d.model.MeshPart#id:field	Nullable[String]	
NullableMember	com.badlogic.gdx.graphics.g3d.model.MeshPart#set(String,Mesh,int,int,int)#id	Nullable[String]	
NullableMember	com.badlogic.gdx.graphics.g3d.model.Node#getChild(String,boolean,boolean)	Nullable[Node]	
NullableMember	com.badlogic.gdx.graphics.g3d.model.Node#getNode	Nullable[Node]	
NullableMember	com.badlogic.gdx.graphics.g3d.model.Node#getParent	Nullable[Node]	
NullableMember	com.badlogic.gdx.graphics.g3d.model.Node#parent:field	Nullable[Node]	
NullableMember	com.badlogic.gdx.graphics.g3d.model.NodeAnimation#rotation:field	Nullable[DynamicArray[NodeKeyframe[Quaternion]]]	
NullableMember	com.badlogic.gdx.graphics.g3d.model.NodeAnimation#scaling:field	Nullable[DynamicArray[NodeKeyframe[Vector3]]]	
NullableMember	com.badlogic.gdx.graphics.g3d.model.NodeAnimation#translation:field	Nullable[DynamicArray[NodeKeyframe[Vector3]]]	
NullableMember	com.badlogic.gdx.graphics.g3d.model.NodePart#bones:field	Nullable[Array[Matrix4]]	
NullableMember	com.badlogic.gdx.graphics.g3d.model.NodePart#invBoneBindTransforms:field	Nullable[ArrayMap[Node, Matrix4]]	
NullableMember	com.badlogic.gdx.graphics.g3d.model.data.ModelNodeKeyframe#value:field	Nullable[$0]	
NullableMember	com.badlogic.gdx.graphics.g3d.particles.ParallelArray#addChannel(ChannelDescriptor,ChannelInitializer)#initializer	Nullable[ChannelInitializer[$0]]	
NullableMember	com.badlogic.gdx.graphics.g3d.particles.ParallelArray#getChannel	Nullable[$0]	
NullableMember	com.badlogic.gdx.graphics.g3d.particles.ParticleController#boundingBox:field	Nullable[BoundingBox]	
NullableMember	com.badlogic.gdx.graphics.g3d.particles.ParticleEffect#findController	Nullable[ParticleController]	
NullableMember	com.badlogic.gdx.graphics.g3d.particles.ParticleEffectLoader$ParticleEffectLoadParameter#batches:field	Nullable[DynamicArray[ParticleBatch[?]]]	
NullableMember	com.badlogic.gdx.graphics.g3d.particles.ParticleEffectLoader$ParticleEffectSaveParameter#<init>(FileHandle,AssetManager,Array)#batches	Nullable[DynamicArray[ParticleBatch[?]]]	
NullableMember	com.badlogic.gdx.graphics.g3d.particles.ParticleEffectLoader$ParticleEffectSaveParameter#batches:field	Nullable[DynamicArray[ParticleBatch[?]]]	
NullableMember	com.badlogic.gdx.graphics.g3d.particles.ParticleShader#currentMaterial:field	Nullable[Material]	
NullableMember	com.badlogic.gdx.graphics.g3d.particles.ParticleShader$Config#fragmentShader:field	Nullable[String]	
NullableMember	com.badlogic.gdx.graphics.g3d.particles.ParticleShader$Config#vertexShader:field	Nullable[String]	
NullableMember	com.badlogic.gdx.graphics.g3d.particles.ResourceData#getSaveData(String)	Nullable[SaveData]	
NullableMember	com.badlogic.gdx.graphics.g3d.particles.ResourceData#resource:field	Nullable[$0]	
NullableMember	com.badlogic.gdx.graphics.g3d.particles.ResourceData$SaveData#load	Nullable[$0]	
NullableMember	com.badlogic.gdx.graphics.g3d.particles.ResourceData$SaveData#loadAsset	Nullable[AssetDescriptor[?]]	
NullableMember	com.badlogic.gdx.graphics.g3d.particles.ResourceData$SaveData#resources:field	Nullable[ResourceData[?]]	
NullableMember	com.badlogic.gdx.graphics.g3d.particles.batches.BillboardParticleBatch#<init>(AlignMode,boolean,int,BlendingAttribute,DepthTestAttribute)#blendingAttribute	Nullable[BlendingAttribute]	
NullableMember	com.badlogic.gdx.graphics.g3d.particles.batches.BillboardParticleBatch#<init>(AlignMode,boolean,int,BlendingAttribute,DepthTestAttribute)#depthTestAttribute	Nullable[DepthTestAttribute]	
NullableMember	com.badlogic.gdx.graphics.g3d.particles.batches.BillboardParticleBatch#shader:field	Nullable[Shader]	
NullableMember	com.badlogic.gdx.graphics.g3d.particles.batches.PointSpriteParticleBatch#<init>(int,Config,BlendingAttribute,DepthTestAttribute)#blendingAttribute	Nullable[BlendingAttribute]	
NullableMember	com.badlogic.gdx.graphics.g3d.particles.batches.PointSpriteParticleBatch#<init>(int,Config,BlendingAttribute,DepthTestAttribute)#depthTestAttribute	Nullable[DepthTestAttribute]	
NullableMember	com.badlogic.gdx.graphics.g3d.particles.batches.PointSpriteParticleBatch#<init>(int,Config,BlendingAttribute,DepthTestAttribute)#shaderConfig	Nullable[ParticleShader.Config]	
NullableMember	com.badlogic.gdx.graphics.g3d.particles.batches.PointSpriteParticleBatch#getTexture	Nullable[Texture]	
NullableMember	com.badlogic.gdx.graphics.g3d.particles.influencers.RegionInfluencer#atlasName:field	Nullable[String]	
NullableMember	com.badlogic.gdx.graphics.g3d.particles.influencers.RegionInfluencer#setAtlasName#atlasName	Nullable[String]	
NullableMember	com.badlogic.gdx.graphics.g3d.particles.influencers.RegionInfluencer$AspectTextureRegion#imageName:field	Nullable[String]	
NullableMember	com.badlogic.gdx.graphics.g3d.particles.renderers.ParticleControllerRenderer#renderData:field	Nullable[$0]	
NullableMember	com.badlogic.gdx.graphics.g3d.particles.values.MeshSpawnShapeValue#mesh:field	Nullable[Mesh]	
NullableMember	com.badlogic.gdx.graphics.g3d.particles.values.MeshSpawnShapeValue#model:field	Nullable[Model]	
NullableMember	com.badlogic.gdx.graphics.g3d.particles.values.MeshSpawnShapeValue#setMesh(Mesh,Model)#model	Nullable[Model]	
NullableMember	com.badlogic.gdx.graphics.g3d.particles.values.UnweightedMeshSpawnShapeValue#setMesh#model	Nullable[Model]	
NullableMember	com.badlogic.gdx.graphics.g3d.shaders.BaseShader#camera:field	Nullable[Camera]	
NullableMember	com.badlogic.gdx.graphics.g3d.shaders.BaseShader#context:field	Nullable[RenderContext]	
NullableMember	com.badlogic.gdx.graphics.g3d.shaders.BaseShader#program:field	Nullable[ShaderProgram]	
NullableMember	com.badlogic.gdx.graphics.g3d.shaders.BaseShader#register(String,Validator,Setter)#setter	Nullable[BaseShader.Setter]	
NullableMember	com.badlogic.gdx.graphics.g3d.shaders.BaseShader#register(String,Validator,Setter)#validator	Nullable[BaseShader.Validator]	
NullableMember	com.badlogic.gdx.graphics.g3d.shaders.BaseShader#register(Uniform,Setter)#setter	Nullable[BaseShader.Setter]	
NullableMember	com.badlogic.gdx.graphics.g3d.shaders.DefaultShader$Config#fragmentShader:field	Nullable[String]	
NullableMember	com.badlogic.gdx.graphics.g3d.shaders.DefaultShader$Config#vertexShader:field	Nullable[String]	
NullableMember	com.badlogic.gdx.graphics.g3d.utils.AnimationController#action(Animation,float,float,int,float,AnimationListener,float)	Nullable[AnimationDesc]	
NullableMember	com.badlogic.gdx.graphics.g3d.utils.AnimationController#action(Animation,float,float,int,float,AnimationListener,float)#listener	Nullable[AnimationListener]	
NullableMember	com.badlogic.gdx.graphics.g3d.utils.AnimationController#action(AnimationDesc,float)	Nullable[AnimationDesc]	
NullableMember	com.badlogic.gdx.graphics.g3d.utils.AnimationController#action(AnimationDesc,float)#anim	Nullable[AnimationDesc]	
NullableMember	com.badlogic.gdx.graphics.g3d.utils.AnimationController#action(String,float,float,int,float,AnimationListener,float)	Nullable[AnimationDesc]	
NullableMember	com.badlogic.gdx.graphics.g3d.utils.AnimationController#action(String,float,float,int,float,AnimationListener,float)#listener	Nullable[AnimationListener]	
NullableMember	com.badlogic.gdx.graphics.g3d.utils.AnimationController#action(String,int,float,AnimationListener,float)	Nullable[AnimationDesc]	
NullableMember	com.badlogic.gdx.graphics.g3d.utils.AnimationController#action(String,int,float,AnimationListener,float)#listener	Nullable[AnimationListener]	
NullableMember	com.badlogic.gdx.graphics.g3d.utils.AnimationController#animate(Animation,float,float,int,float,AnimationListener,float)	Nullable[AnimationDesc]	
NullableMember	com.badlogic.gdx.graphics.g3d.utils.AnimationController#animate(Animation,float,float,int,float,AnimationListener,float)#listener	Nullable[AnimationListener]	
NullableMember	com.badlogic.gdx.graphics.g3d.utils.AnimationController#animate(AnimationDesc,float)	Nullable[AnimationDesc]	
NullableMember	com.badlogic.gdx.graphics.g3d.utils.AnimationController#animate(AnimationDesc,float)#anim	Nullable[AnimationDesc]	
NullableMember	com.badlogic.gdx.graphics.g3d.utils.AnimationController#animate(String,AnimationListener,float)	Nullable[AnimationDesc]	
NullableMember	com.badlogic.gdx.graphics.g3d.utils.AnimationController#animate(String,AnimationListener,float)#listener	Nullable[AnimationListener]	
NullableMember	com.badlogic.gdx.graphics.g3d.utils.AnimationController#animate(String,float)	Nullable[AnimationDesc]	
NullableMember	com.badlogic.gdx.graphics.g3d.utils.AnimationController#animate(String,float,float,int,float,AnimationListener,float)	Nullable[AnimationDesc]	
NullableMember	com.badlogic.gdx.graphics.g3d.utils.AnimationController#animate(String,float,float,int,float,AnimationListener,float)#listener	Nullable[AnimationListener]	
NullableMember	com.badlogic.gdx.graphics.g3d.utils.AnimationController#animate(String,int,AnimationListener,float)	Nullable[AnimationDesc]	
NullableMember	com.badlogic.gdx.graphics.g3d.utils.AnimationController#animate(String,int,AnimationListener,float)#listener	Nullable[AnimationListener]	
NullableMember	com.badlogic.gdx.graphics.g3d.utils.AnimationController#animate(String,int,float,AnimationListener,float)	Nullable[AnimationDesc]	
NullableMember	com.badlogic.gdx.graphics.g3d.utils.AnimationController#animate(String,int,float,AnimationListener,float)#listener	Nullable[AnimationListener]	
NullableMember	com.badlogic.gdx.graphics.g3d.utils.AnimationController#current:field	Nullable[AnimationDesc]	
NullableMember	com.badlogic.gdx.graphics.g3d.utils.AnimationController#previous:field	Nullable[AnimationDesc]	
NullableMember	com.badlogic.gdx.graphics.g3d.utils.AnimationController#queue(Animation,float,float,int,float,AnimationListener,float)	Nullable[AnimationDesc]	
NullableMember	com.badlogic.gdx.graphics.g3d.utils.AnimationController#queue(Animation,float,float,int,float,AnimationListener,float)#listener	Nullable[AnimationListener]	
NullableMember	com.badlogic.gdx.graphics.g3d.utils.AnimationController#queue(AnimationDesc,float)	Nullable[AnimationDesc]	
NullableMember	com.badlogic.gdx.graphics.g3d.utils.AnimationController#queue(AnimationDesc,float)#anim	Nullable[AnimationDesc]	
NullableMember	com.badlogic.gdx.graphics.g3d.utils.AnimationController#queue(String,float,float,int,float,AnimationListener,float)	Nullable[AnimationDesc]	
NullableMember	com.badlogic.gdx.graphics.g3d.utils.AnimationController#queue(String,float,float,int,float,AnimationListener,float)#listener	Nullable[AnimationListener]	
NullableMember	com.badlogic.gdx.graphics.g3d.utils.AnimationController#queue(String,int,float,AnimationListener,float)	Nullable[AnimationDesc]	
NullableMember	com.badlogic.gdx.graphics.g3d.utils.AnimationController#queue(String,int,float,AnimationListener,float)#listener	Nullable[AnimationListener]	
NullableMember	com.badlogic.gdx.graphics.g3d.utils.AnimationController#queued:field	Nullable[AnimationDesc]	
NullableMember	com.badlogic.gdx.graphics.g3d.utils.AnimationController#setAnimation(Animation,float,float,int,float,AnimationListener)	Nullable[AnimationDesc]	
NullableMember	com.badlogic.gdx.graphics.g3d.utils.AnimationController#setAnimation(Animation,float,float,int,float,AnimationListener)#listener	Nullable[AnimationListener]	
NullableMember	com.badlogic.gdx.graphics.g3d.utils.AnimationController#setAnimation(AnimationDesc)	Nullable[AnimationDesc]	
NullableMember	com.badlogic.gdx.graphics.g3d.utils.AnimationController#setAnimation(AnimationDesc)#anim	Nullable[AnimationDesc]	
NullableMember	com.badlogic.gdx.graphics.g3d.utils.AnimationController#setAnimation(String)	Nullable[AnimationDesc]	
NullableMember	com.badlogic.gdx.graphics.g3d.utils.AnimationController#setAnimation(String,AnimationListener)	Nullable[AnimationDesc]	
NullableMember	com.badlogic.gdx.graphics.g3d.utils.AnimationController#setAnimation(String,AnimationListener)#listener	Nullable[AnimationListener]	
NullableMember	com.badlogic.gdx.graphics.g3d.utils.AnimationController#setAnimation(String,float,float,int,float,AnimationListener)	Nullable[AnimationDesc]	
NullableMember	com.badlogic.gdx.graphics.g3d.utils.AnimationController#setAnimation(String,float,float,int,float,AnimationListener)#listener	Nullable[AnimationListener]	
NullableMember	com.badlogic.gdx.graphics.g3d.utils.AnimationController#setAnimation(String,int)	Nullable[AnimationDesc]	
NullableMember	com.badlogic.gdx.graphics.g3d.utils.AnimationController#setAnimation(String,int,AnimationListener)	Nullable[AnimationDesc]	
NullableMember	com.badlogic.gdx.graphics.g3d.utils.AnimationController#setAnimation(String,int,AnimationListener)#listener	Nullable[AnimationListener]	
NullableMember	com.badlogic.gdx.graphics.g3d.utils.AnimationController#setAnimation(String,int,float,AnimationListener)	Nullable[AnimationDesc]	
NullableMember	com.badlogic.gdx.graphics.g3d.utils.AnimationController#setAnimation(String,int,float,AnimationListener)#listener	Nullable[AnimationListener]	
NullableMember	com.badlogic.gdx.graphics.g3d.utils.AnimationController$AnimationDesc#animation:field	Nullable[Animation]	
NullableMember	com.badlogic.gdx.graphics.g3d.utils.AnimationController$AnimationDesc#listener:field	Nullable[AnimationListener]	
NullableMember	com.badlogic.gdx.graphics.g3d.utils.BaseAnimationController#applyAnimation(ObjectMap,Pool,float,Animation,float)#out	Nullable[mutable.Map[Node, Transform]]	
NullableMember	com.badlogic.gdx.graphics.g3d.utils.BaseAnimationController#applyAnimation(ObjectMap,Pool,float,Animation,float)#pool	Nullable[Pool[Transform]]	
NullableMember	com.badlogic.gdx.graphics.g3d.utils.BaseAnimationController#applyAnimations#anim1	Nullable[Animation]	
NullableMember	com.badlogic.gdx.graphics.g3d.utils.BaseAnimationController#applyAnimations#anim2	Nullable[Animation]	
NullableMember	com.badlogic.gdx.graphics.g3d.utils.DefaultRenderableSorter#sort#camera	Nullable[Camera]	
NullableMember	com.badlogic.gdx.graphics.g3d.utils.MeshBuilder#attributes:field	Nullable[VertexAttributes]	
NullableMember	com.badlogic.gdx.graphics.g3d.utils.MeshBuilder#part:field	Nullable[MeshPart]	
NullableMember	com.badlogic.gdx.graphics.g3d.utils.MeshBuilder#setColor(Color)#color	Nullable[Color]	
NullableMember	com.badlogic.gdx.graphics.g3d.utils.MeshBuilder#setUVRange(TextureRegion)#region	Nullable[TextureRegion]	
NullableMember	com.badlogic.gdx.graphics.g3d.utils.MeshBuilder#setVertexTransform#transform	Nullable[Matrix4]	
NullableMember	com.badlogic.gdx.graphics.g3d.utils.MeshBuilder#vertex(Vector3,Vector3,Color,Vector2)#col	Nullable[Color]	
NullableMember	com.badlogic.gdx.graphics.g3d.utils.MeshBuilder#vertex(Vector3,Vector3,Color,Vector2)#nor	Nullable[Vector3]	
NullableMember	com.badlogic.gdx.graphics.g3d.utils.MeshBuilder#vertex(Vector3,Vector3,Color,Vector2)#uv	Nullable[Vector2]	
NullableMember	com.badlogic.gdx.graphics.g3d.utils.MeshPartBuilder#setColor(Color)#color	Nullable[Color]	
NullableMember	com.badlogic.gdx.graphics.g3d.utils.MeshPartBuilder#setUVRange(TextureRegion)#r	Nullable[TextureRegion]	
NullableMember	com.badlogic.gdx.graphics.g3d.utils.MeshPartBuilder#setVertexTransform#transform	Nullable[Matrix4]	
NullableMember	com.badlogic.gdx.graphics.g3d.utils.MeshPartBuilder#vertex(Vector3,Vector3,Color,Vector2)#col	Nullable[Color]	
NullableMember	com.badlogic.gdx.graphics.g3d.utils.MeshPartBuilder#vertex(Vector3,Vector3,Color,Vector2)#nor	Nullable[Vector3]	
NullableMember	com.badlogic.gdx.graphics.g3d.utils.MeshPartBuilder#vertex(Vector3,Vector3,Color,Vector2)#uv	Nullable[Vector2]	
NullableMember	com.badlogic.gdx.graphics.g3d.utils.MeshPartBuilder$VertexInfo#set(Vector3,Vector3,Color,Vector2)#col	Nullable[Color]	
NullableMember	com.badlogic.gdx.graphics.g3d.utils.MeshPartBuilder$VertexInfo#set(Vector3,Vector3,Color,Vector2)#nor	Nullable[Vector3]	
NullableMember	com.badlogic.gdx.graphics.g3d.utils.MeshPartBuilder$VertexInfo#set(Vector3,Vector3,Color,Vector2)#pos	Nullable[Vector3]	
NullableMember	com.badlogic.gdx.graphics.g3d.utils.MeshPartBuilder$VertexInfo#set(Vector3,Vector3,Color,Vector2)#uv	Nullable[Vector2]	
NullableMember	com.badlogic.gdx.graphics.g3d.utils.MeshPartBuilder$VertexInfo#set(VertexInfo)#other	Nullable[VertexInfo]	
NullableMember	com.badlogic.gdx.graphics.g3d.utils.MeshPartBuilder$VertexInfo#setCol(Color)#col	Nullable[Color]	
NullableMember	com.badlogic.gdx.graphics.g3d.utils.MeshPartBuilder$VertexInfo#setNor(Vector3)#nor	Nullable[Vector3]	
NullableMember	com.badlogic.gdx.graphics.g3d.utils.MeshPartBuilder$VertexInfo#setPos(Vector3)#pos	Nullable[Vector3]	
NullableMember	com.badlogic.gdx.graphics.g3d.utils.MeshPartBuilder$VertexInfo#setUV(Vector2)#uv	Nullable[Vector2]	
NullableMember	com.badlogic.gdx.graphics.g3d.utils.ModelBuilder#model:field	Nullable[Model]	
NullableMember	com.badlogic.gdx.graphics.g3d.utils.RenderableSorter#sort#camera	Nullable[Camera]	
NullableMember	com.badlogic.gdx.graphics.g3d.utils.TextureDescriptor#<init>(T,TextureFilter,TextureFilter,TextureWrap,TextureWrap)#magFilter	Nullable[TextureFilter]	
NullableMember	com.badlogic.gdx.graphics.g3d.utils.TextureDescriptor#<init>(T,TextureFilter,TextureFilter,TextureWrap,TextureWrap)#minFilter	Nullable[TextureFilter]	
NullableMember	com.badlogic.gdx.graphics.g3d.utils.TextureDescriptor#<init>(T,TextureFilter,TextureFilter,TextureWrap,TextureWrap)#uWrap	Nullable[TextureWrap]	
NullableMember	com.badlogic.gdx.graphics.g3d.utils.TextureDescriptor#<init>(T,TextureFilter,TextureFilter,TextureWrap,TextureWrap)#vWrap	Nullable[TextureWrap]	
NullableMember	com.badlogic.gdx.graphics.g3d.utils.TextureDescriptor#magFilter:field	Nullable[TextureFilter]	
NullableMember	com.badlogic.gdx.graphics.g3d.utils.TextureDescriptor#minFilter:field	Nullable[TextureFilter]	
NullableMember	com.badlogic.gdx.graphics.g3d.utils.TextureDescriptor#set(T,TextureFilter,TextureFilter,TextureWrap,TextureWrap)#magFilter	Nullable[TextureFilter]	
NullableMember	com.badlogic.gdx.graphics.g3d.utils.TextureDescriptor#set(T,TextureFilter,TextureFilter,TextureWrap,TextureWrap)#minFilter	Nullable[TextureFilter]	
NullableMember	com.badlogic.gdx.graphics.g3d.utils.TextureDescriptor#set(T,TextureFilter,TextureFilter,TextureWrap,TextureWrap)#uWrap	Nullable[TextureWrap]	
NullableMember	com.badlogic.gdx.graphics.g3d.utils.TextureDescriptor#set(T,TextureFilter,TextureFilter,TextureWrap,TextureWrap)#vWrap	Nullable[TextureWrap]	
NullableMember	com.badlogic.gdx.graphics.g3d.utils.TextureDescriptor#texture:field	Nullable[$0]	
NullableMember	com.badlogic.gdx.graphics.g3d.utils.TextureDescriptor#uWrap:field	Nullable[TextureWrap]	
NullableMember	com.badlogic.gdx.graphics.g3d.utils.TextureDescriptor#vWrap:field	Nullable[TextureWrap]	
NullableMember	com.badlogic.gdx.graphics.glutils.ETC1TextureData#<init>(FileHandle,boolean)#file	Nullable[FileHandle]	
NullableMember	com.badlogic.gdx.graphics.glutils.ETC1TextureData#file:field	Nullable[FileHandle]	
NullableMember	com.badlogic.gdx.graphics.glutils.FacedCubemapData#<init>(Pixmap,Pixmap,Pixmap,Pixmap,Pixmap,Pixmap)#negativeX	Nullable[Pixmap]	
NullableMember	com.badlogic.gdx.graphics.glutils.FacedCubemapData#<init>(Pixmap,Pixmap,Pixmap,Pixmap,Pixmap,Pixmap)#negativeY	Nullable[Pixmap]	
NullableMember	com.badlogic.gdx.graphics.glutils.FacedCubemapData#<init>(Pixmap,Pixmap,Pixmap,Pixmap,Pixmap,Pixmap)#negativeZ	Nullable[Pixmap]	
NullableMember	com.badlogic.gdx.graphics.glutils.FacedCubemapData#<init>(Pixmap,Pixmap,Pixmap,Pixmap,Pixmap,Pixmap)#positiveX	Nullable[Pixmap]	
NullableMember	com.badlogic.gdx.graphics.glutils.FacedCubemapData#<init>(Pixmap,Pixmap,Pixmap,Pixmap,Pixmap,Pixmap)#positiveY	Nullable[Pixmap]	
NullableMember	com.badlogic.gdx.graphics.glutils.FacedCubemapData#<init>(Pixmap,Pixmap,Pixmap,Pixmap,Pixmap,Pixmap)#positiveZ	Nullable[Pixmap]	
NullableMember	com.badlogic.gdx.graphics.glutils.FacedCubemapData#<init>(Pixmap,Pixmap,Pixmap,Pixmap,Pixmap,Pixmap,boolean)#negativeX	Nullable[Pixmap]	
NullableMember	com.badlogic.gdx.graphics.glutils.FacedCubemapData#<init>(Pixmap,Pixmap,Pixmap,Pixmap,Pixmap,Pixmap,boolean)#negativeY	Nullable[Pixmap]	
NullableMember	com.badlogic.gdx.graphics.glutils.FacedCubemapData#<init>(Pixmap,Pixmap,Pixmap,Pixmap,Pixmap,Pixmap,boolean)#negativeZ	Nullable[Pixmap]	
NullableMember	com.badlogic.gdx.graphics.glutils.FacedCubemapData#<init>(Pixmap,Pixmap,Pixmap,Pixmap,Pixmap,Pixmap,boolean)#positiveX	Nullable[Pixmap]	
NullableMember	com.badlogic.gdx.graphics.glutils.FacedCubemapData#<init>(Pixmap,Pixmap,Pixmap,Pixmap,Pixmap,Pixmap,boolean)#positiveY	Nullable[Pixmap]	
NullableMember	com.badlogic.gdx.graphics.glutils.FacedCubemapData#<init>(Pixmap,Pixmap,Pixmap,Pixmap,Pixmap,Pixmap,boolean)#positiveZ	Nullable[Pixmap]	
NullableMember	com.badlogic.gdx.graphics.glutils.FacedCubemapData#getTextureData	Nullable[TextureData]	
NullableMember	com.badlogic.gdx.graphics.glutils.FacedCubemapData#load(CubemapSide,Pixmap)#pixmap	Nullable[Pixmap]	
NullableMember	com.badlogic.gdx.graphics.glutils.FileTextureData#<init>#format	Nullable[Format]	
NullableMember	com.badlogic.gdx.graphics.glutils.FileTextureData#<init>#preloadedPixmap	Nullable[Pixmap]	
NullableMember	com.badlogic.gdx.graphics.glutils.FloatTextureData#getBuffer	Nullable[FloatBuffer]	
NullableMember	com.badlogic.gdx.graphics.glutils.FrameBufferCubemap#getSide	Nullable[Cubemap.CubemapSide]	
NullableMember	com.badlogic.gdx.graphics.glutils.InstanceBufferObject#bind(ShaderProgram,int[])#locations	Nullable[Array[AttributeLocation]]	
NullableMember	com.badlogic.gdx.graphics.glutils.InstanceBufferObject#unbind(ShaderProgram,int[])#locations	Nullable[Array[AttributeLocation]]	
NullableMember	com.badlogic.gdx.graphics.glutils.InstanceBufferObjectSubData#bind(ShaderProgram,int[])#locations	Nullable[Array[AttributeLocation]]	
NullableMember	com.badlogic.gdx.graphics.glutils.InstanceBufferObjectSubData#unbind(ShaderProgram,int[])#locations	Nullable[Array[AttributeLocation]]	
NullableMember	com.badlogic.gdx.graphics.glutils.InstanceData#bind(ShaderProgram,int[])#locations	Nullable[Array[AttributeLocation]]	
NullableMember	com.badlogic.gdx.graphics.glutils.InstanceData#unbind(ShaderProgram,int[])#locations	Nullable[Array[AttributeLocation]]	
NullableMember	com.badlogic.gdx.graphics.glutils.KTXTextureData#getData	Nullable[ByteBuffer]	
NullableMember	com.badlogic.gdx.graphics.glutils.PixmapTextureData#<init>(Pixmap,Format,boolean,boolean,boolean)#format	Nullable[Format]	
NullableMember	com.badlogic.gdx.graphics.glutils.ShapeRenderer#<init>(int,ShaderProgram)#defaultShader	Nullable[ShaderProgram]	
NullableMember	com.badlogic.gdx.graphics.glutils.ShapeRenderer#getCurrentType	Nullable[ShapeType]	
NullableMember	com.badlogic.gdx.graphics.glutils.VertexArray#bind(ShaderProgram,int[])#locations	Nullable[Array[AttributeLocation]]	
NullableMember	com.badlogic.gdx.graphics.glutils.VertexArray#unbind(ShaderProgram,int[])#locations	Nullable[Array[AttributeLocation]]	
NullableMember	com.badlogic.gdx.graphics.glutils.VertexBufferObject#bind(ShaderProgram,int[])#locations	Nullable[Array[AttributeLocation]]	
NullableMember	com.badlogic.gdx.graphics.glutils.VertexBufferObject#unbind(ShaderProgram,int[])#locations	Nullable[Array[AttributeLocation]]	
NullableMember	com.badlogic.gdx.graphics.glutils.VertexBufferObjectSubData#bind(ShaderProgram,int[])#locations	Nullable[Array[AttributeLocation]]	
NullableMember	com.badlogic.gdx.graphics.glutils.VertexBufferObjectSubData#unbind(ShaderProgram,int[])#locations	Nullable[Array[AttributeLocation]]	
NullableMember	com.badlogic.gdx.graphics.glutils.VertexBufferObjectWithVAO#bind(ShaderProgram,int[])#locations	Nullable[Array[AttributeLocation]]	
NullableMember	com.badlogic.gdx.graphics.glutils.VertexBufferObjectWithVAO#unbind(ShaderProgram,int[])#locations	Nullable[Array[AttributeLocation]]	
NullableMember	com.badlogic.gdx.graphics.glutils.VertexData#bind(ShaderProgram,int[])#locations	Nullable[Array[AttributeLocation]]	
NullableMember	com.badlogic.gdx.graphics.glutils.VertexData#unbind(ShaderProgram,int[])#locations	Nullable[Array[AttributeLocation]]	
NullableMember	com.badlogic.gdx.input.NativeInputConfiguration#autoComplete:field	Nullable[Array[String]]	
NullableMember	com.badlogic.gdx.input.NativeInputConfiguration#getAutoComplete	Nullable[Array[String]]	
NullableMember	com.badlogic.gdx.input.NativeInputConfiguration#setAutoComplete#autoComplete	Nullable[Array[String]]	
NullableMember	com.badlogic.gdx.input.RemoteInput#<init>(int,RemoteInputListener)#listener	Option[RemoteInputListener]	
NullableMember	com.badlogic.gdx.input.RemoteInput#processor:field	Nullable[InputProcessor]	
NullableMember	com.badlogic.gdx.input.RemoteInput$EventTrigger#<init>#keyEvent	Nullable[KeyEvent]	
NullableMember	com.badlogic.gdx.input.RemoteInput$EventTrigger#<init>#touchEvent	Nullable[TouchEvent]	
NullableMember	com.badlogic.gdx.maps.ImageResolver#getImage	Nullable[TextureRegion]	
NullableMember	com.badlogic.gdx.maps.ImageResolver$AssetManagerImageResolver#getImage	Nullable[TextureRegion]	
NullableMember	com.badlogic.gdx.maps.ImageResolver$DirectImageResolver#getImage	Nullable[TextureRegion]	
NullableMember	com.badlogic.gdx.maps.ImageResolver$TextureAtlasImageResolver#getImage	Nullable[TextureRegion]	
NullableMember	com.badlogic.gdx.maps.MapLayer#getParent	Nullable[MapLayer]	
NullableMember	com.badlogic.gdx.maps.MapLayer#setParent#parent	Nullable[MapLayer]	
NullableMember	com.badlogic.gdx.maps.MapLayers#get(String)	Nullable[MapLayer]	
NullableMember	com.badlogic.gdx.maps.MapObjects#get(String)	Nullable[MapObject]	
NullableMember	com.badlogic.gdx.maps.MapProperties#get(String)	Nullable[Any]	
NullableMember	com.badlogic.gdx.maps.objects.TextureMapObject#<init>(TextureRegion)#textureRegion	Nullable[TextureRegion]	
NullableMember	com.badlogic.gdx.maps.objects.TextureMapObject#getTextureRegion	Nullable[TextureRegion]	
NullableMember	com.badlogic.gdx.maps.objects.TextureMapObject#setTextureRegion#region	Nullable[TextureRegion]	
NullableMember	com.badlogic.gdx.maps.objects.TextureMapObject#textureRegion:field	Nullable[TextureRegion]	
NullableMember	com.badlogic.gdx.maps.tiled.BaseTiledMapLoader#castProperty#type	Nullable[String]	
NullableMember	com.badlogic.gdx.maps.tiled.BaseTiledMapLoader#getIdToObject	Nullable[mutable.HashMap[Int, MapObject]]	
NullableMember	com.badlogic.gdx.maps.tiled.BaseTiledMapLoader#loadBasicProperty#type	Nullable[String]	
NullableMember	com.badlogic.gdx.maps.tiled.BaseTiledMapLoader#loadJsonClassProperties#classElement	Nullable[Json]	
NullableMember	com.badlogic.gdx.maps.tiled.BaseTiledMapLoader#loadMapPropertiesClassDefaults#className	Nullable[String]	
NullableMember	com.badlogic.gdx.maps.tiled.BaseTiledMapLoader#loadProjectFile#projectFilePath	Nullable[String]	
NullableMember	com.badlogic.gdx.maps.tiled.BaseTiledMapLoader#projectClassInfo:field	Nullable[ObjectMap[String, DynamicArray[BaseTiledMapLoader.ProjectClassMember]]]	
NullableMember	com.badlogic.gdx.maps.tiled.BaseTiledMapLoader$Parameters#projectFilePath:field	Nullable[String]	
NullableMember	com.badlogic.gdx.maps.tiled.BaseTiledMapLoader$ProjectClassMember#defaultValue:field	Nullable[Json]	
NullableMember	com.badlogic.gdx.maps.tiled.BaseTiledMapLoader$ProjectClassMember#propertyType:field	Nullable[String]	
NullableMember	com.badlogic.gdx.maps.tiled.BaseTmjMapLoader#createAnimatedTile	Nullable[AnimatedTiledMapTile]	
NullableMember	com.badlogic.gdx.maps.tiled.BaseTmjMapLoader#root:field	Nullable[TmjMapJson]	
NullableMember	com.badlogic.gdx.maps.tiled.BaseTmxMapLoader#createAnimatedTile	Nullable[AnimatedTiledMapTile]	
NullableMember	com.badlogic.gdx.maps.tiled.BaseTmxMapLoader#loadClassProperties#classElement	Nullable[XmlReader.Element]	
NullableMember	com.badlogic.gdx.maps.tiled.BaseTmxMapLoader#mergeProperties#parentProps	Nullable[XmlReader.Element]	
NullableMember	com.badlogic.gdx.maps.tiled.BaseTmxMapLoader#mergeProperties#templateProps	Nullable[XmlReader.Element]	
NullableMember	com.badlogic.gdx.maps.tiled.BaseTmxMapLoader#root:field	Nullable[XmlReader.Element]	
NullableMember	com.badlogic.gdx.maps.tiled.TiledMapTileLayer#getCell	Nullable[TiledMapTileLayer.Cell]	
NullableMember	com.badlogic.gdx.maps.tiled.TiledMapTileLayer#setCell#cell	Nullable[TiledMapTileLayer.Cell]	
NullableMember	com.badlogic.gdx.maps.tiled.TiledMapTileLayer$Cell#getTile	Nullable[TiledMapTile]	
NullableMember	com.badlogic.gdx.maps.tiled.TiledMapTileLayer$Cell#setTile#tile	Nullable[TiledMapTile]	
NullableMember	com.badlogic.gdx.maps.tiled.TiledMapTileLayer$Cell#tile:field	Nullable[TiledMapTile]	
NullableMember	com.badlogic.gdx.maps.tiled.TiledMapTileSet#getTile	Nullable[TiledMapTile]	
NullableMember	com.badlogic.gdx.maps.tiled.TiledMapTileSets#getTile	Nullable[TiledMapTile]	
NullableMember	com.badlogic.gdx.maps.tiled.TiledMapTileSets#getTileSet(String)	Nullable[TiledMapTileSet]	
NullableMember	com.badlogic.gdx.math.FloatCounter#mean:field	Option[WindowedMean]	
NullableMember	com.badlogic.gdx.math.Intersector#intersectLinePlane#intersection	Nullable[Vector3]	
NullableMember	com.badlogic.gdx.math.Intersector#intersectLines(Vector2,Vector2,Vector2,Vector2,Vector2)#intersection	Nullable[Vector2]	
NullableMember	com.badlogic.gdx.math.Intersector#intersectLines(float,float,float,float,float,float,float,float,Vector2)#intersection	Nullable[Vector2]	
NullableMember	com.badlogic.gdx.math.Intersector#intersectPolygons(Polygon,Polygon,Polygon)#overlap	Nullable[Polygon]	
NullableMember	com.badlogic.gdx.math.Intersector#intersectRayBounds#intersection	Nullable[Vector3]	
NullableMember	com.badlogic.gdx.math.Intersector#intersectRayOrientedBounds(Ray,BoundingBox,Matrix4,Vector3)#intersection	Nullable[Vector3]	
NullableMember	com.badlogic.gdx.math.Intersector#intersectRayOrientedBounds(Ray,OrientedBoundingBox,Vector3)#intersection	Nullable[Vector3]	
NullableMember	com.badlogic.gdx.math.Intersector#intersectRayPlane#intersection	Nullable[Vector3]	
NullableMember	com.badlogic.gdx.math.Intersector#intersectRaySphere#intersection	Nullable[Vector3]	
NullableMember	com.badlogic.gdx.math.Intersector#intersectRayTriangle#intersection	Nullable[Vector3]	
NullableMember	com.badlogic.gdx.math.Intersector#intersectRayTriangles(Ray,List,Vector3)#intersection	Nullable[Vector3]	
NullableMember	com.badlogic.gdx.math.Intersector#intersectRayTriangles(Ray,float[],Vector3)#intersection	Nullable[Vector3]	
NullableMember	com.badlogic.gdx.math.Intersector#intersectRayTriangles(Ray,float[],short[],int,Vector3)#intersection	Nullable[Vector3]	
NullableMember	com.badlogic.gdx.math.Intersector#intersectSegmentCircle(Vector2,Vector2,Circle,MinimumTranslationVector)#mtv	Nullable[MinimumTranslationVector]	
NullableMember	com.badlogic.gdx.math.Intersector#intersectSegments(Vector2,Vector2,Vector2,Vector2,Vector2)#intersection	Nullable[Vector2]	
NullableMember	com.badlogic.gdx.math.Intersector#intersectSegments(float,float,float,float,float,float,float,float,Vector2)#intersection	Nullable[Vector2]	
NullableMember	com.badlogic.gdx.math.Intersector#overlapConvexPolygons(Polygon,Polygon,MinimumTranslationVector)#mtv	Nullable[MinimumTranslationVector]	
NullableMember	com.badlogic.gdx.math.Intersector#overlapConvexPolygons(float[],float[],MinimumTranslationVector)#mtv	Nullable[MinimumTranslationVector]	
NullableMember	com.badlogic.gdx.math.Intersector#overlapConvexPolygons(float[],int,int,float[],int,int,MinimumTranslationVector)#mtv	Nullable[MinimumTranslationVector]	
NullableMember	com.badlogic.gdx.net.NetJavaServerSocketImpl#<init>(Protocol,String,int,ServerSocketHints)#hostname	Nullable[String]	
NullableMember	com.badlogic.gdx.scenes.scene2d.Action#actor:field	Nullable[Actor]	
NullableMember	com.badlogic.gdx.scenes.scene2d.Action#getActor	Nullable[Actor]	
NullableMember	com.badlogic.gdx.scenes.scene2d.Action#getPool	Nullable[Pool[?]]	
NullableMember	com.badlogic.gdx.scenes.scene2d.Action#getTarget	Nullable[Actor]	
NullableMember	com.badlogic.gdx.scenes.scene2d.Action#pool:field	Nullable[Pool[?]]	
NullableMember	com.badlogic.gdx.scenes.scene2d.Action#setActor#actor	Nullable[Actor]	
NullableMember	com.badlogic.gdx.scenes.scene2d.Action#setPool#pool	Nullable[Pool[?]]	
NullableMember	com.badlogic.gdx.scenes.scene2d.Action#setTarget#target	Nullable[Actor]	
NullableMember	com.badlogic.gdx.scenes.scene2d.Action#target:field	Nullable[Actor]	
NullableMember	com.badlogic.gdx.scenes.scene2d.Actor#getName	Nullable[String]	
NullableMember	com.badlogic.gdx.scenes.scene2d.Actor#getParent	Nullable[Group]	
NullableMember	com.badlogic.gdx.scenes.scene2d.Actor#getStage	Nullable[Stage]	
NullableMember	com.badlogic.gdx.scenes.scene2d.Actor#getUserObject	Nullable[AnyRef]	
NullableMember	com.badlogic.gdx.scenes.scene2d.Actor#hit	Nullable[Actor]	
NullableMember	com.badlogic.gdx.scenes.scene2d.Actor#localToAscendantCoordinates#ascendant	Nullable[Actor]	
NullableMember	com.badlogic.gdx.scenes.scene2d.Actor#name:field	Nullable[String]	
NullableMember	com.badlogic.gdx.scenes.scene2d.Actor#parent:field	Nullable[Group]	
NullableMember	com.badlogic.gdx.scenes.scene2d.Actor#removeAction#action	Nullable[Action]	
NullableMember	com.badlogic.gdx.scenes.scene2d.Actor#setName#name	Nullable[String]	
NullableMember	com.badlogic.gdx.scenes.scene2d.Actor#setParent#parent	Nullable[Group]	
NullableMember	com.badlogic.gdx.scenes.scene2d.Actor#setStage#stage	Nullable[Stage]	
NullableMember	com.badlogic.gdx.scenes.scene2d.Actor#setUserObject#userObject	Nullable[AnyRef]	
NullableMember	com.badlogic.gdx.scenes.scene2d.Actor#stage:field	Nullable[Stage]	
NullableMember	com.badlogic.gdx.scenes.scene2d.Actor#userObject:field	Nullable[AnyRef]	
NullableMember	com.badlogic.gdx.scenes.scene2d.Event#getListenerActor	Nullable[Actor]	
NullableMember	com.badlogic.gdx.scenes.scene2d.Event#getStage	Nullable[Stage]	
NullableMember	com.badlogic.gdx.scenes.scene2d.Event#getTarget	Nullable[Actor]	
NullableMember	com.badlogic.gdx.scenes.scene2d.Event#listenerActor:field	Nullable[Actor]	
NullableMember	com.badlogic.gdx.scenes.scene2d.Event#setListenerActor#listenerActor	Nullable[Actor]	
NullableMember	com.badlogic.gdx.scenes.scene2d.Event#setStage#stage	Nullable[Stage]	
NullableMember	com.badlogic.gdx.scenes.scene2d.Event#setTarget#targetActor	Nullable[Actor]	
NullableMember	com.badlogic.gdx.scenes.scene2d.Event#stage:field	Nullable[Stage]	
NullableMember	com.badlogic.gdx.scenes.scene2d.Group#findActor	Nullable[$0]	
NullableMember	com.badlogic.gdx.scenes.scene2d.Group#getCullingArea	Nullable[Rectangle]	
NullableMember	com.badlogic.gdx.scenes.scene2d.Group#hit	Nullable[Actor]	
NullableMember	com.badlogic.gdx.scenes.scene2d.Group#setCullingArea#cullingArea	Nullable[Rectangle]	
NullableMember	com.badlogic.gdx.scenes.scene2d.Group#setStage#stage	Nullable[Stage]	
NullableMember	com.badlogic.gdx.scenes.scene2d.InputEvent#getRelatedActor	Nullable[Actor]	
NullableMember	com.badlogic.gdx.scenes.scene2d.InputEvent#relatedActor:field	Nullable[Actor]	
NullableMember	com.badlogic.gdx.scenes.scene2d.InputEvent#setRelatedActor#relatedActor	Nullable[Actor]	
NullableMember	com.badlogic.gdx.scenes.scene2d.InputListener#enter#fromActor	Nullable[Actor]	
NullableMember	com.badlogic.gdx.scenes.scene2d.InputListener#exit#toActor	Nullable[Actor]	
NullableMember	com.badlogic.gdx.scenes.scene2d.Stage#cancelTouchFocusExcept#exceptActor	Nullable[Actor]	
NullableMember	com.badlogic.gdx.scenes.scene2d.Stage#cancelTouchFocusExcept#exceptListener	Nullable[EventListener]	
NullableMember	com.badlogic.gdx.scenes.scene2d.Stage#getKeyboardFocus	Nullable[Actor]	
NullableMember	com.badlogic.gdx.scenes.scene2d.Stage#getScrollFocus	Nullable[Actor]	
NullableMember	com.badlogic.gdx.scenes.scene2d.Stage#hit	Nullable[Actor]	
NullableMember	com.badlogic.gdx.scenes.scene2d.Stage#setDebugTableUnderMouse(Debug)#debugTableUnderMouse	Nullable[Table.Debug]	
NullableMember	com.badlogic.gdx.scenes.scene2d.Stage#setKeyboardFocus#actor	Nullable[Actor]	
NullableMember	com.badlogic.gdx.scenes.scene2d.Stage#setScrollFocus#actor	Nullable[Actor]	
NullableMember	com.badlogic.gdx.scenes.scene2d.Stage$TouchFocus#listener:field	Nullable[EventListener]	
NullableMember	com.badlogic.gdx.scenes.scene2d.Stage$TouchFocus#listenerActor:field	Nullable[Actor]	
NullableMember	com.badlogic.gdx.scenes.scene2d.Stage$TouchFocus#target:field	Nullable[Actor]	
NullableMember	com.badlogic.gdx.scenes.scene2d.actions.Actions#alpha(float,float,Interpolation)#interpolation	Nullable[Interpolation]	
NullableMember	com.badlogic.gdx.scenes.scene2d.actions.Actions#color(Color,float,Interpolation)#interpolation	Nullable[Interpolation]	
NullableMember	com.badlogic.gdx.scenes.scene2d.actions.Actions#fadeIn(float,Interpolation)#interpolation	Nullable[Interpolation]	
NullableMember	com.badlogic.gdx.scenes.scene2d.actions.Actions#fadeOut(float,Interpolation)#interpolation	Nullable[Interpolation]	
NullableMember	com.badlogic.gdx.scenes.scene2d.actions.Actions#moveBy(float,float,float,Interpolation)#interpolation	Nullable[Interpolation]	
NullableMember	com.badlogic.gdx.scenes.scene2d.actions.Actions#moveTo(float,float,float,Interpolation)#interpolation	Nullable[Interpolation]	
NullableMember	com.badlogic.gdx.scenes.scene2d.actions.Actions#moveToAligned(float,float,int,float,Interpolation)#interpolation	Nullable[Interpolation]	
NullableMember	com.badlogic.gdx.scenes.scene2d.actions.Actions#rotateBy(float,float,Interpolation)#interpolation	Nullable[Interpolation]	
NullableMember	com.badlogic.gdx.scenes.scene2d.actions.Actions#rotateTo(float,float,Interpolation)#interpolation	Nullable[Interpolation]	
NullableMember	com.badlogic.gdx.scenes.scene2d.actions.Actions#scaleBy(float,float,float,Interpolation)#interpolation	Nullable[Interpolation]	
NullableMember	com.badlogic.gdx.scenes.scene2d.actions.Actions#scaleTo(float,float,float,Interpolation)#interpolation	Nullable[Interpolation]	
NullableMember	com.badlogic.gdx.scenes.scene2d.actions.Actions#sizeBy(float,float,float,Interpolation)#interpolation	Nullable[Interpolation]	
NullableMember	com.badlogic.gdx.scenes.scene2d.actions.Actions#sizeTo(float,float,float,Interpolation)#interpolation	Nullable[Interpolation]	
NullableMember	com.badlogic.gdx.scenes.scene2d.actions.AddListenerAction#getListener	Nullable[EventListener]	
NullableMember	com.badlogic.gdx.scenes.scene2d.actions.AddListenerAction#listener:field	Nullable[EventListener]	
NullableMember	com.badlogic.gdx.scenes.scene2d.actions.AddListenerAction#setListener#listener	Nullable[EventListener]	
NullableMember	com.badlogic.gdx.scenes.scene2d.actions.AfterAction#setTarget#target	Nullable[Actor]	
NullableMember	com.badlogic.gdx.scenes.scene2d.actions.AlphaAction#color:field	Nullable[Color]	
NullableMember	com.badlogic.gdx.scenes.scene2d.actions.AlphaAction#getColor	Nullable[Color]	
NullableMember	com.badlogic.gdx.scenes.scene2d.actions.AlphaAction#setColor#color	Nullable[Color]	
NullableMember	com.badlogic.gdx.scenes.scene2d.actions.ColorAction#color:field	Nullable[Color]	
NullableMember	com.badlogic.gdx.scenes.scene2d.actions.ColorAction#getColor	Nullable[Color]	
NullableMember	com.badlogic.gdx.scenes.scene2d.actions.ColorAction#setColor#color	Nullable[Color]	
NullableMember	com.badlogic.gdx.scenes.scene2d.actions.DelegateAction#action:field	Nullable[Action]	
NullableMember	com.badlogic.gdx.scenes.scene2d.actions.DelegateAction#getAction	Nullable[Action]	
NullableMember	com.badlogic.gdx.scenes.scene2d.actions.DelegateAction#setAction#action	Nullable[Action]	
NullableMember	com.badlogic.gdx.scenes.scene2d.actions.DelegateAction#setActor#actor	Nullable[Actor]	
NullableMember	com.badlogic.gdx.scenes.scene2d.actions.DelegateAction#setTarget#target	Nullable[Actor]	
NullableMember	com.badlogic.gdx.scenes.scene2d.actions.EventAction#setTarget#newTarget	Nullable[Actor]	
NullableMember	com.badlogic.gdx.scenes.scene2d.actions.FloatAction#<init>(float,float,float,Interpolation)#interpolation	Nullable[Interpolation]	
NullableMember	com.badlogic.gdx.scenes.scene2d.actions.IntAction#<init>(int,int,float,Interpolation)#interpolation	Nullable[Interpolation]	
NullableMember	com.badlogic.gdx.scenes.scene2d.actions.LayoutAction#setTarget#actor	Nullable[Actor]	
NullableMember	com.badlogic.gdx.scenes.scene2d.actions.ParallelAction#setActor#actor	Nullable[Actor]	
NullableMember	com.badlogic.gdx.scenes.scene2d.actions.RemoveListenerAction#getListener	Nullable[EventListener]	
NullableMember	com.badlogic.gdx.scenes.scene2d.actions.RemoveListenerAction#listener:field	Nullable[EventListener]	
NullableMember	com.badlogic.gdx.scenes.scene2d.actions.RemoveListenerAction#setListener#listener	Nullable[EventListener]	
NullableMember	com.badlogic.gdx.scenes.scene2d.actions.RunnableAction#getRunnable	Nullable[Runnable]	
NullableMember	com.badlogic.gdx.scenes.scene2d.actions.RunnableAction#runnable:field	Nullable[Runnable]	
NullableMember	com.badlogic.gdx.scenes.scene2d.actions.RunnableAction#setRunnable#runnable	Nullable[Runnable]	
NullableMember	com.badlogic.gdx.scenes.scene2d.actions.TemporalAction#<init>(float,Interpolation)#interpolation	Nullable[Interpolation]	
NullableMember	com.badlogic.gdx.scenes.scene2d.actions.TemporalAction#getInterpolation	Nullable[Interpolation]	
NullableMember	com.badlogic.gdx.scenes.scene2d.actions.TemporalAction#interpolation:field	Nullable[Interpolation]	
NullableMember	com.badlogic.gdx.scenes.scene2d.actions.TemporalAction#setInterpolation#interpolation	Nullable[Interpolation]	
NullableMember	com.badlogic.gdx.scenes.scene2d.ui.Button#<init>(Drawable)#up	Nullable[Drawable]	
NullableMember	com.badlogic.gdx.scenes.scene2d.ui.Button#<init>(Drawable,Drawable)#down	Nullable[Drawable]	
NullableMember	com.badlogic.gdx.scenes.scene2d.ui.Button#<init>(Drawable,Drawable)#up	Nullable[Drawable]	
NullableMember	com.badlogic.gdx.scenes.scene2d.ui.Button#<init>(Drawable,Drawable,Drawable)#checked	Nullable[Drawable]	
NullableMember	com.badlogic.gdx.scenes.scene2d.ui.Button#<init>(Drawable,Drawable,Drawable)#down	Nullable[Drawable]	
NullableMember	com.badlogic.gdx.scenes.scene2d.ui.Button#<init>(Drawable,Drawable,Drawable)#up	Nullable[Drawable]	
NullableMember	com.badlogic.gdx.scenes.scene2d.ui.Button#buttonGroup:field	Nullable[ButtonGroup[?]]	
NullableMember	com.badlogic.gdx.scenes.scene2d.ui.Button#getBackgroundDrawable	Nullable[Drawable]	
NullableMember	com.badlogic.gdx.scenes.scene2d.ui.Button#getButtonGroup	Nullable[ButtonGroup[?]]	
NullableMember	com.badlogic.gdx.scenes.scene2d.ui.Button$ButtonStyle#<init>(Drawable,Drawable,Drawable)#checked	Nullable[Drawable]	
NullableMember	com.badlogic.gdx.scenes.scene2d.ui.Button$ButtonStyle#<init>(Drawable,Drawable,Drawable)#down	Nullable[Drawable]	
NullableMember	com.badlogic.gdx.scenes.scene2d.ui.Button$ButtonStyle#<init>(Drawable,Drawable,Drawable)#up	Nullable[Drawable]	
NullableMember	com.badlogic.gdx.scenes.scene2d.ui.Button$ButtonStyle#checked:field	Nullable[Drawable]	
NullableMember	com.badlogic.gdx.scenes.scene2d.ui.Button$ButtonStyle#checkedDown:field	Nullable[Drawable]	
NullableMember	com.badlogic.gdx.scenes.scene2d.ui.Button$ButtonStyle#checkedFocused:field	Nullable[Drawable]	
NullableMember	com.badlogic.gdx.scenes.scene2d.ui.Button$ButtonStyle#checkedOver:field	Nullable[Drawable]	
NullableMember	com.badlogic.gdx.scenes.scene2d.ui.Button$ButtonStyle#disabled:field	Nullable[Drawable]	
NullableMember	com.badlogic.gdx.scenes.scene2d.ui.Button$ButtonStyle#down:field	Nullable[Drawable]	
NullableMember	com.badlogic.gdx.scenes.scene2d.ui.Button$ButtonStyle#focused:field	Nullable[Drawable]	
NullableMember	com.badlogic.gdx.scenes.scene2d.ui.Button$ButtonStyle#over:field	Nullable[Drawable]	
NullableMember	com.badlogic.gdx.scenes.scene2d.ui.Button$ButtonStyle#up:field	Nullable[Drawable]	
NullableMember	com.badlogic.gdx.scenes.scene2d.ui.ButtonGroup#getChecked	Nullable[$0]	
NullableMember	com.badlogic.gdx.scenes.scene2d.ui.Cell#actor:field	Nullable[Actor]	
NullableMember	com.badlogic.gdx.scenes.scene2d.ui.Cell#align:field	Nullable[Align]	
NullableMember	com.badlogic.gdx.scenes.scene2d.ui.Cell#colspan:field	Nullable[Int]	
NullableMember	com.badlogic.gdx.scenes.scene2d.ui.Cell#defaults	Nullable[Cell[?]]	
NullableMember	com.badlogic.gdx.scenes.scene2d.ui.Cell#expandX:field	Nullable[Int]	
NullableMember	com.badlogic.gdx.scenes.scene2d.ui.Cell#expandY:field	Nullable[Int]	
NullableMember	com.badlogic.gdx.scenes.scene2d.ui.Cell#fillX:field	Nullable[Float]	
NullableMember	com.badlogic.gdx.scenes.scene2d.ui.Cell#fillY:field	Nullable[Float]	
NullableMember	com.badlogic.gdx.scenes.scene2d.ui.Cell#getActor	Nullable[$0]	
NullableMember	com.badlogic.gdx.scenes.scene2d.ui.Cell#getAlign	Nullable[Align]	
NullableMember	com.badlogic.gdx.scenes.scene2d.ui.Cell#getColspan	Nullable[Int]	
NullableMember	com.badlogic.gdx.scenes.scene2d.ui.Cell#getTable	Nullable[Table]	
NullableMember	com.badlogic.gdx.scenes.scene2d.ui.Cell#maxHeight:field	Nullable[Value]	
NullableMember	com.badlogic.gdx.scenes.scene2d.ui.Cell#maxWidth:field	Nullable[Value]	
NullableMember	com.badlogic.gdx.scenes.scene2d.ui.Cell#merge#cell	Nullable[Cell[?]]	
NullableMember	com.badlogic.gdx.scenes.scene2d.ui.Cell#minHeight:field	Nullable[Value]	
NullableMember	com.badlogic.gdx.scenes.scene2d.ui.Cell#minWidth:field	Nullable[Value]	
NullableMember	com.badlogic.gdx.scenes.scene2d.ui.Cell#padBottom:field	Nullable[Value]	
NullableMember	com.badlogic.gdx.scenes.scene2d.ui.Cell#padLeft:field	Nullable[Value]	
NullableMember	com.badlogic.gdx.scenes.scene2d.ui.Cell#padRight:field	Nullable[Value]	
NullableMember	com.badlogic.gdx.scenes.scene2d.ui.Cell#padTop:field	Nullable[Value]	
NullableMember	com.badlogic.gdx.scenes.scene2d.ui.Cell#prefHeight:field	Nullable[Value]	
NullableMember	com.badlogic.gdx.scenes.scene2d.ui.Cell#prefWidth:field	Nullable[Value]	
NullableMember	com.badlogic.gdx.scenes.scene2d.ui.Cell#setActor#newActor	Nullable[$1]	
NullableMember	com.badlogic.gdx.scenes.scene2d.ui.Cell#spaceBottom:field	Nullable[Value]	
NullableMember	com.badlogic.gdx.scenes.scene2d.ui.Cell#spaceLeft:field	Nullable[Value]	
NullableMember	com.badlogic.gdx.scenes.scene2d.ui.Cell#spaceRight:field	Nullable[Value]	
NullableMember	com.badlogic.gdx.scenes.scene2d.ui.Cell#spaceTop:field	Nullable[Value]	
NullableMember	com.badlogic.gdx.scenes.scene2d.ui.Cell#uniformX:field	Nullable[Boolean]	
NullableMember	com.badlogic.gdx.scenes.scene2d.ui.Cell#uniformY:field	Nullable[Boolean]	
NullableMember	com.badlogic.gdx.scenes.scene2d.ui.CheckBox#<init>(String,CheckBoxStyle)#text	Nullable[String]	
NullableMember	com.badlogic.gdx.scenes.scene2d.ui.CheckBox#<init>(String,Skin)#text	Nullable[String]	
NullableMember	com.badlogic.gdx.scenes.scene2d.ui.CheckBox#<init>(String,Skin,String)#text	Nullable[String]	
NullableMember	com.badlogic.gdx.scenes.scene2d.ui.CheckBox#getImageDrawable	Nullable[Drawable]	
NullableMember	com.badlogic.gdx.scenes.scene2d.ui.CheckBox$CheckBoxStyle#<init>(Drawable,Drawable,BitmapFont,Color)#fontColor	Nullable[Color]	
NullableMember	com.badlogic.gdx.scenes.scene2d.ui.CheckBox$CheckBoxStyle#checkboxOff:field	Nullable[Drawable]	
NullableMember	com.badlogic.gdx.scenes.scene2d.ui.CheckBox$CheckBoxStyle#checkboxOffDisabled:field	Nullable[Drawable]	
NullableMember	com.badlogic.gdx.scenes.scene2d.ui.CheckBox$CheckBoxStyle#checkboxOn:field	Nullable[Drawable]	
NullableMember	com.badlogic.gdx.scenes.scene2d.ui.CheckBox$CheckBoxStyle#checkboxOnDisabled:field	Nullable[Drawable]	
NullableMember	com.badlogic.gdx.scenes.scene2d.ui.CheckBox$CheckBoxStyle#checkboxOnOver:field	Nullable[Drawable]	
NullableMember	com.badlogic.gdx.scenes.scene2d.ui.CheckBox$CheckBoxStyle#checkboxOver:field	Nullable[Drawable]	
NullableMember	com.badlogic.gdx.scenes.scene2d.ui.Container#<init>(T)#actor	Nullable[$0]	
NullableMember	com.badlogic.gdx.scenes.scene2d.ui.Container#background#background	Nullable[Drawable]	
NullableMember	com.badlogic.gdx.scenes.scene2d.ui.Container#getActor	Nullable[$0]	
NullableMember	com.badlogic.gdx.scenes.scene2d.ui.Container#getBackground	Nullable[Drawable]	
NullableMember	com.badlogic.gdx.scenes.scene2d.ui.Container#hit	Nullable[Actor]	
NullableMember	com.badlogic.gdx.scenes.scene2d.ui.Container#setActor#actor	Nullable[$0]	
NullableMember	com.badlogic.gdx.scenes.scene2d.ui.Container#setBackground(Drawable)#background	Nullable[Drawable]	
NullableMember	com.badlogic.gdx.scenes.scene2d.ui.Container#setBackground(Drawable,boolean)#background	Nullable[Drawable]	
NullableMember	com.badlogic.gdx.scenes.scene2d.ui.Container#setCullingArea#cullingArea	Nullable[Rectangle]	
NullableMember	com.badlogic.gdx.scenes.scene2d.ui.Dialog#button(Button,Object)#object	Nullable[AnyRef]	
NullableMember	com.badlogic.gdx.scenes.scene2d.ui.Dialog#button(String)#text	Nullable[String]	
NullableMember	com.badlogic.gdx.scenes.scene2d.ui.Dialog#button(String,Object)#object	Nullable[AnyRef]	
NullableMember	com.badlogic.gdx.scenes.scene2d.ui.Dialog#button(String,Object)#text	Nullable[String]	
NullableMember	com.badlogic.gdx.scenes.scene2d.ui.Dialog#button(String,Object,TextButtonStyle)#object	Nullable[AnyRef]	
NullableMember	com.badlogic.gdx.scenes.scene2d.ui.Dialog#button(String,Object,TextButtonStyle)#text	Nullable[String]	
NullableMember	com.badlogic.gdx.scenes.scene2d.ui.Dialog#hide(Action)#action	Nullable[Action]	
NullableMember	com.badlogic.gdx.scenes.scene2d.ui.Dialog#key#object	Nullable[AnyRef]	
NullableMember	com.badlogic.gdx.scenes.scene2d.ui.Dialog#previousKeyboardFocus:field	Nullable[Actor]	
NullableMember	com.badlogic.gdx.scenes.scene2d.ui.Dialog#previousScrollFocus:field	Nullable[Actor]	
NullableMember	com.badlogic.gdx.scenes.scene2d.ui.Dialog#result#object	Nullable[AnyRef]	
NullableMember	com.badlogic.gdx.scenes.scene2d.ui.Dialog#setObject#object	Nullable[AnyRef]	
NullableMember	com.badlogic.gdx.scenes.scene2d.ui.Dialog#setStage#stage	Nullable[Stage]	
NullableMember	com.badlogic.gdx.scenes.scene2d.ui.Dialog#show(Stage,Action)#action	Nullable[Action]	
NullableMember	com.badlogic.gdx.scenes.scene2d.ui.Dialog#text(String)#text	Nullable[String]	
NullableMember	com.badlogic.gdx.scenes.scene2d.ui.Dialog#text(String,LabelStyle)#text	Nullable[String]	
NullableMember	com.badlogic.gdx.scenes.scene2d.ui.Image#<init>(Drawable)#drawable	Nullable[Drawable]	
NullableMember	com.badlogic.gdx.scenes.scene2d.ui.Image#<init>(Drawable,Scaling)#drawable	Nullable[Drawable]	
NullableMember	com.badlogic.gdx.scenes.scene2d.ui.Image#<init>(Drawable,Scaling,int)#drawable	Nullable[Drawable]	
NullableMember	com.badlogic.gdx.scenes.scene2d.ui.Image#getDrawable	Nullable[Drawable]	
NullableMember	com.badlogic.gdx.scenes.scene2d.ui.Image#setDrawable(Drawable)#drawable	Nullable[Drawable]	
NullableMember	com.badlogic.gdx.scenes.scene2d.ui.ImageButton#<init>(Drawable)#imageUp	Nullable[Drawable]	
NullableMember	com.badlogic.gdx.scenes.scene2d.ui.ImageButton#<init>(Drawable,Drawable)#imageDown	Nullable[Drawable]	
NullableMember	com.badlogic.gdx.scenes.scene2d.ui.ImageButton#<init>(Drawable,Drawable)#imageUp	Nullable[Drawable]	
NullableMember	com.badlogic.gdx.scenes.scene2d.ui.ImageButton#<init>(Drawable,Drawable,Drawable)#imageChecked	Nullable[Drawable]	
NullableMember	com.badlogic.gdx.scenes.scene2d.ui.ImageButton#<init>(Drawable,Drawable,Drawable)#imageDown	Nullable[Drawable]	
NullableMember	com.badlogic.gdx.scenes.scene2d.ui.ImageButton#<init>(Drawable,Drawable,Drawable)#imageUp	Nullable[Drawable]	
NullableMember	com.badlogic.gdx.scenes.scene2d.ui.ImageButton#getImageCell	Nullable[Cell[Image]]	
NullableMember	com.badlogic.gdx.scenes.scene2d.ui.ImageButton#getImageDrawable	Nullable[Drawable]	
NullableMember	com.badlogic.gdx.scenes.scene2d.ui.ImageButton$ImageButtonStyle#<init>(Drawable,Drawable,Drawable,Drawable,Drawable,Drawable)#checked	Nullable[Drawable]	
NullableMember	com.badlogic.gdx.scenes.scene2d.ui.ImageButton$ImageButtonStyle#<init>(Drawable,Drawable,Drawable,Drawable,Drawable,Drawable)#down	Nullable[Drawable]	
NullableMember	com.badlogic.gdx.scenes.scene2d.ui.ImageButton$ImageButtonStyle#<init>(Drawable,Drawable,Drawable,Drawable,Drawable,Drawable)#imageChecked	Nullable[Drawable]	
NullableMember	com.badlogic.gdx.scenes.scene2d.ui.ImageButton$ImageButtonStyle#<init>(Drawable,Drawable,Drawable,Drawable,Drawable,Drawable)#imageDown	Nullable[Drawable]	
NullableMember	com.badlogic.gdx.scenes.scene2d.ui.ImageButton$ImageButtonStyle#<init>(Drawable,Drawable,Drawable,Drawable,Drawable,Drawable)#imageUp	Nullable[Drawable]	
NullableMember	com.badlogic.gdx.scenes.scene2d.ui.ImageButton$ImageButtonStyle#<init>(Drawable,Drawable,Drawable,Drawable,Drawable,Drawable)#up	Nullable[Drawable]	
NullableMember	com.badlogic.gdx.scenes.scene2d.ui.ImageButton$ImageButtonStyle#imageChecked:field	Nullable[Drawable]	
NullableMember	com.badlogic.gdx.scenes.scene2d.ui.ImageButton$ImageButtonStyle#imageCheckedDown:field	Nullable[Drawable]	
NullableMember	com.badlogic.gdx.scenes.scene2d.ui.ImageButton$ImageButtonStyle#imageCheckedOver:field	Nullable[Drawable]	
NullableMember	com.badlogic.gdx.scenes.scene2d.ui.ImageButton$ImageButtonStyle#imageDisabled:field	Nullable[Drawable]	
NullableMember	com.badlogic.gdx.scenes.scene2d.ui.ImageButton$ImageButtonStyle#imageDown:field	Nullable[Drawable]	
NullableMember	com.badlogic.gdx.scenes.scene2d.ui.ImageButton$ImageButtonStyle#imageOver:field	Nullable[Drawable]	
NullableMember	com.badlogic.gdx.scenes.scene2d.ui.ImageButton$ImageButtonStyle#imageUp:field	Nullable[Drawable]	
NullableMember	com.badlogic.gdx.scenes.scene2d.ui.ImageTextButton#<init>(String,ImageTextButtonStyle)#text	Nullable[String]	
NullableMember	com.badlogic.gdx.scenes.scene2d.ui.ImageTextButton#<init>(String,Skin)#text	Nullable[String]	
NullableMember	com.badlogic.gdx.scenes.scene2d.ui.ImageTextButton#<init>(String,Skin,String)#text	Nullable[String]	
NullableMember	com.badlogic.gdx.scenes.scene2d.ui.ImageTextButton#getFontColor	Nullable[Color]	
NullableMember	com.badlogic.gdx.scenes.scene2d.ui.ImageTextButton#getImageCell	Nullable[Cell[Image]]	
NullableMember	com.badlogic.gdx.scenes.scene2d.ui.ImageTextButton#getImageDrawable	Nullable[Drawable]	
NullableMember	com.badlogic.gdx.scenes.scene2d.ui.ImageTextButton#getLabelCell	Nullable[Cell[Label]]	
NullableMember	com.badlogic.gdx.scenes.scene2d.ui.ImageTextButton#newLabel#text	Nullable[String]	
NullableMember	com.badlogic.gdx.scenes.scene2d.ui.ImageTextButton#setText#text	Nullable[CharSequence]	
NullableMember	com.badlogic.gdx.scenes.scene2d.ui.ImageTextButton$ImageTextButtonStyle#<init>(Drawable,Drawable,Drawable,BitmapFont)#checked	Nullable[Drawable]	
NullableMember	com.badlogic.gdx.scenes.scene2d.ui.ImageTextButton$ImageTextButtonStyle#<init>(Drawable,Drawable,Drawable,BitmapFont)#down	Nullable[Drawable]	
NullableMember	com.badlogic.gdx.scenes.scene2d.ui.ImageTextButton$ImageTextButtonStyle#<init>(Drawable,Drawable,Drawable,BitmapFont)#up	Nullable[Drawable]	
NullableMember	com.badlogic.gdx.scenes.scene2d.ui.ImageTextButton$ImageTextButtonStyle#imageChecked:field	Nullable[Drawable]	
NullableMember	com.badlogic.gdx.scenes.scene2d.ui.ImageTextButton$ImageTextButtonStyle#imageCheckedDown:field	Nullable[Drawable]	
NullableMember	com.badlogic.gdx.scenes.scene2d.ui.ImageTextButton$ImageTextButtonStyle#imageCheckedOver:field	Nullable[Drawable]	
NullableMember	com.badlogic.gdx.scenes.scene2d.ui.ImageTextButton$ImageTextButtonStyle#imageDisabled:field	Nullable[Drawable]	
NullableMember	com.badlogic.gdx.scenes.scene2d.ui.ImageTextButton$ImageTextButtonStyle#imageDown:field	Nullable[Drawable]	
NullableMember	com.badlogic.gdx.scenes.scene2d.ui.ImageTextButton$ImageTextButtonStyle#imageOver:field	Nullable[Drawable]	
NullableMember	com.badlogic.gdx.scenes.scene2d.ui.ImageTextButton$ImageTextButtonStyle#imageUp:field	Nullable[Drawable]	
NullableMember	com.badlogic.gdx.scenes.scene2d.ui.Label#<init>(CharSequence,LabelStyle)#text	Nullable[CharSequence]	
NullableMember	com.badlogic.gdx.scenes.scene2d.ui.Label#<init>(CharSequence,Skin)#text	Nullable[CharSequence]	
NullableMember	com.badlogic.gdx.scenes.scene2d.ui.Label#<init>(CharSequence,Skin,String)#text	Nullable[CharSequence]	
NullableMember	com.badlogic.gdx.scenes.scene2d.ui.Label#<init>(CharSequence,Skin,String,Color)#text	Nullable[CharSequence]	
NullableMember	com.badlogic.gdx.scenes.scene2d.ui.Label#<init>(CharSequence,Skin,String,String)#text	Nullable[CharSequence]	
NullableMember	com.badlogic.gdx.scenes.scene2d.ui.Label#setEllipsis(String)#ellipsis	Nullable[String]	
NullableMember	com.badlogic.gdx.scenes.scene2d.ui.Label#setText(CharSequence)#newText	Nullable[CharSequence]	
NullableMember	com.badlogic.gdx.scenes.scene2d.ui.Label$LabelStyle#<init>(BitmapFont,Color)#fontColor	Nullable[Color]	
NullableMember	com.badlogic.gdx.scenes.scene2d.ui.Label$LabelStyle#background:field	Nullable[Drawable]	
NullableMember	com.badlogic.gdx.scenes.scene2d.ui.Label$LabelStyle#fontColor:field	Nullable[Color]	
NullableMember	com.badlogic.gdx.scenes.scene2d.ui.List#drawSelection#drawable	Nullable[Drawable]	
NullableMember	com.badlogic.gdx.scenes.scene2d.ui.List#getCullingArea	Nullable[Rectangle]	
NullableMember	com.badlogic.gdx.scenes.scene2d.ui.List#getItemAt	Nullable[$0]	
NullableMember	com.badlogic.gdx.scenes.scene2d.ui.List#getOverItem	Nullable[$0]	
NullableMember	com.badlogic.gdx.scenes.scene2d.ui.List#getPressedItem	Nullable[$0]	
NullableMember	com.badlogic.gdx.scenes.scene2d.ui.List#getSelected	Nullable[$0]	
NullableMember	com.badlogic.gdx.scenes.scene2d.ui.List#setCullingArea#cullingArea	Nullable[Rectangle]	
NullableMember	com.badlogic.gdx.scenes.scene2d.ui.List#setSelected#item	Nullable[$0]	
NullableMember	com.badlogic.gdx.scenes.scene2d.ui.List$ListStyle#background:field	Nullable[Drawable]	
NullableMember	com.badlogic.gdx.scenes.scene2d.ui.List$ListStyle#down:field	Nullable[Drawable]	
NullableMember	com.badlogic.gdx.scenes.scene2d.ui.List$ListStyle#over:field	Nullable[Drawable]	
NullableMember	com.badlogic.gdx.scenes.scene2d.ui.ProgressBar#getBackgroundDrawable	Nullable[Drawable]	
NullableMember	com.badlogic.gdx.scenes.scene2d.ui.ProgressBar#getKnobAfterDrawable	Nullable[Drawable]	
NullableMember	com.badlogic.gdx.scenes.scene2d.ui.ProgressBar#getKnobBeforeDrawable	Nullable[Drawable]	
NullableMember	com.badlogic.gdx.scenes.scene2d.ui.ProgressBar#getKnobDrawable	Nullable[Drawable]	
NullableMember	com.badlogic.gdx.scenes.scene2d.ui.ProgressBar$ProgressBarStyle#<init>(Drawable,Drawable)#background	Nullable[Drawable]	
NullableMember	com.badlogic.gdx.scenes.scene2d.ui.ProgressBar$ProgressBarStyle#background:field	Nullable[Drawable]	
NullableMember	com.badlogic.gdx.scenes.scene2d.ui.ProgressBar$ProgressBarStyle#disabledBackground:field	Nullable[Drawable]	
NullableMember	com.badlogic.gdx.scenes.scene2d.ui.ProgressBar$ProgressBarStyle#disabledKnob:field	Nullable[Drawable]	
NullableMember	com.badlogic.gdx.scenes.scene2d.ui.ProgressBar$ProgressBarStyle#disabledKnobAfter:field	Nullable[Drawable]	
NullableMember	com.badlogic.gdx.scenes.scene2d.ui.ProgressBar$ProgressBarStyle#disabledKnobBefore:field	Nullable[Drawable]	
NullableMember	com.badlogic.gdx.scenes.scene2d.ui.ProgressBar$ProgressBarStyle#knobAfter:field	Nullable[Drawable]	
NullableMember	com.badlogic.gdx.scenes.scene2d.ui.ProgressBar$ProgressBarStyle#knobBefore:field	Nullable[Drawable]	
NullableMember	com.badlogic.gdx.scenes.scene2d.ui.ScrollPane#<init>(Actor)#actor	Nullable[Actor]	
NullableMember	com.badlogic.gdx.scenes.scene2d.ui.ScrollPane#<init>(Actor,ScrollPaneStyle)#actor	Nullable[Actor]	
NullableMember	com.badlogic.gdx.scenes.scene2d.ui.ScrollPane#<init>(Actor,Skin)#actor	Nullable[Actor]	
NullableMember	com.badlogic.gdx.scenes.scene2d.ui.ScrollPane#<init>(Actor,Skin,String)#actor	Nullable[Actor]	
NullableMember	com.badlogic.gdx.scenes.scene2d.ui.ScrollPane#getActor	Nullable[Actor]	
NullableMember	com.badlogic.gdx.scenes.scene2d.ui.ScrollPane#hit	Nullable[Actor]	
NullableMember	com.badlogic.gdx.scenes.scene2d.ui.ScrollPane#setActor#actor	Nullable[Actor]	
NullableMember	com.badlogic.gdx.scenes.scene2d.ui.ScrollPane$ScrollPaneStyle#<init>(Drawable,Drawable,Drawable,Drawable,Drawable)#background	Nullable[Drawable]	
NullableMember	com.badlogic.gdx.scenes.scene2d.ui.ScrollPane$ScrollPaneStyle#<init>(Drawable,Drawable,Drawable,Drawable,Drawable)#hScroll	Nullable[Drawable]	
NullableMember	com.badlogic.gdx.scenes.scene2d.ui.ScrollPane$ScrollPaneStyle#<init>(Drawable,Drawable,Drawable,Drawable,Drawable)#hScrollKnob	Nullable[Drawable]	
NullableMember	com.badlogic.gdx.scenes.scene2d.ui.ScrollPane$ScrollPaneStyle#<init>(Drawable,Drawable,Drawable,Drawable,Drawable)#vScroll	Nullable[Drawable]	
NullableMember	com.badlogic.gdx.scenes.scene2d.ui.ScrollPane$ScrollPaneStyle#<init>(Drawable,Drawable,Drawable,Drawable,Drawable)#vScrollKnob	Nullable[Drawable]	
NullableMember	com.badlogic.gdx.scenes.scene2d.ui.ScrollPane$ScrollPaneStyle#background:field	Nullable[Drawable]	
NullableMember	com.badlogic.gdx.scenes.scene2d.ui.ScrollPane$ScrollPaneStyle#corner:field	Nullable[Drawable]	
NullableMember	com.badlogic.gdx.scenes.scene2d.ui.ScrollPane$ScrollPaneStyle#hScroll:field	Nullable[Drawable]	
NullableMember	com.badlogic.gdx.scenes.scene2d.ui.ScrollPane$ScrollPaneStyle#hScrollKnob:field	Nullable[Drawable]	
NullableMember	com.badlogic.gdx.scenes.scene2d.ui.ScrollPane$ScrollPaneStyle#vScroll:field	Nullable[Drawable]	
NullableMember	com.badlogic.gdx.scenes.scene2d.ui.ScrollPane$ScrollPaneStyle#vScrollKnob:field	Nullable[Drawable]	
NullableMember	com.badlogic.gdx.scenes.scene2d.ui.SelectBox#getBackgroundDrawable	Nullable[Drawable]	
NullableMember	com.badlogic.gdx.scenes.scene2d.ui.SelectBox#getSelected	Nullable[$0]	
NullableMember	com.badlogic.gdx.scenes.scene2d.ui.SelectBox#setSelected#item	Nullable[$0]	
NullableMember	com.badlogic.gdx.scenes.scene2d.ui.SelectBox#setStage#stage	Nullable[Stage]	
NullableMember	com.badlogic.gdx.scenes.scene2d.ui.SelectBox$SelectBoxScrollPane#setStage#stage	Nullable[Stage]	
NullableMember	com.badlogic.gdx.scenes.scene2d.ui.SelectBox$SelectBoxStyle#<init>(BitmapFont,Color,Drawable,ScrollPaneStyle,ListStyle)#background	Nullable[Drawable]	
NullableMember	com.badlogic.gdx.scenes.scene2d.ui.SelectBox$SelectBoxStyle#background:field	Nullable[Drawable]	
NullableMember	com.badlogic.gdx.scenes.scene2d.ui.SelectBox$SelectBoxStyle#backgroundDisabled:field	Nullable[Drawable]	
NullableMember	com.badlogic.gdx.scenes.scene2d.ui.SelectBox$SelectBoxStyle#backgroundOpen:field	Nullable[Drawable]	
NullableMember	com.badlogic.gdx.scenes.scene2d.ui.SelectBox$SelectBoxStyle#backgroundOver:field	Nullable[Drawable]	
NullableMember	com.badlogic.gdx.scenes.scene2d.ui.SelectBox$SelectBoxStyle#disabledFontColor:field	Nullable[Color]	
NullableMember	com.badlogic.gdx.scenes.scene2d.ui.SelectBox$SelectBoxStyle#overFontColor:field	Nullable[Color]	
NullableMember	com.badlogic.gdx.scenes.scene2d.ui.Skin#find	Nullable[String]	
NullableMember	com.badlogic.gdx.scenes.scene2d.ui.Skin#getAll	Nullable[mutable.Map[String, $0]]	
NullableMember	com.badlogic.gdx.scenes.scene2d.ui.Skin#getAtlas	Nullable[TextureAtlas]	
NullableMember	com.badlogic.gdx.scenes.scene2d.ui.Skin#getRegions	Nullable[DynamicArray[TextureRegion]]	
NullableMember	com.badlogic.gdx.scenes.scene2d.ui.Skin#optional	Nullable[$0]	
NullableMember	com.badlogic.gdx.scenes.scene2d.ui.Slider#getBackgroundDrawable	Nullable[Drawable]	
NullableMember	com.badlogic.gdx.scenes.scene2d.ui.Slider#getKnobAfterDrawable	Nullable[Drawable]	
NullableMember	com.badlogic.gdx.scenes.scene2d.ui.Slider#getKnobBeforeDrawable	Nullable[Drawable]	
NullableMember	com.badlogic.gdx.scenes.scene2d.ui.Slider#getKnobDrawable	Nullable[Drawable]	
NullableMember	com.badlogic.gdx.scenes.scene2d.ui.Slider#getSnapToValues	Nullable[Array[Float]]	
NullableMember	com.badlogic.gdx.scenes.scene2d.ui.Slider#setSnapToValues(float,float[])#values	Nullable[Array[Float]]	
NullableMember	com.badlogic.gdx.scenes.scene2d.ui.Slider$SliderStyle#<init>(Drawable,Drawable)#background	Nullable[Drawable]	
NullableMember	com.badlogic.gdx.scenes.scene2d.ui.Slider$SliderStyle#backgroundDown:field	Nullable[Drawable]	
NullableMember	com.badlogic.gdx.scenes.scene2d.ui.Slider$SliderStyle#backgroundOver:field	Nullable[Drawable]	
NullableMember	com.badlogic.gdx.scenes.scene2d.ui.Slider$SliderStyle#knobAfterDown:field	Nullable[Drawable]	
NullableMember	com.badlogic.gdx.scenes.scene2d.ui.Slider$SliderStyle#knobAfterOver:field	Nullable[Drawable]	
NullableMember	com.badlogic.gdx.scenes.scene2d.ui.Slider$SliderStyle#knobBeforeDown:field	Nullable[Drawable]	
NullableMember	com.badlogic.gdx.scenes.scene2d.ui.Slider$SliderStyle#knobBeforeOver:field	Nullable[Drawable]	
NullableMember	com.badlogic.gdx.scenes.scene2d.ui.Slider$SliderStyle#knobDown:field	Nullable[Drawable]	
NullableMember	com.badlogic.gdx.scenes.scene2d.ui.Slider$SliderStyle#knobOver:field	Nullable[Drawable]	
NullableMember	com.badlogic.gdx.scenes.scene2d.ui.SplitPane#<init>(Actor,Actor,boolean,Skin)#firstWidget	Nullable[Actor]	
NullableMember	com.badlogic.gdx.scenes.scene2d.ui.SplitPane#<init>(Actor,Actor,boolean,Skin)#secondWidget	Nullable[Actor]	
NullableMember	com.badlogic.gdx.scenes.scene2d.ui.SplitPane#<init>(Actor,Actor,boolean,SplitPaneStyle)#firstWidget	Nullable[Actor]	
NullableMember	com.badlogic.gdx.scenes.scene2d.ui.SplitPane#<init>(Actor,Actor,boolean,SplitPaneStyle)#secondWidget	Nullable[Actor]	
NullableMember	com.badlogic.gdx.scenes.scene2d.ui.SplitPane#setFirstWidget#widget	Nullable[Actor]	
NullableMember	com.badlogic.gdx.scenes.scene2d.ui.SplitPane#setSecondWidget#widget	Nullable[Actor]	
NullableMember	com.badlogic.gdx.scenes.scene2d.ui.Table#<init>(Skin)#skin	Nullable[Skin]	
NullableMember	com.badlogic.gdx.scenes.scene2d.ui.Table#add(CharSequence)#text	Nullable[CharSequence]	
NullableMember	com.badlogic.gdx.scenes.scene2d.ui.Table#add(CharSequence,String)#text	Nullable[CharSequence]	
NullableMember	com.badlogic.gdx.scenes.scene2d.ui.Table#add(CharSequence,String,Color)#color	Nullable[Color]	
NullableMember	com.badlogic.gdx.scenes.scene2d.ui.Table#add(CharSequence,String,Color)#text	Nullable[CharSequence]	
NullableMember	com.badlogic.gdx.scenes.scene2d.ui.Table#add(CharSequence,String,String)#text	Nullable[CharSequence]	
NullableMember	com.badlogic.gdx.scenes.scene2d.ui.Table#add(T)#actor	Nullable[$0]	
NullableMember	com.badlogic.gdx.scenes.scene2d.ui.Table#background(Drawable)#background	Nullable[Drawable]	
NullableMember	com.badlogic.gdx.scenes.scene2d.ui.Table#background:field	Nullable[Drawable]	
NullableMember	com.badlogic.gdx.scenes.scene2d.ui.Table#debugRects:field	Nullable[DynamicArray[DebugRect]]	
NullableMember	com.badlogic.gdx.scenes.scene2d.ui.Table#getBackground	Nullable[Drawable]	
NullableMember	com.badlogic.gdx.scenes.scene2d.ui.Table#getCell	Nullable[Cell[$0]]	
NullableMember	com.badlogic.gdx.scenes.scene2d.ui.Table#getSkin	Nullable[Skin]	
NullableMember	com.badlogic.gdx.scenes.scene2d.ui.Table#hit	Nullable[Actor]	
NullableMember	com.badlogic.gdx.scenes.scene2d.ui.Table#setBackground(Drawable)#background	Nullable[Drawable]	
NullableMember	com.badlogic.gdx.scenes.scene2d.ui.Table#setSkin#skin	Nullable[Skin]	
NullableMember	com.badlogic.gdx.scenes.scene2d.ui.TextArea#<init>(String,TextFieldStyle)#text	Nullable[String]	
NullableMember	com.badlogic.gdx.scenes.scene2d.ui.TextArea#getTextY#background	Nullable[Drawable]	
NullableMember	com.badlogic.gdx.scenes.scene2d.ui.TextButton#<init>(String,Skin)#text	Nullable[String]	
NullableMember	com.badlogic.gdx.scenes.scene2d.ui.TextButton#<init>(String,Skin,String)#text	Nullable[String]	
NullableMember	com.badlogic.gdx.scenes.scene2d.ui.TextButton#<init>(String,TextButtonStyle)#text	Nullable[String]	
NullableMember	com.badlogic.gdx.scenes.scene2d.ui.TextButton#getFontColor	Nullable[Color]	
NullableMember	com.badlogic.gdx.scenes.scene2d.ui.TextButton#getLabelCell	Nullable[Cell[Label]]	
NullableMember	com.badlogic.gdx.scenes.scene2d.ui.TextButton#newLabel#text	Nullable[String]	
NullableMember	com.badlogic.gdx.scenes.scene2d.ui.TextButton#setText#text	Nullable[String]	
NullableMember	com.badlogic.gdx.scenes.scene2d.ui.TextButton$TextButtonStyle#<init>(Drawable,Drawable,Drawable,BitmapFont)#checked	Nullable[Drawable]	
NullableMember	com.badlogic.gdx.scenes.scene2d.ui.TextButton$TextButtonStyle#<init>(Drawable,Drawable,Drawable,BitmapFont)#down	Nullable[Drawable]	
NullableMember	com.badlogic.gdx.scenes.scene2d.ui.TextButton$TextButtonStyle#<init>(Drawable,Drawable,Drawable,BitmapFont)#font	Nullable[BitmapFont]	
NullableMember	com.badlogic.gdx.scenes.scene2d.ui.TextButton$TextButtonStyle#<init>(Drawable,Drawable,Drawable,BitmapFont)#up	Nullable[Drawable]	
NullableMember	com.badlogic.gdx.scenes.scene2d.ui.TextButton$TextButtonStyle#checkedDownFontColor:field	Nullable[Color]	
NullableMember	com.badlogic.gdx.scenes.scene2d.ui.TextButton$TextButtonStyle#checkedFocusedFontColor:field	Nullable[Color]	
NullableMember	com.badlogic.gdx.scenes.scene2d.ui.TextButton$TextButtonStyle#checkedFontColor:field	Nullable[Color]	
NullableMember	com.badlogic.gdx.scenes.scene2d.ui.TextButton$TextButtonStyle#checkedOverFontColor:field	Nullable[Color]	
NullableMember	com.badlogic.gdx.scenes.scene2d.ui.TextButton$TextButtonStyle#disabledFontColor:field	Nullable[Color]	
NullableMember	com.badlogic.gdx.scenes.scene2d.ui.TextButton$TextButtonStyle#downFontColor:field	Nullable[Color]	
NullableMember	com.badlogic.gdx.scenes.scene2d.ui.TextButton$TextButtonStyle#focusedFontColor:field	Nullable[Color]	
NullableMember	com.badlogic.gdx.scenes.scene2d.ui.TextButton$TextButtonStyle#fontColor:field	Nullable[Color]	
NullableMember	com.badlogic.gdx.scenes.scene2d.ui.TextButton$TextButtonStyle#overFontColor:field	Nullable[Color]	
NullableMember	com.badlogic.gdx.scenes.scene2d.ui.TextField#<init>(String,Skin)#text	Nullable[String]	
NullableMember	com.badlogic.gdx.scenes.scene2d.ui.TextField#<init>(String,Skin,String)#text	Nullable[String]	
NullableMember	com.badlogic.gdx.scenes.scene2d.ui.TextField#<init>(String,TextFieldStyle)#text	Nullable[String]	
NullableMember	com.badlogic.gdx.scenes.scene2d.ui.TextField#appendText#str	Nullable[String]	
NullableMember	com.badlogic.gdx.scenes.scene2d.ui.TextField#filter:field	Nullable[TextFieldFilter]	
NullableMember	com.badlogic.gdx.scenes.scene2d.ui.TextField#getBackgroundDrawable	Nullable[Drawable]	
NullableMember	com.badlogic.gdx.scenes.scene2d.ui.TextField#getMessageText	Nullable[String]	
NullableMember	com.badlogic.gdx.scenes.scene2d.ui.TextField#getTextFieldFilter	Nullable[TextFieldFilter]	
NullableMember	com.badlogic.gdx.scenes.scene2d.ui.TextField#getTextY#background	Nullable[Drawable]	
NullableMember	com.badlogic.gdx.scenes.scene2d.ui.TextField#listener:field	Nullable[TextFieldListener]	
NullableMember	com.badlogic.gdx.scenes.scene2d.ui.TextField#next	Nullable[TextField]	
NullableMember	com.badlogic.gdx.scenes.scene2d.ui.TextField#paste#content	Nullable[String]	
NullableMember	com.badlogic.gdx.scenes.scene2d.ui.TextField#setAutocompleteOptions#autocompleteOptions	Nullable[Array[String]]	
NullableMember	com.badlogic.gdx.scenes.scene2d.ui.TextField#setMessageText#messageText	Nullable[String]	
NullableMember	com.badlogic.gdx.scenes.scene2d.ui.TextField#setText#str	Nullable[String]	
NullableMember	com.badlogic.gdx.scenes.scene2d.ui.TextField#setTextFieldFilter#filter	Nullable[TextFieldFilter]	
NullableMember	com.badlogic.gdx.scenes.scene2d.ui.TextField#setTextFieldListener#listener	Nullable[TextFieldListener]	
NullableMember	com.badlogic.gdx.scenes.scene2d.ui.TextField$TextFieldStyle#<init>(BitmapFont,Color,Drawable,Drawable,Drawable)#background	Nullable[Drawable]	
NullableMember	com.badlogic.gdx.scenes.scene2d.ui.TextField$TextFieldStyle#<init>(BitmapFont,Color,Drawable,Drawable,Drawable)#cursor	Nullable[Drawable]	
NullableMember	com.badlogic.gdx.scenes.scene2d.ui.TextField$TextFieldStyle#<init>(BitmapFont,Color,Drawable,Drawable,Drawable)#selection	Nullable[Drawable]	
NullableMember	com.badlogic.gdx.scenes.scene2d.ui.TextField$TextFieldStyle#background:field	Nullable[Drawable]	
NullableMember	com.badlogic.gdx.scenes.scene2d.ui.TextField$TextFieldStyle#cursor:field	Nullable[Drawable]	
NullableMember	com.badlogic.gdx.scenes.scene2d.ui.TextField$TextFieldStyle#disabledBackground:field	Nullable[Drawable]	
NullableMember	com.badlogic.gdx.scenes.scene2d.ui.TextField$TextFieldStyle#disabledFontColor:field	Nullable[Color]	
NullableMember	com.badlogic.gdx.scenes.scene2d.ui.TextField$TextFieldStyle#focusedBackground:field	Nullable[Drawable]	
NullableMember	com.badlogic.gdx.scenes.scene2d.ui.TextField$TextFieldStyle#focusedFontColor:field	Nullable[Color]	
NullableMember	com.badlogic.gdx.scenes.scene2d.ui.TextField$TextFieldStyle#messageFont:field	Nullable[BitmapFont]	
NullableMember	com.badlogic.gdx.scenes.scene2d.ui.TextField$TextFieldStyle#messageFontColor:field	Nullable[Color]	
NullableMember	com.badlogic.gdx.scenes.scene2d.ui.TextField$TextFieldStyle#selection:field	Nullable[Drawable]	
NullableMember	com.badlogic.gdx.scenes.scene2d.ui.TextTooltip#<init>(String,Skin)#text	Nullable[String]	
NullableMember	com.badlogic.gdx.scenes.scene2d.ui.TextTooltip#<init>(String,Skin,String)#text	Nullable[String]	
NullableMember	com.badlogic.gdx.scenes.scene2d.ui.TextTooltip#<init>(String,TextTooltipStyle)#text	Nullable[String]	
NullableMember	com.badlogic.gdx.scenes.scene2d.ui.TextTooltip#<init>(String,TooltipManager,Skin)#text	Nullable[String]	
NullableMember	com.badlogic.gdx.scenes.scene2d.ui.TextTooltip#<init>(String,TooltipManager,Skin,String)#text	Nullable[String]	
NullableMember	com.badlogic.gdx.scenes.scene2d.ui.TextTooltip#<init>(String,TooltipManager,TextTooltipStyle)#text	Nullable[String]	
NullableMember	com.badlogic.gdx.scenes.scene2d.ui.TextTooltip#newLabel#text	Nullable[String]	
NullableMember	com.badlogic.gdx.scenes.scene2d.ui.TextTooltip$TextTooltipStyle#<init>(LabelStyle,Drawable)#background	Nullable[Drawable]	
NullableMember	com.badlogic.gdx.scenes.scene2d.ui.TextTooltip$TextTooltipStyle#background:field	Nullable[Drawable]	
NullableMember	com.badlogic.gdx.scenes.scene2d.ui.Tooltip#<init>(T)#contents	Nullable[$0]	
NullableMember	com.badlogic.gdx.scenes.scene2d.ui.Tooltip#<init>(T,TooltipManager)#contents	Nullable[$0]	
NullableMember	com.badlogic.gdx.scenes.scene2d.ui.Tooltip#enter#fromActor	Nullable[Actor]	
NullableMember	com.badlogic.gdx.scenes.scene2d.ui.Tooltip#exit#toActor	Nullable[Actor]	
NullableMember	com.badlogic.gdx.scenes.scene2d.ui.Tooltip#targetActor:field	Nullable[Actor]	
NullableMember	com.badlogic.gdx.scenes.scene2d.ui.TooltipManager#showTooltip:field	Nullable[Tooltip[?]]	
NullableMember	com.badlogic.gdx.scenes.scene2d.ui.Touchpad#hit	Nullable[Actor]	
NullableMember	com.badlogic.gdx.scenes.scene2d.ui.Touchpad$TouchpadStyle#<init>(Drawable,Drawable)#background	Nullable[Drawable]	
NullableMember	com.badlogic.gdx.scenes.scene2d.ui.Touchpad$TouchpadStyle#<init>(Drawable,Drawable)#knob	Nullable[Drawable]	
NullableMember	com.badlogic.gdx.scenes.scene2d.ui.Touchpad$TouchpadStyle#background:field	Nullable[Drawable]	
NullableMember	com.badlogic.gdx.scenes.scene2d.ui.Touchpad$TouchpadStyle#knob:field	Nullable[Drawable]	
NullableMember	com.badlogic.gdx.scenes.scene2d.ui.Tree#drawIcons#parent	Nullable[$0]	
NullableMember	com.badlogic.gdx.scenes.scene2d.ui.Tree#findNode(Array,Object)	Nullable[Node[?,  ?,  ? <: Actor]]	
NullableMember	com.badlogic.gdx.scenes.scene2d.ui.Tree#findNode(V)	Nullable[$0]	
NullableMember	com.badlogic.gdx.scenes.scene2d.ui.Tree#getNodeAt(float)	Nullable[$0]	
NullableMember	com.badlogic.gdx.scenes.scene2d.ui.Tree#getOverNode	Nullable[$0]	
NullableMember	com.badlogic.gdx.scenes.scene2d.ui.Tree#getOverValue	Nullable[$1]	
NullableMember	com.badlogic.gdx.scenes.scene2d.ui.Tree#getSelectedNode	Nullable[$0]	
NullableMember	com.badlogic.gdx.scenes.scene2d.ui.Tree#getSelectedValue	Nullable[$1]	
NullableMember	com.badlogic.gdx.scenes.scene2d.ui.Tree#rangeStart:field	Nullable[$0]	
NullableMember	com.badlogic.gdx.scenes.scene2d.ui.Tree#setOverNode#overNode	Nullable[$0]	
NullableMember	com.badlogic.gdx.scenes.scene2d.ui.Tree$Node#findNode	Nullable[$0]	
NullableMember	com.badlogic.gdx.scenes.scene2d.ui.Tree$Node#getIcon	Nullable[Drawable]	
NullableMember	com.badlogic.gdx.scenes.scene2d.ui.Tree$Node#getParent	Nullable[$0]	
NullableMember	com.badlogic.gdx.scenes.scene2d.ui.Tree$Node#getTree	Nullable[Tree[? <: Node[?,  ?,  ?], ?]]	
NullableMember	com.badlogic.gdx.scenes.scene2d.ui.Tree$Node#getValue	Nullable[$1]	
NullableMember	com.badlogic.gdx.scenes.scene2d.ui.Tree$Node#icon:field	Nullable[Drawable]	
NullableMember	com.badlogic.gdx.scenes.scene2d.ui.Tree$Node#parent:field	Nullable[$0]	
NullableMember	com.badlogic.gdx.scenes.scene2d.ui.Tree$Node#setIcon#icon	Nullable[Drawable]	
NullableMember	com.badlogic.gdx.scenes.scene2d.ui.Tree$Node#setValue#value	Nullable[$1]	
NullableMember	com.badlogic.gdx.scenes.scene2d.ui.Tree$Node#value:field	Nullable[$1]	
NullableMember	com.badlogic.gdx.scenes.scene2d.ui.Tree$TreeStyle#<init>(Drawable,Drawable,Drawable)#selection	Nullable[Drawable]	
NullableMember	com.badlogic.gdx.scenes.scene2d.ui.Tree$TreeStyle#background:field	Nullable[Drawable]	
NullableMember	com.badlogic.gdx.scenes.scene2d.ui.Tree$TreeStyle#minusOver:field	Nullable[Drawable]	
NullableMember	com.badlogic.gdx.scenes.scene2d.ui.Tree$TreeStyle#over:field	Nullable[Drawable]	
NullableMember	com.badlogic.gdx.scenes.scene2d.ui.Tree$TreeStyle#plusOver:field	Nullable[Drawable]	
NullableMember	com.badlogic.gdx.scenes.scene2d.ui.Tree$TreeStyle#selection:field	Nullable[Drawable]	
NullableMember	com.badlogic.gdx.scenes.scene2d.ui.Value#get(Actor)#context	Nullable[Actor]	
NullableMember	com.badlogic.gdx.scenes.scene2d.ui.Value$Fixed#get#context	Nullable[Actor]	
NullableMember	com.badlogic.gdx.scenes.scene2d.ui.WidgetGroup#hit	Nullable[Actor]	
NullableMember	com.badlogic.gdx.scenes.scene2d.ui.Window#hit	Nullable[Actor]	
NullableMember	com.badlogic.gdx.scenes.scene2d.ui.Window$WindowStyle#stageBackground:field	Nullable[Drawable]	
NullableMember	com.badlogic.gdx.scenes.scene2d.ui.Window$WindowStyle#titleFontColor:field	Nullable[Color]	
NullableMember	com.badlogic.gdx.scenes.scene2d.utils.ActorGestureListener#getTouchDownTarget	Nullable[Actor]	
NullableMember	com.badlogic.gdx.scenes.scene2d.utils.BaseDrawable#getName	Nullable[String]	
NullableMember	com.badlogic.gdx.scenes.scene2d.utils.BaseDrawable#name:field	Nullable[String]	
NullableMember	com.badlogic.gdx.scenes.scene2d.utils.BaseDrawable#setName#name	Nullable[String]	
NullableMember	com.badlogic.gdx.scenes.scene2d.utils.ClickListener#enter#fromActor	Nullable[Actor]	
NullableMember	com.badlogic.gdx.scenes.scene2d.utils.ClickListener#exit#toActor	Nullable[Actor]	
NullableMember	com.badlogic.gdx.scenes.scene2d.utils.Cullable#setCullingArea#cullingArea	Nullable[Rectangle]	
NullableMember	com.badlogic.gdx.scenes.scene2d.utils.DragAndDrop$Source#dragStop#payload	Nullable[Payload]	
NullableMember	com.badlogic.gdx.scenes.scene2d.utils.DragAndDrop$Source#dragStop#target	Nullable[Target]	
NullableMember	com.badlogic.gdx.scenes.scene2d.utils.FocusListener$FocusEvent#getRelatedActor	Nullable[Actor]	
NullableMember	com.badlogic.gdx.scenes.scene2d.utils.FocusListener$FocusEvent#relatedActor:field	Nullable[Actor]	
NullableMember	com.badlogic.gdx.scenes.scene2d.utils.FocusListener$FocusEvent#setRelatedActor#relatedActor	Nullable[Actor]	
NullableMember	com.badlogic.gdx.scenes.scene2d.utils.ScissorStack#peekScissors	Nullable[Rectangle]	
NullableMember	com.badlogic.gdx.scenes.scene2d.utils.Selection#contains#item	Nullable[$0]	
NullableMember	com.badlogic.gdx.scenes.scene2d.utils.Selection#first	Nullable[$0]	
NullableMember	com.badlogic.gdx.scenes.scene2d.utils.Selection#getLastSelected	Nullable[$0]	
NullableMember	com.badlogic.gdx.scenes.scene2d.utils.Selection#lastSelected:field	Nullable[$0]	
NullableMember	com.badlogic.gdx.scenes.scene2d.utils.Selection#setActor#actor	Nullable[Actor]	
NullableMember	com.badlogic.gdx.utils.Clipboard#getContents	Nullable[String]	
NullableMember	com.badlogic.gdx.utils.Clipboard#setContents#content	Nullable[String]	
NullableMember	com.badlogic.gdx.utils.DataInput#readString	Nullable[String]	
NullableMember	com.badlogic.gdx.utils.DataOutput#writeString#value	Nullable[String]	
NullableMember	com.badlogic.gdx.utils.StreamUtils#copyStreamToString(InputStream,int,String)#charset	Nullable[String]	
NullableMember	com.badlogic.gdx.utils.Timer$Task#timer:field	Option[Timer]	
NullableMember	com.badlogic.gdx.utils.XmlReader$Element#<init>#parent	Nullable[XmlElement]	
NullableMember	com.badlogic.gdx.utils.XmlReader$Element#attributes:field	Nullable[ObjectMap[String, String]]	
NullableMember	com.badlogic.gdx.utils.XmlReader$Element#children:field	Nullable[DynamicArray[XmlElement]]	
NullableMember	com.badlogic.gdx.utils.XmlReader$Element#get(String,String)	Nullable[String]	
NullableMember	com.badlogic.gdx.utils.XmlReader$Element#get(String,String)#defaultValue	Nullable[String]	
NullableMember	com.badlogic.gdx.utils.XmlReader$Element#getAttribute(String,String)	Nullable[String]	
NullableMember	com.badlogic.gdx.utils.XmlReader$Element#getAttribute(String,String)#defaultValue	Nullable[String]	
NullableMember	com.badlogic.gdx.utils.XmlReader$Element#getAttributes	Nullable[ObjectMap[String, String]]	
NullableMember	com.badlogic.gdx.utils.XmlReader$Element#getChildByName	Nullable[XmlElement]	
NullableMember	com.badlogic.gdx.utils.XmlReader$Element#getChildByNameRecursive	Nullable[XmlElement]	
NullableMember	com.badlogic.gdx.utils.XmlReader$Element#getChildren	Nullable[DynamicArray[XmlElement]]	
NullableMember	com.badlogic.gdx.utils.XmlReader$Element#getParent	Nullable[XmlElement]	
NullableMember	com.badlogic.gdx.utils.XmlReader$Element#getText	Nullable[String]	
NullableMember	com.badlogic.gdx.utils.XmlReader$Element#parent:field	Nullable[XmlElement]	
NullableMember	com.badlogic.gdx.utils.XmlReader$Element#setText#text	Nullable[String]	
NullableMember	com.badlogic.gdx.utils.XmlReader$Element#text:field	Nullable[String]	
OpaqueSlot	com.badlogic.gdx.ApplicationListener#resize#height	Pixels	sge.Pixels
OpaqueSlot	com.badlogic.gdx.ApplicationListener#resize#width	Pixels	sge.Pixels
OpaqueSlot	com.badlogic.gdx.Game#resize#height	Pixels	sge.Pixels
OpaqueSlot	com.badlogic.gdx.Game#resize#width	Pixels	sge.Pixels
OpaqueSlot	com.badlogic.gdx.Graphics#getBackBufferHeight	Pixels	sge.Pixels
OpaqueSlot	com.badlogic.gdx.Graphics#getBackBufferWidth	Pixels	sge.Pixels
OpaqueSlot	com.badlogic.gdx.Graphics#getDeltaTime	Seconds	sge.utils.Seconds
OpaqueSlot	com.badlogic.gdx.Graphics#getHeight	Pixels	sge.Pixels
OpaqueSlot	com.badlogic.gdx.Graphics#getSafeInsetBottom	Pixels	sge.Pixels
OpaqueSlot	com.badlogic.gdx.Graphics#getSafeInsetLeft	Pixels	sge.Pixels
OpaqueSlot	com.badlogic.gdx.Graphics#getSafeInsetRight	Pixels	sge.Pixels
OpaqueSlot	com.badlogic.gdx.Graphics#getSafeInsetTop	Pixels	sge.Pixels
OpaqueSlot	com.badlogic.gdx.Graphics#getWidth	Pixels	sge.Pixels
OpaqueSlot	com.badlogic.gdx.Graphics#newCursor#xHotspot	Pixels	sge.Pixels
OpaqueSlot	com.badlogic.gdx.Graphics#newCursor#yHotspot	Pixels	sge.Pixels
OpaqueSlot	com.badlogic.gdx.Graphics#setWindowedMode#height	Pixels	sge.Pixels
OpaqueSlot	com.badlogic.gdx.Graphics#setWindowedMode#width	Pixels	sge.Pixels
OpaqueSlot	com.badlogic.gdx.Input#getCurrentEventTime	Nanos	sge.utils.Nanos
OpaqueSlot	com.badlogic.gdx.Input#getDeltaX()	Pixels	sge.Pixels
OpaqueSlot	com.badlogic.gdx.Input#getDeltaX(int)	Pixels	sge.Pixels
OpaqueSlot	com.badlogic.gdx.Input#getDeltaY()	Pixels	sge.Pixels
OpaqueSlot	com.badlogic.gdx.Input#getDeltaY(int)	Pixels	sge.Pixels
OpaqueSlot	com.badlogic.gdx.Input#getX()	Pixels	sge.Pixels
OpaqueSlot	com.badlogic.gdx.Input#getX(int)	Pixels	sge.Pixels
OpaqueSlot	com.badlogic.gdx.Input#getY()	Pixels	sge.Pixels
OpaqueSlot	com.badlogic.gdx.Input#getY(int)	Pixels	sge.Pixels
OpaqueSlot	com.badlogic.gdx.Input#isButtonJustPressed#button	Button	sge.Input.Button
OpaqueSlot	com.badlogic.gdx.Input#isButtonPressed#button	Button	sge.Input.Button
OpaqueSlot	com.badlogic.gdx.Input#isCatchKey#keycode	Key	sge.Input.Key
OpaqueSlot	com.badlogic.gdx.Input#isKeyJustPressed#key	Key	sge.Input.Key
OpaqueSlot	com.badlogic.gdx.Input#isKeyPressed#key	Key	sge.Input.Key
OpaqueSlot	com.badlogic.gdx.Input#setCatchKey#keycode	Key	sge.Input.Key
OpaqueSlot	com.badlogic.gdx.Input#setCursorPosition#x	Pixels	sge.Pixels
OpaqueSlot	com.badlogic.gdx.Input#setCursorPosition#y	Pixels	sge.Pixels
OpaqueSlot	com.badlogic.gdx.Input$Buttons#BACK	Button	sge.Input.Button
OpaqueSlot	com.badlogic.gdx.Input$Buttons#FORWARD	Button	sge.Input.Button
OpaqueSlot	com.badlogic.gdx.Input$Buttons#LEFT	Button	sge.Input.Button
OpaqueSlot	com.badlogic.gdx.Input$Buttons#MIDDLE	Button	sge.Input.Button
OpaqueSlot	com.badlogic.gdx.Input$Buttons#RIGHT	Button	sge.Input.Button
OpaqueSlot	com.badlogic.gdx.Input$Keys#A	Key	sge.Input.Key
OpaqueSlot	com.badlogic.gdx.Input$Keys#ALT_LEFT	Key	sge.Input.Key
OpaqueSlot	com.badlogic.gdx.Input$Keys#ALT_RIGHT	Key	sge.Input.Key
OpaqueSlot	com.badlogic.gdx.Input$Keys#ANY_KEY	Key	sge.Input.Key
OpaqueSlot	com.badlogic.gdx.Input$Keys#APOSTROPHE	Key	sge.Input.Key
OpaqueSlot	com.badlogic.gdx.Input$Keys#AT	Key	sge.Input.Key
OpaqueSlot	com.badlogic.gdx.Input$Keys#B	Key	sge.Input.Key
OpaqueSlot	com.badlogic.gdx.Input$Keys#BACK	Key	sge.Input.Key
OpaqueSlot	com.badlogic.gdx.Input$Keys#BACKSLASH	Key	sge.Input.Key
OpaqueSlot	com.badlogic.gdx.Input$Keys#BACKSPACE	Key	sge.Input.Key
OpaqueSlot	com.badlogic.gdx.Input$Keys#BUTTON_A	Key	sge.Input.Key
OpaqueSlot	com.badlogic.gdx.Input$Keys#BUTTON_B	Key	sge.Input.Key
OpaqueSlot	com.badlogic.gdx.Input$Keys#BUTTON_C	Key	sge.Input.Key
OpaqueSlot	com.badlogic.gdx.Input$Keys#BUTTON_CIRCLE	Key	sge.Input.Key
OpaqueSlot	com.badlogic.gdx.Input$Keys#BUTTON_L1	Key	sge.Input.Key
OpaqueSlot	com.badlogic.gdx.Input$Keys#BUTTON_L2	Key	sge.Input.Key
OpaqueSlot	com.badlogic.gdx.Input$Keys#BUTTON_MODE	Key	sge.Input.Key
OpaqueSlot	com.badlogic.gdx.Input$Keys#BUTTON_R1	Key	sge.Input.Key
OpaqueSlot	com.badlogic.gdx.Input$Keys#BUTTON_R2	Key	sge.Input.Key
OpaqueSlot	com.badlogic.gdx.Input$Keys#BUTTON_SELECT	Key	sge.Input.Key
OpaqueSlot	com.badlogic.gdx.Input$Keys#BUTTON_START	Key	sge.Input.Key
OpaqueSlot	com.badlogic.gdx.Input$Keys#BUTTON_THUMBL	Key	sge.Input.Key
OpaqueSlot	com.badlogic.gdx.Input$Keys#BUTTON_THUMBR	Key	sge.Input.Key
OpaqueSlot	com.badlogic.gdx.Input$Keys#BUTTON_X	Key	sge.Input.Key
OpaqueSlot	com.badlogic.gdx.Input$Keys#BUTTON_Y	Key	sge.Input.Key
OpaqueSlot	com.badlogic.gdx.Input$Keys#BUTTON_Z	Key	sge.Input.Key
OpaqueSlot	com.badlogic.gdx.Input$Keys#C	Key	sge.Input.Key
OpaqueSlot	com.badlogic.gdx.Input$Keys#CALL	Key	sge.Input.Key
OpaqueSlot	com.badlogic.gdx.Input$Keys#CAMERA	Key	sge.Input.Key
OpaqueSlot	com.badlogic.gdx.Input$Keys#CAPS_LOCK	Key	sge.Input.Key
OpaqueSlot	com.badlogic.gdx.Input$Keys#CENTER	Key	sge.Input.Key
OpaqueSlot	com.badlogic.gdx.Input$Keys#CLEAR	Key	sge.Input.Key
OpaqueSlot	com.badlogic.gdx.Input$Keys#COLON	Key	sge.Input.Key
OpaqueSlot	com.badlogic.gdx.Input$Keys#COMMA	Key	sge.Input.Key
OpaqueSlot	com.badlogic.gdx.Input$Keys#CONTROL_LEFT	Key	sge.Input.Key
OpaqueSlot	com.badlogic.gdx.Input$Keys#CONTROL_RIGHT	Key	sge.Input.Key
OpaqueSlot	com.badlogic.gdx.Input$Keys#D	Key	sge.Input.Key
OpaqueSlot	com.badlogic.gdx.Input$Keys#DEL	Key	sge.Input.Key
OpaqueSlot	com.badlogic.gdx.Input$Keys#DOWN	Key	sge.Input.Key
OpaqueSlot	com.badlogic.gdx.Input$Keys#DPAD_CENTER	Key	sge.Input.Key
OpaqueSlot	com.badlogic.gdx.Input$Keys#DPAD_DOWN	Key	sge.Input.Key
OpaqueSlot	com.badlogic.gdx.Input$Keys#DPAD_LEFT	Key	sge.Input.Key
OpaqueSlot	com.badlogic.gdx.Input$Keys#DPAD_RIGHT	Key	sge.Input.Key
OpaqueSlot	com.badlogic.gdx.Input$Keys#DPAD_UP	Key	sge.Input.Key
OpaqueSlot	com.badlogic.gdx.Input$Keys#E	Key	sge.Input.Key
OpaqueSlot	com.badlogic.gdx.Input$Keys#END	Key	sge.Input.Key
OpaqueSlot	com.badlogic.gdx.Input$Keys#ENDCALL	Key	sge.Input.Key
OpaqueSlot	com.badlogic.gdx.Input$Keys#ENTER	Key	sge.Input.Key
OpaqueSlot	com.badlogic.gdx.Input$Keys#ENVELOPE	Key	sge.Input.Key
OpaqueSlot	com.badlogic.gdx.Input$Keys#EQUALS	Key	sge.Input.Key
OpaqueSlot	com.badlogic.gdx.Input$Keys#ESCAPE	Key	sge.Input.Key
OpaqueSlot	com.badlogic.gdx.Input$Keys#EXPLORER	Key	sge.Input.Key
OpaqueSlot	com.badlogic.gdx.Input$Keys#F	Key	sge.Input.Key
OpaqueSlot	com.badlogic.gdx.Input$Keys#F1	Key	sge.Input.Key
OpaqueSlot	com.badlogic.gdx.Input$Keys#F10	Key	sge.Input.Key
OpaqueSlot	com.badlogic.gdx.Input$Keys#F11	Key	sge.Input.Key
OpaqueSlot	com.badlogic.gdx.Input$Keys#F12	Key	sge.Input.Key
OpaqueSlot	com.badlogic.gdx.Input$Keys#F13	Key	sge.Input.Key
OpaqueSlot	com.badlogic.gdx.Input$Keys#F14	Key	sge.Input.Key
OpaqueSlot	com.badlogic.gdx.Input$Keys#F15	Key	sge.Input.Key
OpaqueSlot	com.badlogic.gdx.Input$Keys#F16	Key	sge.Input.Key
OpaqueSlot	com.badlogic.gdx.Input$Keys#F17	Key	sge.Input.Key
OpaqueSlot	com.badlogic.gdx.Input$Keys#F18	Key	sge.Input.Key
OpaqueSlot	com.badlogic.gdx.Input$Keys#F19	Key	sge.Input.Key
OpaqueSlot	com.badlogic.gdx.Input$Keys#F2	Key	sge.Input.Key
OpaqueSlot	com.badlogic.gdx.Input$Keys#F20	Key	sge.Input.Key
OpaqueSlot	com.badlogic.gdx.Input$Keys#F21	Key	sge.Input.Key
OpaqueSlot	com.badlogic.gdx.Input$Keys#F22	Key	sge.Input.Key
OpaqueSlot	com.badlogic.gdx.Input$Keys#F23	Key	sge.Input.Key
OpaqueSlot	com.badlogic.gdx.Input$Keys#F24	Key	sge.Input.Key
OpaqueSlot	com.badlogic.gdx.Input$Keys#F3	Key	sge.Input.Key
OpaqueSlot	com.badlogic.gdx.Input$Keys#F4	Key	sge.Input.Key
OpaqueSlot	com.badlogic.gdx.Input$Keys#F5	Key	sge.Input.Key
OpaqueSlot	com.badlogic.gdx.Input$Keys#F6	Key	sge.Input.Key
OpaqueSlot	com.badlogic.gdx.Input$Keys#F7	Key	sge.Input.Key
OpaqueSlot	com.badlogic.gdx.Input$Keys#F8	Key	sge.Input.Key
OpaqueSlot	com.badlogic.gdx.Input$Keys#F9	Key	sge.Input.Key
OpaqueSlot	com.badlogic.gdx.Input$Keys#FOCUS	Key	sge.Input.Key
OpaqueSlot	com.badlogic.gdx.Input$Keys#FORWARD_DEL	Key	sge.Input.Key
OpaqueSlot	com.badlogic.gdx.Input$Keys#G	Key	sge.Input.Key
OpaqueSlot	com.badlogic.gdx.Input$Keys#GRAVE	Key	sge.Input.Key
OpaqueSlot	com.badlogic.gdx.Input$Keys#H	Key	sge.Input.Key
OpaqueSlot	com.badlogic.gdx.Input$Keys#HEADSETHOOK	Key	sge.Input.Key
OpaqueSlot	com.badlogic.gdx.Input$Keys#HOME	Key	sge.Input.Key
OpaqueSlot	com.badlogic.gdx.Input$Keys#I	Key	sge.Input.Key
OpaqueSlot	com.badlogic.gdx.Input$Keys#INSERT	Key	sge.Input.Key
OpaqueSlot	com.badlogic.gdx.Input$Keys#J	Key	sge.Input.Key
OpaqueSlot	com.badlogic.gdx.Input$Keys#K	Key	sge.Input.Key
OpaqueSlot	com.badlogic.gdx.Input$Keys#L	Key	sge.Input.Key
OpaqueSlot	com.badlogic.gdx.Input$Keys#LEFT	Key	sge.Input.Key
OpaqueSlot	com.badlogic.gdx.Input$Keys#LEFT_BRACKET	Key	sge.Input.Key
OpaqueSlot	com.badlogic.gdx.Input$Keys#M	Key	sge.Input.Key
OpaqueSlot	com.badlogic.gdx.Input$Keys#MAX_KEYCODE	Key	sge.Input.Key
OpaqueSlot	com.badlogic.gdx.Input$Keys#MEDIA_FAST_FORWARD	Key	sge.Input.Key
OpaqueSlot	com.badlogic.gdx.Input$Keys#MEDIA_NEXT	Key	sge.Input.Key
OpaqueSlot	com.badlogic.gdx.Input$Keys#MEDIA_PLAY_PAUSE	Key	sge.Input.Key
OpaqueSlot	com.badlogic.gdx.Input$Keys#MEDIA_PREVIOUS	Key	sge.Input.Key
OpaqueSlot	com.badlogic.gdx.Input$Keys#MEDIA_REWIND	Key	sge.Input.Key
OpaqueSlot	com.badlogic.gdx.Input$Keys#MEDIA_STOP	Key	sge.Input.Key
OpaqueSlot	com.badlogic.gdx.Input$Keys#MENU	Key	sge.Input.Key
OpaqueSlot	com.badlogic.gdx.Input$Keys#META_ALT_LEFT_ON	Key	sge.Input.Key
OpaqueSlot	com.badlogic.gdx.Input$Keys#META_ALT_ON	Key	sge.Input.Key
OpaqueSlot	com.badlogic.gdx.Input$Keys#META_ALT_RIGHT_ON	Key	sge.Input.Key
OpaqueSlot	com.badlogic.gdx.Input$Keys#META_SHIFT_LEFT_ON	Key	sge.Input.Key
OpaqueSlot	com.badlogic.gdx.Input$Keys#META_SHIFT_ON	Key	sge.Input.Key
OpaqueSlot	com.badlogic.gdx.Input$Keys#META_SHIFT_RIGHT_ON	Key	sge.Input.Key
OpaqueSlot	com.badlogic.gdx.Input$Keys#META_SYM_ON	Key	sge.Input.Key
OpaqueSlot	com.badlogic.gdx.Input$Keys#MINUS	Key	sge.Input.Key
OpaqueSlot	com.badlogic.gdx.Input$Keys#MUTE	Key	sge.Input.Key
OpaqueSlot	com.badlogic.gdx.Input$Keys#N	Key	sge.Input.Key
OpaqueSlot	com.badlogic.gdx.Input$Keys#NOTIFICATION	Key	sge.Input.Key
OpaqueSlot	com.badlogic.gdx.Input$Keys#NUM	Key	sge.Input.Key
OpaqueSlot	com.badlogic.gdx.Input$Keys#NUMPAD_0	Key	sge.Input.Key
OpaqueSlot	com.badlogic.gdx.Input$Keys#NUMPAD_1	Key	sge.Input.Key
OpaqueSlot	com.badlogic.gdx.Input$Keys#NUMPAD_2	Key	sge.Input.Key
OpaqueSlot	com.badlogic.gdx.Input$Keys#NUMPAD_3	Key	sge.Input.Key
OpaqueSlot	com.badlogic.gdx.Input$Keys#NUMPAD_4	Key	sge.Input.Key
OpaqueSlot	com.badlogic.gdx.Input$Keys#NUMPAD_5	Key	sge.Input.Key
OpaqueSlot	com.badlogic.gdx.Input$Keys#NUMPAD_6	Key	sge.Input.Key
OpaqueSlot	com.badlogic.gdx.Input$Keys#NUMPAD_7	Key	sge.Input.Key
OpaqueSlot	com.badlogic.gdx.Input$Keys#NUMPAD_8	Key	sge.Input.Key
OpaqueSlot	com.badlogic.gdx.Input$Keys#NUMPAD_9	Key	sge.Input.Key
OpaqueSlot	com.badlogic.gdx.Input$Keys#NUMPAD_ADD	Key	sge.Input.Key
OpaqueSlot	com.badlogic.gdx.Input$Keys#NUMPAD_COMMA	Key	sge.Input.Key
OpaqueSlot	com.badlogic.gdx.Input$Keys#NUMPAD_DIVIDE	Key	sge.Input.Key
OpaqueSlot	com.badlogic.gdx.Input$Keys#NUMPAD_DOT	Key	sge.Input.Key
OpaqueSlot	com.badlogic.gdx.Input$Keys#NUMPAD_ENTER	Key	sge.Input.Key
OpaqueSlot	com.badlogic.gdx.Input$Keys#NUMPAD_EQUALS	Key	sge.Input.Key
OpaqueSlot	com.badlogic.gdx.Input$Keys#NUMPAD_LEFT_PAREN	Key	sge.Input.Key
OpaqueSlot	com.badlogic.gdx.Input$Keys#NUMPAD_MULTIPLY	Key	sge.Input.Key
OpaqueSlot	com.badlogic.gdx.Input$Keys#NUMPAD_RIGHT_PAREN	Key	sge.Input.Key
OpaqueSlot	com.badlogic.gdx.Input$Keys#NUMPAD_SUBTRACT	Key	sge.Input.Key
OpaqueSlot	com.badlogic.gdx.Input$Keys#NUM_0	Key	sge.Input.Key
OpaqueSlot	com.badlogic.gdx.Input$Keys#NUM_1	Key	sge.Input.Key
OpaqueSlot	com.badlogic.gdx.Input$Keys#NUM_2	Key	sge.Input.Key
OpaqueSlot	com.badlogic.gdx.Input$Keys#NUM_3	Key	sge.Input.Key
OpaqueSlot	com.badlogic.gdx.Input$Keys#NUM_4	Key	sge.Input.Key
OpaqueSlot	com.badlogic.gdx.Input$Keys#NUM_5	Key	sge.Input.Key
OpaqueSlot	com.badlogic.gdx.Input$Keys#NUM_6	Key	sge.Input.Key
OpaqueSlot	com.badlogic.gdx.Input$Keys#NUM_7	Key	sge.Input.Key
OpaqueSlot	com.badlogic.gdx.Input$Keys#NUM_8	Key	sge.Input.Key
OpaqueSlot	com.badlogic.gdx.Input$Keys#NUM_9	Key	sge.Input.Key
OpaqueSlot	com.badlogic.gdx.Input$Keys#NUM_LOCK	Key	sge.Input.Key
OpaqueSlot	com.badlogic.gdx.Input$Keys#O	Key	sge.Input.Key
OpaqueSlot	com.badlogic.gdx.Input$Keys#P	Key	sge.Input.Key
OpaqueSlot	com.badlogic.gdx.Input$Keys#PAGE_DOWN	Key	sge.Input.Key
OpaqueSlot	com.badlogic.gdx.Input$Keys#PAGE_UP	Key	sge.Input.Key
OpaqueSlot	com.badlogic.gdx.Input$Keys#PAUSE	Key	sge.Input.Key
OpaqueSlot	com.badlogic.gdx.Input$Keys#PERIOD	Key	sge.Input.Key
OpaqueSlot	com.badlogic.gdx.Input$Keys#PICTSYMBOLS	Key	sge.Input.Key
OpaqueSlot	com.badlogic.gdx.Input$Keys#PLUS	Key	sge.Input.Key
OpaqueSlot	com.badlogic.gdx.Input$Keys#POUND	Key	sge.Input.Key
OpaqueSlot	com.badlogic.gdx.Input$Keys#POWER	Key	sge.Input.Key
OpaqueSlot	com.badlogic.gdx.Input$Keys#PRINT_SCREEN	Key	sge.Input.Key
OpaqueSlot	com.badlogic.gdx.Input$Keys#Q	Key	sge.Input.Key
OpaqueSlot	com.badlogic.gdx.Input$Keys#R	Key	sge.Input.Key
OpaqueSlot	com.badlogic.gdx.Input$Keys#RIGHT	Key	sge.Input.Key
OpaqueSlot	com.badlogic.gdx.Input$Keys#RIGHT_BRACKET	Key	sge.Input.Key
OpaqueSlot	com.badlogic.gdx.Input$Keys#S	Key	sge.Input.Key
OpaqueSlot	com.badlogic.gdx.Input$Keys#SCROLL_LOCK	Key	sge.Input.Key
OpaqueSlot	com.badlogic.gdx.Input$Keys#SEARCH	Key	sge.Input.Key
OpaqueSlot	com.badlogic.gdx.Input$Keys#SEMICOLON	Key	sge.Input.Key
OpaqueSlot	com.badlogic.gdx.Input$Keys#SHIFT_LEFT	Key	sge.Input.Key
OpaqueSlot	com.badlogic.gdx.Input$Keys#SHIFT_RIGHT	Key	sge.Input.Key
OpaqueSlot	com.badlogic.gdx.Input$Keys#SLASH	Key	sge.Input.Key
OpaqueSlot	com.badlogic.gdx.Input$Keys#SOFT_LEFT	Key	sge.Input.Key
OpaqueSlot	com.badlogic.gdx.Input$Keys#SOFT_RIGHT	Key	sge.Input.Key
OpaqueSlot	com.badlogic.gdx.Input$Keys#SPACE	Key	sge.Input.Key
OpaqueSlot	com.badlogic.gdx.Input$Keys#STAR	Key	sge.Input.Key
OpaqueSlot	com.badlogic.gdx.Input$Keys#SWITCH_CHARSET	Key	sge.Input.Key
OpaqueSlot	com.badlogic.gdx.Input$Keys#SYM	Key	sge.Input.Key
OpaqueSlot	com.badlogic.gdx.Input$Keys#T	Key	sge.Input.Key
OpaqueSlot	com.badlogic.gdx.Input$Keys#TAB	Key	sge.Input.Key
OpaqueSlot	com.badlogic.gdx.Input$Keys#U	Key	sge.Input.Key
OpaqueSlot	com.badlogic.gdx.Input$Keys#UNKNOWN	Key	sge.Input.Key
OpaqueSlot	com.badlogic.gdx.Input$Keys#UP	Key	sge.Input.Key
OpaqueSlot	com.badlogic.gdx.Input$Keys#V	Key	sge.Input.Key
OpaqueSlot	com.badlogic.gdx.Input$Keys#VOLUME_DOWN	Key	sge.Input.Key
OpaqueSlot	com.badlogic.gdx.Input$Keys#VOLUME_UP	Key	sge.Input.Key
OpaqueSlot	com.badlogic.gdx.Input$Keys#W	Key	sge.Input.Key
OpaqueSlot	com.badlogic.gdx.Input$Keys#WORLD_1	Key	sge.Input.Key
OpaqueSlot	com.badlogic.gdx.Input$Keys#WORLD_2	Key	sge.Input.Key
OpaqueSlot	com.badlogic.gdx.Input$Keys#X	Key	sge.Input.Key
OpaqueSlot	com.badlogic.gdx.Input$Keys#Y	Key	sge.Input.Key
OpaqueSlot	com.badlogic.gdx.Input$Keys#Z	Key	sge.Input.Key
OpaqueSlot	com.badlogic.gdx.Input$Keys#toString#keycode	Key	sge.Input.Key
OpaqueSlot	com.badlogic.gdx.Input$Keys#valueOf	Key	sge.Input.Key
OpaqueSlot	com.badlogic.gdx.InputEventQueue#getCurrentEventTime	Nanos	sge.utils.Nanos
OpaqueSlot	com.badlogic.gdx.InputEventQueue#keyDown#keycode	Key	sge.Input.Key
OpaqueSlot	com.badlogic.gdx.InputEventQueue#keyDown#time	Nanos	sge.utils.Nanos
OpaqueSlot	com.badlogic.gdx.InputEventQueue#keyTyped#time	Nanos	sge.utils.Nanos
OpaqueSlot	com.badlogic.gdx.InputEventQueue#keyUp#keycode	Key	sge.Input.Key
OpaqueSlot	com.badlogic.gdx.InputEventQueue#keyUp#time	Nanos	sge.utils.Nanos
OpaqueSlot	com.badlogic.gdx.InputEventQueue#mouseMoved#screenX	Pixels	sge.Pixels
OpaqueSlot	com.badlogic.gdx.InputEventQueue#mouseMoved#screenY	Pixels	sge.Pixels
OpaqueSlot	com.badlogic.gdx.InputEventQueue#mouseMoved#time	Nanos	sge.utils.Nanos
OpaqueSlot	com.badlogic.gdx.InputEventQueue#scrolled#time	Nanos	sge.utils.Nanos
OpaqueSlot	com.badlogic.gdx.InputEventQueue#touchDown#button	Button	sge.Input.Button
OpaqueSlot	com.badlogic.gdx.InputEventQueue#touchDown#screenX	Pixels	sge.Pixels
OpaqueSlot	com.badlogic.gdx.InputEventQueue#touchDown#screenY	Pixels	sge.Pixels
OpaqueSlot	com.badlogic.gdx.InputEventQueue#touchDown#time	Nanos	sge.utils.Nanos
OpaqueSlot	com.badlogic.gdx.InputEventQueue#touchDragged#screenX	Pixels	sge.Pixels
OpaqueSlot	com.badlogic.gdx.InputEventQueue#touchDragged#screenY	Pixels	sge.Pixels
OpaqueSlot	com.badlogic.gdx.InputEventQueue#touchDragged#time	Nanos	sge.utils.Nanos
OpaqueSlot	com.badlogic.gdx.InputEventQueue#touchUp#button	Button	sge.Input.Button
OpaqueSlot	com.badlogic.gdx.InputEventQueue#touchUp#screenX	Pixels	sge.Pixels
OpaqueSlot	com.badlogic.gdx.InputEventQueue#touchUp#screenY	Pixels	sge.Pixels
OpaqueSlot	com.badlogic.gdx.InputEventQueue#touchUp#time	Nanos	sge.utils.Nanos
OpaqueSlot	com.badlogic.gdx.InputMultiplexer#keyDown#keycode	Key	sge.Input.Key
OpaqueSlot	com.badlogic.gdx.InputMultiplexer#keyUp#keycode	Key	sge.Input.Key
OpaqueSlot	com.badlogic.gdx.InputMultiplexer#mouseMoved#screenX	Pixels	sge.Pixels
OpaqueSlot	com.badlogic.gdx.InputMultiplexer#mouseMoved#screenY	Pixels	sge.Pixels
OpaqueSlot	com.badlogic.gdx.InputMultiplexer#touchCancelled#button	Button	sge.Input.Button
OpaqueSlot	com.badlogic.gdx.InputMultiplexer#touchCancelled#screenX	Pixels	sge.Pixels
OpaqueSlot	com.badlogic.gdx.InputMultiplexer#touchCancelled#screenY	Pixels	sge.Pixels
OpaqueSlot	com.badlogic.gdx.InputMultiplexer#touchDown#button	Button	sge.Input.Button
OpaqueSlot	com.badlogic.gdx.InputMultiplexer#touchDown#screenX	Pixels	sge.Pixels
OpaqueSlot	com.badlogic.gdx.InputMultiplexer#touchDown#screenY	Pixels	sge.Pixels
OpaqueSlot	com.badlogic.gdx.InputMultiplexer#touchDragged#screenX	Pixels	sge.Pixels
OpaqueSlot	com.badlogic.gdx.InputMultiplexer#touchDragged#screenY	Pixels	sge.Pixels
OpaqueSlot	com.badlogic.gdx.InputMultiplexer#touchUp#button	Button	sge.Input.Button
OpaqueSlot	com.badlogic.gdx.InputMultiplexer#touchUp#screenX	Pixels	sge.Pixels
OpaqueSlot	com.badlogic.gdx.InputMultiplexer#touchUp#screenY	Pixels	sge.Pixels
OpaqueSlot	com.badlogic.gdx.InputProcessor#keyDown#keycode	Key	sge.Input.Key
OpaqueSlot	com.badlogic.gdx.InputProcessor#keyUp#keycode	Key	sge.Input.Key
OpaqueSlot	com.badlogic.gdx.InputProcessor#mouseMoved#screenX	Pixels	sge.Pixels
OpaqueSlot	com.badlogic.gdx.InputProcessor#mouseMoved#screenY	Pixels	sge.Pixels
OpaqueSlot	com.badlogic.gdx.InputProcessor#touchCancelled#button	Button	sge.Input.Button
OpaqueSlot	com.badlogic.gdx.InputProcessor#touchCancelled#screenX	Pixels	sge.Pixels
OpaqueSlot	com.badlogic.gdx.InputProcessor#touchCancelled#screenY	Pixels	sge.Pixels
OpaqueSlot	com.badlogic.gdx.InputProcessor#touchDown#button	Button	sge.Input.Button
OpaqueSlot	com.badlogic.gdx.InputProcessor#touchDown#screenX	Pixels	sge.Pixels
OpaqueSlot	com.badlogic.gdx.InputProcessor#touchDown#screenY	Pixels	sge.Pixels
OpaqueSlot	com.badlogic.gdx.InputProcessor#touchDragged#screenX	Pixels	sge.Pixels
OpaqueSlot	com.badlogic.gdx.InputProcessor#touchDragged#screenY	Pixels	sge.Pixels
OpaqueSlot	com.badlogic.gdx.InputProcessor#touchUp#button	Button	sge.Input.Button
OpaqueSlot	com.badlogic.gdx.InputProcessor#touchUp#screenX	Pixels	sge.Pixels
OpaqueSlot	com.badlogic.gdx.InputProcessor#touchUp#screenY	Pixels	sge.Pixels
OpaqueSlot	com.badlogic.gdx.Screen#render#delta	Seconds	sge.utils.Seconds
OpaqueSlot	com.badlogic.gdx.Screen#resize#height	Pixels	sge.Pixels
OpaqueSlot	com.badlogic.gdx.Screen#resize#width	Pixels	sge.Pixels
OpaqueSlot	com.badlogic.gdx.assets.AssetLoadingTask#startTime	sge.utils.Nanos	sge.utils.Nanos
OpaqueSlot	com.badlogic.gdx.audio.AudioDevice#setVolume#volume	Volume	sge.audio.Volume
OpaqueSlot	com.badlogic.gdx.audio.Music#getPosition	Position	sge.audio.Position
OpaqueSlot	com.badlogic.gdx.audio.Music#getVolume	Volume	sge.audio.Volume
OpaqueSlot	com.badlogic.gdx.audio.Music#setPan#pan	Pan	sge.audio.Pan
OpaqueSlot	com.badlogic.gdx.audio.Music#setPan#volume	Volume	sge.audio.Volume
OpaqueSlot	com.badlogic.gdx.audio.Music#setPosition#position	Position	sge.audio.Position
OpaqueSlot	com.badlogic.gdx.audio.Music#setVolume#volume	Volume	sge.audio.Volume
OpaqueSlot	com.badlogic.gdx.audio.Sound#loop()	SoundId	sge.audio.SoundId
OpaqueSlot	com.badlogic.gdx.audio.Sound#loop(float)	SoundId	sge.audio.SoundId
OpaqueSlot	com.badlogic.gdx.audio.Sound#loop(float)#volume	Volume	sge.audio.Volume
OpaqueSlot	com.badlogic.gdx.audio.Sound#loop(float,float,float)	SoundId	sge.audio.SoundId
OpaqueSlot	com.badlogic.gdx.audio.Sound#loop(float,float,float)#pan	Pan	sge.audio.Pan
OpaqueSlot	com.badlogic.gdx.audio.Sound#loop(float,float,float)#pitch	Pitch	sge.audio.Pitch
OpaqueSlot	com.badlogic.gdx.audio.Sound#loop(float,float,float)#volume	Volume	sge.audio.Volume
OpaqueSlot	com.badlogic.gdx.audio.Sound#pause(long)#soundId	SoundId	sge.audio.SoundId
OpaqueSlot	com.badlogic.gdx.audio.Sound#play()	SoundId	sge.audio.SoundId
OpaqueSlot	com.badlogic.gdx.audio.Sound#play(float)	SoundId	sge.audio.SoundId
OpaqueSlot	com.badlogic.gdx.audio.Sound#play(float)#volume	Volume	sge.audio.Volume
OpaqueSlot	com.badlogic.gdx.audio.Sound#play(float,float,float)	SoundId	sge.audio.SoundId
OpaqueSlot	com.badlogic.gdx.audio.Sound#play(float,float,float)#pan	Pan	sge.audio.Pan
OpaqueSlot	com.badlogic.gdx.audio.Sound#play(float,float,float)#pitch	Pitch	sge.audio.Pitch
OpaqueSlot	com.badlogic.gdx.audio.Sound#play(float,float,float)#volume	Volume	sge.audio.Volume
OpaqueSlot	com.badlogic.gdx.audio.Sound#resume(long)#soundId	SoundId	sge.audio.SoundId
OpaqueSlot	com.badlogic.gdx.audio.Sound#setLooping#soundId	SoundId	sge.audio.SoundId
OpaqueSlot	com.badlogic.gdx.audio.Sound#setPan#pan	Pan	sge.audio.Pan
OpaqueSlot	com.badlogic.gdx.audio.Sound#setPan#soundId	SoundId	sge.audio.SoundId
OpaqueSlot	com.badlogic.gdx.audio.Sound#setPan#volume	Volume	sge.audio.Volume
OpaqueSlot	com.badlogic.gdx.audio.Sound#setPitch#pitch	Pitch	sge.audio.Pitch
OpaqueSlot	com.badlogic.gdx.audio.Sound#setPitch#soundId	SoundId	sge.audio.SoundId
OpaqueSlot	com.badlogic.gdx.audio.Sound#setVolume#soundId	SoundId	sge.audio.SoundId
OpaqueSlot	com.badlogic.gdx.audio.Sound#setVolume#volume	Volume	sge.audio.Volume
OpaqueSlot	com.badlogic.gdx.audio.Sound#stop(long)#soundId	SoundId	sge.audio.SoundId
OpaqueSlot	com.badlogic.gdx.graphics.Camera#viewportHeight	WorldUnits	sge.WorldUnits
OpaqueSlot	com.badlogic.gdx.graphics.Camera#viewportWidth	WorldUnits	sge.WorldUnits
OpaqueSlot	com.badlogic.gdx.graphics.Cubemap#getHeight	Pixels	sge.Pixels
OpaqueSlot	com.badlogic.gdx.graphics.Cubemap#getWidth	Pixels	sge.Pixels
OpaqueSlot	com.badlogic.gdx.graphics.Cubemap$CubemapSide#getGLEnum	TextureTarget	sge.graphics.TextureTarget
OpaqueSlot	com.badlogic.gdx.graphics.Cubemap$CubemapSide#glEnum	TextureTarget	sge.graphics.TextureTarget
OpaqueSlot	com.badlogic.gdx.graphics.GL20#glBindBuffer#target	BufferTarget	sge.graphics.BufferTarget
OpaqueSlot	com.badlogic.gdx.graphics.GL20#glBindTexture#target	TextureTarget	sge.graphics.TextureTarget
OpaqueSlot	com.badlogic.gdx.graphics.GL20#glBlendEquation#mode	BlendEquation	sge.graphics.BlendEquation
OpaqueSlot	com.badlogic.gdx.graphics.GL20#glBlendEquationSeparate#modeAlpha	BlendEquation	sge.graphics.BlendEquation
OpaqueSlot	com.badlogic.gdx.graphics.GL20#glBlendEquationSeparate#modeRGB	BlendEquation	sge.graphics.BlendEquation
OpaqueSlot	com.badlogic.gdx.graphics.GL20#glBlendFunc#dfactor	BlendFactor	sge.graphics.BlendFactor
OpaqueSlot	com.badlogic.gdx.graphics.GL20#glBlendFunc#sfactor	BlendFactor	sge.graphics.BlendFactor
OpaqueSlot	com.badlogic.gdx.graphics.GL20#glBlendFuncSeparate#dstAlpha	BlendFactor	sge.graphics.BlendFactor
OpaqueSlot	com.badlogic.gdx.graphics.GL20#glBlendFuncSeparate#dstRGB	BlendFactor	sge.graphics.BlendFactor
OpaqueSlot	com.badlogic.gdx.graphics.GL20#glBlendFuncSeparate#srcAlpha	BlendFactor	sge.graphics.BlendFactor
OpaqueSlot	com.badlogic.gdx.graphics.GL20#glBlendFuncSeparate#srcRGB	BlendFactor	sge.graphics.BlendFactor
OpaqueSlot	com.badlogic.gdx.graphics.GL20#glBufferData#target	BufferTarget	sge.graphics.BufferTarget
OpaqueSlot	com.badlogic.gdx.graphics.GL20#glBufferData#usage	BufferUsage	sge.graphics.BufferUsage
OpaqueSlot	com.badlogic.gdx.graphics.GL20#glBufferSubData#target	BufferTarget	sge.graphics.BufferTarget
OpaqueSlot	com.badlogic.gdx.graphics.GL20#glClear#mask	ClearMask	sge.graphics.ClearMask
OpaqueSlot	com.badlogic.gdx.graphics.GL20#glCompressedTexImage2D#height	Pixels	sge.Pixels
OpaqueSlot	com.badlogic.gdx.graphics.GL20#glCompressedTexImage2D#target	TextureTarget	sge.graphics.TextureTarget
OpaqueSlot	com.badlogic.gdx.graphics.GL20#glCompressedTexImage2D#width	Pixels	sge.Pixels
OpaqueSlot	com.badlogic.gdx.graphics.GL20#glCompressedTexSubImage2D#format	PixelFormat	sge.graphics.PixelFormat
OpaqueSlot	com.badlogic.gdx.graphics.GL20#glCompressedTexSubImage2D#height	Pixels	sge.Pixels
OpaqueSlot	com.badlogic.gdx.graphics.GL20#glCompressedTexSubImage2D#target	TextureTarget	sge.graphics.TextureTarget
OpaqueSlot	com.badlogic.gdx.graphics.GL20#glCompressedTexSubImage2D#width	Pixels	sge.Pixels
OpaqueSlot	com.badlogic.gdx.graphics.GL20#glCompressedTexSubImage2D#xoffset	Pixels	sge.Pixels
OpaqueSlot	com.badlogic.gdx.graphics.GL20#glCompressedTexSubImage2D#yoffset	Pixels	sge.Pixels
OpaqueSlot	com.badlogic.gdx.graphics.GL20#glCopyTexImage2D#height	Pixels	sge.Pixels
OpaqueSlot	com.badlogic.gdx.graphics.GL20#glCopyTexImage2D#target	TextureTarget	sge.graphics.TextureTarget
OpaqueSlot	com.badlogic.gdx.graphics.GL20#glCopyTexImage2D#width	Pixels	sge.Pixels
OpaqueSlot	com.badlogic.gdx.graphics.GL20#glCopyTexImage2D#x	Pixels	sge.Pixels
OpaqueSlot	com.badlogic.gdx.graphics.GL20#glCopyTexImage2D#y	Pixels	sge.Pixels
OpaqueSlot	com.badlogic.gdx.graphics.GL20#glCopyTexSubImage2D#height	Pixels	sge.Pixels
OpaqueSlot	com.badlogic.gdx.graphics.GL20#glCopyTexSubImage2D#target	TextureTarget	sge.graphics.TextureTarget
OpaqueSlot	com.badlogic.gdx.graphics.GL20#glCopyTexSubImage2D#width	Pixels	sge.Pixels
OpaqueSlot	com.badlogic.gdx.graphics.GL20#glCopyTexSubImage2D#x	Pixels	sge.Pixels
OpaqueSlot	com.badlogic.gdx.graphics.GL20#glCopyTexSubImage2D#xoffset	Pixels	sge.Pixels
OpaqueSlot	com.badlogic.gdx.graphics.GL20#glCopyTexSubImage2D#y	Pixels	sge.Pixels
OpaqueSlot	com.badlogic.gdx.graphics.GL20#glCopyTexSubImage2D#yoffset	Pixels	sge.Pixels
OpaqueSlot	com.badlogic.gdx.graphics.GL20#glCreateShader#type	ShaderType	sge.graphics.ShaderType
OpaqueSlot	com.badlogic.gdx.graphics.GL20#glCullFace#mode	CullFace	sge.graphics.CullFace
OpaqueSlot	com.badlogic.gdx.graphics.GL20#glDepthFunc#func	CompareFunc	sge.graphics.CompareFunc
OpaqueSlot	com.badlogic.gdx.graphics.GL20#glDisable#cap	EnableCap	sge.graphics.EnableCap
OpaqueSlot	com.badlogic.gdx.graphics.GL20#glDrawArrays#mode	PrimitiveMode	sge.graphics.PrimitiveMode
OpaqueSlot	com.badlogic.gdx.graphics.GL20#glDrawElements(int,int,int,Buffer)#mode	PrimitiveMode	sge.graphics.PrimitiveMode
OpaqueSlot	com.badlogic.gdx.graphics.GL20#glDrawElements(int,int,int,Buffer)#type	DataType	sge.graphics.DataType
OpaqueSlot	com.badlogic.gdx.graphics.GL20#glDrawElements(int,int,int,int)#mode	PrimitiveMode	sge.graphics.PrimitiveMode
OpaqueSlot	com.badlogic.gdx.graphics.GL20#glDrawElements(int,int,int,int)#type	DataType	sge.graphics.DataType
OpaqueSlot	com.badlogic.gdx.graphics.GL20#glEnable#cap	EnableCap	sge.graphics.EnableCap
OpaqueSlot	com.badlogic.gdx.graphics.GL20#glFramebufferTexture2D#textarget	TextureTarget	sge.graphics.TextureTarget
OpaqueSlot	com.badlogic.gdx.graphics.GL20#glGenerateMipmap#target	TextureTarget	sge.graphics.TextureTarget
OpaqueSlot	com.badlogic.gdx.graphics.GL20#glGetBufferParameteriv#target	BufferTarget	sge.graphics.BufferTarget
OpaqueSlot	com.badlogic.gdx.graphics.GL20#glGetShaderPrecisionFormat#shadertype	ShaderType	sge.graphics.ShaderType
OpaqueSlot	com.badlogic.gdx.graphics.GL20#glGetTexParameterfv#target	TextureTarget	sge.graphics.TextureTarget
OpaqueSlot	com.badlogic.gdx.graphics.GL20#glGetTexParameteriv#target	TextureTarget	sge.graphics.TextureTarget
OpaqueSlot	com.badlogic.gdx.graphics.GL20#glIsEnabled#cap	EnableCap	sge.graphics.EnableCap
OpaqueSlot	com.badlogic.gdx.graphics.GL20#glReadPixels#format	PixelFormat	sge.graphics.PixelFormat
OpaqueSlot	com.badlogic.gdx.graphics.GL20#glReadPixels#height	Pixels	sge.Pixels
OpaqueSlot	com.badlogic.gdx.graphics.GL20#glReadPixels#type	DataType	sge.graphics.DataType
OpaqueSlot	com.badlogic.gdx.graphics.GL20#glReadPixels#width	Pixels	sge.Pixels
OpaqueSlot	com.badlogic.gdx.graphics.GL20#glReadPixels#x	Pixels	sge.Pixels
OpaqueSlot	com.badlogic.gdx.graphics.GL20#glReadPixels#y	Pixels	sge.Pixels
OpaqueSlot	com.badlogic.gdx.graphics.GL20#glRenderbufferStorage#height	Pixels	sge.Pixels
OpaqueSlot	com.badlogic.gdx.graphics.GL20#glRenderbufferStorage#width	Pixels	sge.Pixels
OpaqueSlot	com.badlogic.gdx.graphics.GL20#glScissor#height	Pixels	sge.Pixels
OpaqueSlot	com.badlogic.gdx.graphics.GL20#glScissor#width	Pixels	sge.Pixels
OpaqueSlot	com.badlogic.gdx.graphics.GL20#glScissor#x	Pixels	sge.Pixels
OpaqueSlot	com.badlogic.gdx.graphics.GL20#glScissor#y	Pixels	sge.Pixels
OpaqueSlot	com.badlogic.gdx.graphics.GL20#glStencilFunc#func	CompareFunc	sge.graphics.CompareFunc
OpaqueSlot	com.badlogic.gdx.graphics.GL20#glStencilFuncSeparate#face	CullFace	sge.graphics.CullFace
OpaqueSlot	com.badlogic.gdx.graphics.GL20#glStencilFuncSeparate#func	CompareFunc	sge.graphics.CompareFunc
OpaqueSlot	com.badlogic.gdx.graphics.GL20#glStencilMaskSeparate#face	CullFace	sge.graphics.CullFace
OpaqueSlot	com.badlogic.gdx.graphics.GL20#glStencilOp#fail	StencilOp	sge.graphics.StencilOp
OpaqueSlot	com.badlogic.gdx.graphics.GL20#glStencilOp#zfail	StencilOp	sge.graphics.StencilOp
OpaqueSlot	com.badlogic.gdx.graphics.GL20#glStencilOp#zpass	StencilOp	sge.graphics.StencilOp
OpaqueSlot	com.badlogic.gdx.graphics.GL20#glStencilOpSeparate#face	CullFace	sge.graphics.CullFace
OpaqueSlot	com.badlogic.gdx.graphics.GL20#glStencilOpSeparate#fail	StencilOp	sge.graphics.StencilOp
OpaqueSlot	com.badlogic.gdx.graphics.GL20#glStencilOpSeparate#zfail	StencilOp	sge.graphics.StencilOp
OpaqueSlot	com.badlogic.gdx.graphics.GL20#glStencilOpSeparate#zpass	StencilOp	sge.graphics.StencilOp
OpaqueSlot	com.badlogic.gdx.graphics.GL20#glTexImage2D#format	PixelFormat	sge.graphics.PixelFormat
OpaqueSlot	com.badlogic.gdx.graphics.GL20#glTexImage2D#height	Pixels	sge.Pixels
OpaqueSlot	com.badlogic.gdx.graphics.GL20#glTexImage2D#target	TextureTarget	sge.graphics.TextureTarget
OpaqueSlot	com.badlogic.gdx.graphics.GL20#glTexImage2D#type	DataType	sge.graphics.DataType
OpaqueSlot	com.badlogic.gdx.graphics.GL20#glTexImage2D#width	Pixels	sge.Pixels
OpaqueSlot	com.badlogic.gdx.graphics.GL20#glTexParameterf#target	TextureTarget	sge.graphics.TextureTarget
OpaqueSlot	com.badlogic.gdx.graphics.GL20#glTexParameterfv#target	TextureTarget	sge.graphics.TextureTarget
OpaqueSlot	com.badlogic.gdx.graphics.GL20#glTexParameteri#target	TextureTarget	sge.graphics.TextureTarget
OpaqueSlot	com.badlogic.gdx.graphics.GL20#glTexParameteriv#target	TextureTarget	sge.graphics.TextureTarget
OpaqueSlot	com.badlogic.gdx.graphics.GL20#glTexSubImage2D#format	PixelFormat	sge.graphics.PixelFormat
OpaqueSlot	com.badlogic.gdx.graphics.GL20#glTexSubImage2D#height	Pixels	sge.Pixels
OpaqueSlot	com.badlogic.gdx.graphics.GL20#glTexSubImage2D#target	TextureTarget	sge.graphics.TextureTarget
OpaqueSlot	com.badlogic.gdx.graphics.GL20#glTexSubImage2D#type	DataType	sge.graphics.DataType
OpaqueSlot	com.badlogic.gdx.graphics.GL20#glTexSubImage2D#width	Pixels	sge.Pixels
OpaqueSlot	com.badlogic.gdx.graphics.GL20#glTexSubImage2D#xoffset	Pixels	sge.Pixels
OpaqueSlot	com.badlogic.gdx.graphics.GL20#glTexSubImage2D#yoffset	Pixels	sge.Pixels
OpaqueSlot	com.badlogic.gdx.graphics.GL20#glVertexAttribPointer(int,int,int,boolean,int,Buffer)#type	DataType	sge.graphics.DataType
OpaqueSlot	com.badlogic.gdx.graphics.GL20#glVertexAttribPointer(int,int,int,boolean,int,int)#type	DataType	sge.graphics.DataType
OpaqueSlot	com.badlogic.gdx.graphics.GL20#glViewport#height	Pixels	sge.Pixels
OpaqueSlot	com.badlogic.gdx.graphics.GL20#glViewport#width	Pixels	sge.Pixels
OpaqueSlot	com.badlogic.gdx.graphics.GL20#glViewport#x	Pixels	sge.Pixels
OpaqueSlot	com.badlogic.gdx.graphics.GL20#glViewport#y	Pixels	sge.Pixels
OpaqueSlot	com.badlogic.gdx.graphics.GL30#glBeginTransformFeedback#primitiveMode	PrimitiveMode	sge.graphics.PrimitiveMode
OpaqueSlot	com.badlogic.gdx.graphics.GL30#glBindBufferBase#target	BufferTarget	sge.graphics.BufferTarget
OpaqueSlot	com.badlogic.gdx.graphics.GL30#glBindBufferRange#target	BufferTarget	sge.graphics.BufferTarget
OpaqueSlot	com.badlogic.gdx.graphics.GL30#glBlitFramebuffer#mask	ClearMask	sge.graphics.ClearMask
OpaqueSlot	com.badlogic.gdx.graphics.GL30#glCopyBufferSubData#readTarget	BufferTarget	sge.graphics.BufferTarget
OpaqueSlot	com.badlogic.gdx.graphics.GL30#glCopyBufferSubData#writeTarget	BufferTarget	sge.graphics.BufferTarget
OpaqueSlot	com.badlogic.gdx.graphics.GL30#glCopyTexSubImage3D#target	TextureTarget	sge.graphics.TextureTarget
OpaqueSlot	com.badlogic.gdx.graphics.GL30#glDrawArraysInstanced#mode	PrimitiveMode	sge.graphics.PrimitiveMode
OpaqueSlot	com.badlogic.gdx.graphics.GL30#glDrawElementsInstanced#mode	PrimitiveMode	sge.graphics.PrimitiveMode
OpaqueSlot	com.badlogic.gdx.graphics.GL30#glDrawElementsInstanced#type	DataType	sge.graphics.DataType
OpaqueSlot	com.badlogic.gdx.graphics.GL30#glDrawRangeElements(int,int,int,int,int,Buffer)#mode	PrimitiveMode	sge.graphics.PrimitiveMode
OpaqueSlot	com.badlogic.gdx.graphics.GL30#glDrawRangeElements(int,int,int,int,int,Buffer)#type	DataType	sge.graphics.DataType
OpaqueSlot	com.badlogic.gdx.graphics.GL30#glDrawRangeElements(int,int,int,int,int,int)#mode	PrimitiveMode	sge.graphics.PrimitiveMode
OpaqueSlot	com.badlogic.gdx.graphics.GL30#glDrawRangeElements(int,int,int,int,int,int)#type	DataType	sge.graphics.DataType
OpaqueSlot	com.badlogic.gdx.graphics.GL30#glFlushMappedBufferRange#target	BufferTarget	sge.graphics.BufferTarget
OpaqueSlot	com.badlogic.gdx.graphics.GL30#glGetBufferParameteri64v#target	BufferTarget	sge.graphics.BufferTarget
OpaqueSlot	com.badlogic.gdx.graphics.GL30#glGetBufferPointerv#target	BufferTarget	sge.graphics.BufferTarget
OpaqueSlot	com.badlogic.gdx.graphics.GL30#glMapBufferRange#target	BufferTarget	sge.graphics.BufferTarget
OpaqueSlot	com.badlogic.gdx.graphics.GL30#glTexImage2D#format	PixelFormat	sge.graphics.PixelFormat
OpaqueSlot	com.badlogic.gdx.graphics.GL30#glTexImage2D#target	TextureTarget	sge.graphics.TextureTarget
OpaqueSlot	com.badlogic.gdx.graphics.GL30#glTexImage2D#type	DataType	sge.graphics.DataType
OpaqueSlot	com.badlogic.gdx.graphics.GL30#glTexImage3D(int,int,int,int,int,int,int,int,int,Buffer)#format	PixelFormat	sge.graphics.PixelFormat
OpaqueSlot	com.badlogic.gdx.graphics.GL30#glTexImage3D(int,int,int,int,int,int,int,int,int,Buffer)#target	TextureTarget	sge.graphics.TextureTarget
OpaqueSlot	com.badlogic.gdx.graphics.GL30#glTexImage3D(int,int,int,int,int,int,int,int,int,Buffer)#type	DataType	sge.graphics.DataType
OpaqueSlot	com.badlogic.gdx.graphics.GL30#glTexImage3D(int,int,int,int,int,int,int,int,int,int)#format	PixelFormat	sge.graphics.PixelFormat
OpaqueSlot	com.badlogic.gdx.graphics.GL30#glTexImage3D(int,int,int,int,int,int,int,int,int,int)#target	TextureTarget	sge.graphics.TextureTarget
OpaqueSlot	com.badlogic.gdx.graphics.GL30#glTexImage3D(int,int,int,int,int,int,int,int,int,int)#type	DataType	sge.graphics.DataType
OpaqueSlot	com.badlogic.gdx.graphics.GL30#glTexSubImage2D#format	PixelFormat	sge.graphics.PixelFormat
OpaqueSlot	com.badlogic.gdx.graphics.GL30#glTexSubImage2D#target	TextureTarget	sge.graphics.TextureTarget
OpaqueSlot	com.badlogic.gdx.graphics.GL30#glTexSubImage2D#type	DataType	sge.graphics.DataType
OpaqueSlot	com.badlogic.gdx.graphics.GL30#glTexSubImage3D(int,int,int,int,int,int,int,int,int,int,Buffer)#format	PixelFormat	sge.graphics.PixelFormat
OpaqueSlot	com.badlogic.gdx.graphics.GL30#glTexSubImage3D(int,int,int,int,int,int,int,int,int,int,Buffer)#target	TextureTarget	sge.graphics.TextureTarget
OpaqueSlot	com.badlogic.gdx.graphics.GL30#glTexSubImage3D(int,int,int,int,int,int,int,int,int,int,Buffer)#type	DataType	sge.graphics.DataType
OpaqueSlot	com.badlogic.gdx.graphics.GL30#glTexSubImage3D(int,int,int,int,int,int,int,int,int,int,int)#format	PixelFormat	sge.graphics.PixelFormat
OpaqueSlot	com.badlogic.gdx.graphics.GL30#glTexSubImage3D(int,int,int,int,int,int,int,int,int,int,int)#target	TextureTarget	sge.graphics.TextureTarget
OpaqueSlot	com.badlogic.gdx.graphics.GL30#glTexSubImage3D(int,int,int,int,int,int,int,int,int,int,int)#type	DataType	sge.graphics.DataType
OpaqueSlot	com.badlogic.gdx.graphics.GL30#glUnmapBuffer#target	BufferTarget	sge.graphics.BufferTarget
OpaqueSlot	com.badlogic.gdx.graphics.GL30#glVertexAttribIPointer#type	DataType	sge.graphics.DataType
OpaqueSlot	com.badlogic.gdx.graphics.GL30#glVertexAttribPointer#type	DataType	sge.graphics.DataType
OpaqueSlot	com.badlogic.gdx.graphics.GL31#glCreateShaderProgramv#type	ShaderType	sge.graphics.ShaderType
OpaqueSlot	com.badlogic.gdx.graphics.GL31#glDrawArraysIndirect#mode	PrimitiveMode	sge.graphics.PrimitiveMode
OpaqueSlot	com.badlogic.gdx.graphics.GL31#glDrawElementsIndirect#mode	PrimitiveMode	sge.graphics.PrimitiveMode
OpaqueSlot	com.badlogic.gdx.graphics.GL31#glDrawElementsIndirect#type	DataType	sge.graphics.DataType
OpaqueSlot	com.badlogic.gdx.graphics.GL31#glGetTexLevelParameterfv#target	TextureTarget	sge.graphics.TextureTarget
OpaqueSlot	com.badlogic.gdx.graphics.GL31#glGetTexLevelParameteriv#target	TextureTarget	sge.graphics.TextureTarget
OpaqueSlot	com.badlogic.gdx.graphics.GL31#glTexStorage2DMultisample#target	TextureTarget	sge.graphics.TextureTarget
OpaqueSlot	com.badlogic.gdx.graphics.GL31#glVertexAttribFormat#type	DataType	sge.graphics.DataType
OpaqueSlot	com.badlogic.gdx.graphics.GL31#glVertexAttribIFormat#type	DataType	sge.graphics.DataType
OpaqueSlot	com.badlogic.gdx.graphics.GL32#glBlendEquationSeparatei#modeAlpha	BlendEquation	sge.graphics.BlendEquation
OpaqueSlot	com.badlogic.gdx.graphics.GL32#glBlendEquationSeparatei#modeRGB	BlendEquation	sge.graphics.BlendEquation
OpaqueSlot	com.badlogic.gdx.graphics.GL32#glBlendEquationi#mode	BlendEquation	sge.graphics.BlendEquation
OpaqueSlot	com.badlogic.gdx.graphics.GL32#glBlendFuncSeparatei#dstAlpha	BlendFactor	sge.graphics.BlendFactor
OpaqueSlot	com.badlogic.gdx.graphics.GL32#glBlendFuncSeparatei#dstRGB	BlendFactor	sge.graphics.BlendFactor
OpaqueSlot	com.badlogic.gdx.graphics.GL32#glBlendFuncSeparatei#srcAlpha	BlendFactor	sge.graphics.BlendFactor
OpaqueSlot	com.badlogic.gdx.graphics.GL32#glBlendFuncSeparatei#srcRGB	BlendFactor	sge.graphics.BlendFactor
OpaqueSlot	com.badlogic.gdx.graphics.GL32#glBlendFunci#dst	BlendFactor	sge.graphics.BlendFactor
OpaqueSlot	com.badlogic.gdx.graphics.GL32#glBlendFunci#src	BlendFactor	sge.graphics.BlendFactor
OpaqueSlot	com.badlogic.gdx.graphics.GL32#glDrawElementsBaseVertex#mode	PrimitiveMode	sge.graphics.PrimitiveMode
OpaqueSlot	com.badlogic.gdx.graphics.GL32#glDrawElementsBaseVertex#type	DataType	sge.graphics.DataType
OpaqueSlot	com.badlogic.gdx.graphics.GL32#glDrawElementsInstancedBaseVertex(int,int,int,Buffer,int,int)#mode	PrimitiveMode	sge.graphics.PrimitiveMode
OpaqueSlot	com.badlogic.gdx.graphics.GL32#glDrawElementsInstancedBaseVertex(int,int,int,Buffer,int,int)#type	DataType	sge.graphics.DataType
OpaqueSlot	com.badlogic.gdx.graphics.GL32#glDrawElementsInstancedBaseVertex(int,int,int,int,int,int)#mode	PrimitiveMode	sge.graphics.PrimitiveMode
OpaqueSlot	com.badlogic.gdx.graphics.GL32#glDrawElementsInstancedBaseVertex(int,int,int,int,int,int)#type	DataType	sge.graphics.DataType
OpaqueSlot	com.badlogic.gdx.graphics.GL32#glDrawRangeElementsBaseVertex#mode	PrimitiveMode	sge.graphics.PrimitiveMode
OpaqueSlot	com.badlogic.gdx.graphics.GL32#glDrawRangeElementsBaseVertex#type	DataType	sge.graphics.DataType
OpaqueSlot	com.badlogic.gdx.graphics.GL32#glGetTexParameterIiv#target	TextureTarget	sge.graphics.TextureTarget
OpaqueSlot	com.badlogic.gdx.graphics.GL32#glGetTexParameterIuiv#target	TextureTarget	sge.graphics.TextureTarget
OpaqueSlot	com.badlogic.gdx.graphics.GL32#glReadnPixels#format	PixelFormat	sge.graphics.PixelFormat
OpaqueSlot	com.badlogic.gdx.graphics.GL32#glReadnPixels#type	DataType	sge.graphics.DataType
OpaqueSlot	com.badlogic.gdx.graphics.GL32#glTexBuffer#target	TextureTarget	sge.graphics.TextureTarget
OpaqueSlot	com.badlogic.gdx.graphics.GL32#glTexBufferRange#target	TextureTarget	sge.graphics.TextureTarget
OpaqueSlot	com.badlogic.gdx.graphics.GL32#glTexParameterIiv#target	TextureTarget	sge.graphics.TextureTarget
OpaqueSlot	com.badlogic.gdx.graphics.GL32#glTexParameterIuiv#target	TextureTarget	sge.graphics.TextureTarget
OpaqueSlot	com.badlogic.gdx.graphics.GL32#glTexStorage3DMultisample#target	TextureTarget	sge.graphics.TextureTarget
OpaqueSlot	com.badlogic.gdx.graphics.GLTexture#<init>(int)#glTarget	TextureTarget	sge.graphics.TextureTarget
OpaqueSlot	com.badlogic.gdx.graphics.GLTexture#<init>(int,int)#glTarget	TextureTarget	sge.graphics.TextureTarget
OpaqueSlot	com.badlogic.gdx.graphics.GLTexture#getHeight	Pixels	sge.Pixels
OpaqueSlot	com.badlogic.gdx.graphics.GLTexture#getWidth	Pixels	sge.Pixels
OpaqueSlot	com.badlogic.gdx.graphics.GLTexture#glTarget	TextureTarget	sge.graphics.TextureTarget
OpaqueSlot	com.badlogic.gdx.graphics.GLTexture#uploadImageData(int,TextureData,int)#target	TextureTarget	sge.graphics.TextureTarget
OpaqueSlot	com.badlogic.gdx.graphics.Mesh#render(ShaderProgram,int)#primitiveType	PrimitiveMode	sge.graphics.PrimitiveMode
OpaqueSlot	com.badlogic.gdx.graphics.Mesh#render(ShaderProgram,int,int,int)#primitiveType	PrimitiveMode	sge.graphics.PrimitiveMode
OpaqueSlot	com.badlogic.gdx.graphics.Mesh#render(ShaderProgram,int,int,int,boolean)#primitiveType	PrimitiveMode	sge.graphics.PrimitiveMode
OpaqueSlot	com.badlogic.gdx.graphics.OrthographicCamera#<init>(float,float)#viewportHeight	WorldUnits	sge.WorldUnits
OpaqueSlot	com.badlogic.gdx.graphics.OrthographicCamera#<init>(float,float)#viewportWidth	WorldUnits	sge.WorldUnits
OpaqueSlot	com.badlogic.gdx.graphics.OrthographicCamera#setToOrtho(boolean,float,float)#viewportHeight	WorldUnits	sge.WorldUnits
OpaqueSlot	com.badlogic.gdx.graphics.OrthographicCamera#setToOrtho(boolean,float,float)#viewportWidth	WorldUnits	sge.WorldUnits
OpaqueSlot	com.badlogic.gdx.graphics.PerspectiveCamera#<init>(float,float,float)#viewportHeight	WorldUnits	sge.WorldUnits
OpaqueSlot	com.badlogic.gdx.graphics.PerspectiveCamera#<init>(float,float,float)#viewportWidth	WorldUnits	sge.WorldUnits
OpaqueSlot	com.badlogic.gdx.graphics.Pixmap#createFromFrameBuffer#h	Pixels	sge.Pixels
OpaqueSlot	com.badlogic.gdx.graphics.Pixmap#createFromFrameBuffer#w	Pixels	sge.Pixels
OpaqueSlot	com.badlogic.gdx.graphics.Pixmap#createFromFrameBuffer#x	Pixels	sge.Pixels
OpaqueSlot	com.badlogic.gdx.graphics.Pixmap#createFromFrameBuffer#y	Pixels	sge.Pixels
OpaqueSlot	com.badlogic.gdx.graphics.Pixmap#drawPixel(int,int)#x	Pixels	sge.Pixels
OpaqueSlot	com.badlogic.gdx.graphics.Pixmap#drawPixel(int,int)#y	Pixels	sge.Pixels
OpaqueSlot	com.badlogic.gdx.graphics.Pixmap#drawPixel(int,int,int)#x	Pixels	sge.Pixels
OpaqueSlot	com.badlogic.gdx.graphics.Pixmap#drawPixel(int,int,int)#y	Pixels	sge.Pixels
OpaqueSlot	com.badlogic.gdx.graphics.Pixmap#drawPixmap(Pixmap,int,int)#x	Pixels	sge.Pixels
OpaqueSlot	com.badlogic.gdx.graphics.Pixmap#drawPixmap(Pixmap,int,int)#y	Pixels	sge.Pixels
OpaqueSlot	com.badlogic.gdx.graphics.Pixmap#drawPixmap(Pixmap,int,int,int,int,int,int)#srcHeight	Pixels	sge.Pixels
OpaqueSlot	com.badlogic.gdx.graphics.Pixmap#drawPixmap(Pixmap,int,int,int,int,int,int)#srcWidth	Pixels	sge.Pixels
OpaqueSlot	com.badlogic.gdx.graphics.Pixmap#drawPixmap(Pixmap,int,int,int,int,int,int)#srcx	Pixels	sge.Pixels
OpaqueSlot	com.badlogic.gdx.graphics.Pixmap#drawPixmap(Pixmap,int,int,int,int,int,int)#srcy	Pixels	sge.Pixels
OpaqueSlot	com.badlogic.gdx.graphics.Pixmap#drawPixmap(Pixmap,int,int,int,int,int,int)#x	Pixels	sge.Pixels
OpaqueSlot	com.badlogic.gdx.graphics.Pixmap#drawPixmap(Pixmap,int,int,int,int,int,int)#y	Pixels	sge.Pixels
OpaqueSlot	com.badlogic.gdx.graphics.Pixmap#drawPixmap(Pixmap,int,int,int,int,int,int,int,int)#dstHeight	Pixels	sge.Pixels
OpaqueSlot	com.badlogic.gdx.graphics.Pixmap#drawPixmap(Pixmap,int,int,int,int,int,int,int,int)#dstWidth	Pixels	sge.Pixels
OpaqueSlot	com.badlogic.gdx.graphics.Pixmap#drawPixmap(Pixmap,int,int,int,int,int,int,int,int)#dstx	Pixels	sge.Pixels
OpaqueSlot	com.badlogic.gdx.graphics.Pixmap#drawPixmap(Pixmap,int,int,int,int,int,int,int,int)#dsty	Pixels	sge.Pixels
OpaqueSlot	com.badlogic.gdx.graphics.Pixmap#drawPixmap(Pixmap,int,int,int,int,int,int,int,int)#srcHeight	Pixels	sge.Pixels
OpaqueSlot	com.badlogic.gdx.graphics.Pixmap#drawPixmap(Pixmap,int,int,int,int,int,int,int,int)#srcWidth	Pixels	sge.Pixels
OpaqueSlot	com.badlogic.gdx.graphics.Pixmap#drawPixmap(Pixmap,int,int,int,int,int,int,int,int)#srcx	Pixels	sge.Pixels
OpaqueSlot	com.badlogic.gdx.graphics.Pixmap#drawPixmap(Pixmap,int,int,int,int,int,int,int,int)#srcy	Pixels	sge.Pixels
OpaqueSlot	com.badlogic.gdx.graphics.Pixmap#getHeight	Pixels	sge.Pixels
OpaqueSlot	com.badlogic.gdx.graphics.Pixmap#getPixel#x	Pixels	sge.Pixels
OpaqueSlot	com.badlogic.gdx.graphics.Pixmap#getPixel#y	Pixels	sge.Pixels
OpaqueSlot	com.badlogic.gdx.graphics.Pixmap#getWidth	Pixels	sge.Pixels
OpaqueSlot	com.badlogic.gdx.graphics.Texture#<init>(int,int,TextureData)#glTarget	TextureTarget	sge.graphics.TextureTarget
OpaqueSlot	com.badlogic.gdx.graphics.Texture#draw#x	Pixels	sge.Pixels
OpaqueSlot	com.badlogic.gdx.graphics.Texture#draw#y	Pixels	sge.Pixels
OpaqueSlot	com.badlogic.gdx.graphics.Texture#getHeight	Pixels	sge.Pixels
OpaqueSlot	com.badlogic.gdx.graphics.Texture#getWidth	Pixels	sge.Pixels
OpaqueSlot	com.badlogic.gdx.graphics.Texture3D#getHeight	Pixels	sge.Pixels
OpaqueSlot	com.badlogic.gdx.graphics.Texture3D#getWidth	Pixels	sge.Pixels
OpaqueSlot	com.badlogic.gdx.graphics.TextureArray#getHeight	Pixels	sge.Pixels
OpaqueSlot	com.badlogic.gdx.graphics.TextureArray#getWidth	Pixels	sge.Pixels
OpaqueSlot	com.badlogic.gdx.graphics.TextureData#consumeCustomData#target	TextureTarget	sge.graphics.TextureTarget
OpaqueSlot	com.badlogic.gdx.graphics.VertexAttribute#<init>(int,int,int,boolean,String)#type	DataType	sge.graphics.DataType
OpaqueSlot	com.badlogic.gdx.graphics.VertexAttribute#<init>(int,int,int,boolean,String,int)#normalized	DataType	sge.graphics.DataType
OpaqueSlot	com.badlogic.gdx.graphics.VertexAttribute#type	DataType	sge.graphics.DataType
OpaqueSlot	com.badlogic.gdx.graphics.g2d.BitmapFont#draw(Batch,CharSequence,float,float,float,int,boolean)#halign	sge.utils.Align	sge.utils.Align
OpaqueSlot	com.badlogic.gdx.graphics.g2d.BitmapFont#draw(Batch,CharSequence,float,float,int,int,float,int,boolean)#halign	sge.utils.Align	sge.utils.Align
OpaqueSlot	com.badlogic.gdx.graphics.g2d.BitmapFont#draw(Batch,CharSequence,float,float,int,int,float,int,boolean,String)#halign	sge.utils.Align	sge.utils.Align
OpaqueSlot	com.badlogic.gdx.graphics.g2d.BitmapFontCache#addText(CharSequence,float,float,float,int,boolean)#halign	sge.utils.Align	sge.utils.Align
OpaqueSlot	com.badlogic.gdx.graphics.g2d.BitmapFontCache#addText(CharSequence,float,float,int,int,float,int,boolean)#halign	sge.utils.Align	sge.utils.Align
OpaqueSlot	com.badlogic.gdx.graphics.g2d.BitmapFontCache#addText(CharSequence,float,float,int,int,float,int,boolean,String)#halign	sge.utils.Align	sge.utils.Align
OpaqueSlot	com.badlogic.gdx.graphics.g2d.BitmapFontCache#setText(CharSequence,float,float,float,int,boolean)#halign	sge.utils.Align	sge.utils.Align
OpaqueSlot	com.badlogic.gdx.graphics.g2d.BitmapFontCache#setText(CharSequence,float,float,int,int,float,int,boolean)#halign	sge.utils.Align	sge.utils.Align
OpaqueSlot	com.badlogic.gdx.graphics.g2d.BitmapFontCache#setText(CharSequence,float,float,int,int,float,int,boolean,String)#halign	sge.utils.Align	sge.utils.Align
OpaqueSlot	com.badlogic.gdx.graphics.g2d.GlyphLayout#<init>(BitmapFont,CharSequence,Color,float,int,boolean)#halign	Align	sge.utils.Align
OpaqueSlot	com.badlogic.gdx.graphics.g2d.GlyphLayout#<init>(BitmapFont,CharSequence,int,int,Color,float,int,boolean,String)#halign	Align	sge.utils.Align
OpaqueSlot	com.badlogic.gdx.graphics.g2d.GlyphLayout#setText(BitmapFont,CharSequence,Color,float,int,boolean)#halign	Align	sge.utils.Align
OpaqueSlot	com.badlogic.gdx.graphics.g2d.GlyphLayout#setText(BitmapFont,CharSequence,int,int,Color,float,int,boolean,String)#halign	Align	sge.utils.Align
OpaqueSlot	com.badlogic.gdx.graphics.g2d.ParticleEffect#draw(Batch,float)#delta	Seconds	sge.utils.Seconds
OpaqueSlot	com.badlogic.gdx.graphics.g2d.ParticleEffect#update#delta	Seconds	sge.utils.Seconds
OpaqueSlot	com.badlogic.gdx.graphics.g2d.ParticleEmitter#draw(Batch,float)#delta	Seconds	sge.utils.Seconds
OpaqueSlot	com.badlogic.gdx.graphics.g2d.ParticleEmitter#update#delta	Seconds	sge.utils.Seconds
OpaqueSlot	com.badlogic.gdx.graphics.g3d.loader.G3dModelLoader#parseType	PrimitiveMode	sge.graphics.PrimitiveMode
OpaqueSlot	com.badlogic.gdx.graphics.g3d.model.MeshPart#<init>(String,Mesh,int,int,int)#type	PrimitiveMode	sge.graphics.PrimitiveMode
OpaqueSlot	com.badlogic.gdx.graphics.g3d.model.MeshPart#primitiveType	PrimitiveMode	sge.graphics.PrimitiveMode
OpaqueSlot	com.badlogic.gdx.graphics.g3d.model.MeshPart#set(String,Mesh,int,int,int)#type	PrimitiveMode	sge.graphics.PrimitiveMode
OpaqueSlot	com.badlogic.gdx.graphics.g3d.model.data.ModelMeshPart#primitiveType	PrimitiveMode	sge.graphics.PrimitiveMode
OpaqueSlot	com.badlogic.gdx.graphics.g3d.particles.ParticleController#DEFAULT_TIME_STEP	Seconds	sge.utils.Seconds
OpaqueSlot	com.badlogic.gdx.graphics.g3d.particles.ParticleController#deltaTime	Seconds	sge.utils.Seconds
OpaqueSlot	com.badlogic.gdx.graphics.g3d.particles.ParticleController#update(float)#deltaTime	Seconds	sge.utils.Seconds
OpaqueSlot	com.badlogic.gdx.graphics.g3d.particles.ParticleEffect#update(float)#deltaTime	Seconds	sge.utils.Seconds
OpaqueSlot	com.badlogic.gdx.graphics.g3d.particles.ParticleSystem#update(float)#deltaTime	sge.utils.Seconds	sge.utils.Seconds
OpaqueSlot	com.badlogic.gdx.graphics.g3d.particles.ParticleSystem#updateAndDraw(float)#deltaTime	sge.utils.Seconds	sge.utils.Seconds
OpaqueSlot	com.badlogic.gdx.graphics.g3d.utils.AnimationController#action(Animation,float,float,int,float,AnimationListener,float)#duration	Seconds	sge.utils.Seconds
OpaqueSlot	com.badlogic.gdx.graphics.g3d.utils.AnimationController#action(Animation,float,float,int,float,AnimationListener,float)#offset	Seconds	sge.utils.Seconds
OpaqueSlot	com.badlogic.gdx.graphics.g3d.utils.AnimationController#action(Animation,float,float,int,float,AnimationListener,float)#transitionTime	Seconds	sge.utils.Seconds
OpaqueSlot	com.badlogic.gdx.graphics.g3d.utils.AnimationController#action(AnimationDesc,float)#transitionTime	Seconds	sge.utils.Seconds
OpaqueSlot	com.badlogic.gdx.graphics.g3d.utils.AnimationController#action(String,float,float,int,float,AnimationListener,float)#duration	Seconds	sge.utils.Seconds
OpaqueSlot	com.badlogic.gdx.graphics.g3d.utils.AnimationController#action(String,float,float,int,float,AnimationListener,float)#offset	Seconds	sge.utils.Seconds
OpaqueSlot	com.badlogic.gdx.graphics.g3d.utils.AnimationController#action(String,float,float,int,float,AnimationListener,float)#transitionTime	Seconds	sge.utils.Seconds
OpaqueSlot	com.badlogic.gdx.graphics.g3d.utils.AnimationController#action(String,int,float,AnimationListener,float)#transitionTime	Seconds	sge.utils.Seconds
OpaqueSlot	com.badlogic.gdx.graphics.g3d.utils.AnimationController#animate(Animation,float,float,int,float,AnimationListener,float)#duration	Seconds	sge.utils.Seconds
OpaqueSlot	com.badlogic.gdx.graphics.g3d.utils.AnimationController#animate(Animation,float,float,int,float,AnimationListener,float)#offset	Seconds	sge.utils.Seconds
OpaqueSlot	com.badlogic.gdx.graphics.g3d.utils.AnimationController#animate(Animation,float,float,int,float,AnimationListener,float)#transitionTime	Seconds	sge.utils.Seconds
OpaqueSlot	com.badlogic.gdx.graphics.g3d.utils.AnimationController#animate(AnimationDesc,float)#transitionTime	Seconds	sge.utils.Seconds
OpaqueSlot	com.badlogic.gdx.graphics.g3d.utils.AnimationController#animate(String,AnimationListener,float)#transitionTime	Seconds	sge.utils.Seconds
OpaqueSlot	com.badlogic.gdx.graphics.g3d.utils.AnimationController#animate(String,float)#transitionTime	Seconds	sge.utils.Seconds
OpaqueSlot	com.badlogic.gdx.graphics.g3d.utils.AnimationController#animate(String,float,float,int,float,AnimationListener,float)#duration	Seconds	sge.utils.Seconds
OpaqueSlot	com.badlogic.gdx.graphics.g3d.utils.AnimationController#animate(String,float,float,int,float,AnimationListener,float)#offset	Seconds	sge.utils.Seconds
OpaqueSlot	com.badlogic.gdx.graphics.g3d.utils.AnimationController#animate(String,float,float,int,float,AnimationListener,float)#transitionTime	Seconds	sge.utils.Seconds
OpaqueSlot	com.badlogic.gdx.graphics.g3d.utils.AnimationController#animate(String,int,AnimationListener,float)#transitionTime	Seconds	sge.utils.Seconds
OpaqueSlot	com.badlogic.gdx.graphics.g3d.utils.AnimationController#animate(String,int,float,AnimationListener,float)#transitionTime	Seconds	sge.utils.Seconds
OpaqueSlot	com.badlogic.gdx.graphics.g3d.utils.AnimationController#queue(Animation,float,float,int,float,AnimationListener,float)#duration	Seconds	sge.utils.Seconds
OpaqueSlot	com.badlogic.gdx.graphics.g3d.utils.AnimationController#queue(Animation,float,float,int,float,AnimationListener,float)#offset	Seconds	sge.utils.Seconds
OpaqueSlot	com.badlogic.gdx.graphics.g3d.utils.AnimationController#queue(Animation,float,float,int,float,AnimationListener,float)#transitionTime	Seconds	sge.utils.Seconds
OpaqueSlot	com.badlogic.gdx.graphics.g3d.utils.AnimationController#queue(AnimationDesc,float)#transitionTime	Seconds	sge.utils.Seconds
OpaqueSlot	com.badlogic.gdx.graphics.g3d.utils.AnimationController#queue(String,float,float,int,float,AnimationListener,float)#duration	Seconds	sge.utils.Seconds
OpaqueSlot	com.badlogic.gdx.graphics.g3d.utils.AnimationController#queue(String,float,float,int,float,AnimationListener,float)#offset	Seconds	sge.utils.Seconds
OpaqueSlot	com.badlogic.gdx.graphics.g3d.utils.AnimationController#queue(String,float,float,int,float,AnimationListener,float)#transitionTime	Seconds	sge.utils.Seconds
OpaqueSlot	com.badlogic.gdx.graphics.g3d.utils.AnimationController#queue(String,int,float,AnimationListener,float)#transitionTime	Seconds	sge.utils.Seconds
OpaqueSlot	com.badlogic.gdx.graphics.g3d.utils.AnimationController#queuedTransitionTime	Seconds	sge.utils.Seconds
OpaqueSlot	com.badlogic.gdx.graphics.g3d.utils.AnimationController#setAnimation(Animation,float,float,int,float,AnimationListener)#duration	Seconds	sge.utils.Seconds
OpaqueSlot	com.badlogic.gdx.graphics.g3d.utils.AnimationController#setAnimation(Animation,float,float,int,float,AnimationListener)#offset	Seconds	sge.utils.Seconds
OpaqueSlot	com.badlogic.gdx.graphics.g3d.utils.AnimationController#setAnimation(String,float,float,int,float,AnimationListener)#duration	Seconds	sge.utils.Seconds
OpaqueSlot	com.badlogic.gdx.graphics.g3d.utils.AnimationController#setAnimation(String,float,float,int,float,AnimationListener)#offset	Seconds	sge.utils.Seconds
OpaqueSlot	com.badlogic.gdx.graphics.g3d.utils.AnimationController#transitionCurrentTime	Seconds	sge.utils.Seconds
OpaqueSlot	com.badlogic.gdx.graphics.g3d.utils.AnimationController#transitionTargetTime	Seconds	sge.utils.Seconds
OpaqueSlot	com.badlogic.gdx.graphics.g3d.utils.AnimationController#update#delta	Seconds	sge.utils.Seconds
OpaqueSlot	com.badlogic.gdx.graphics.g3d.utils.AnimationController$AnimationDesc#duration	Seconds	sge.utils.Seconds
OpaqueSlot	com.badlogic.gdx.graphics.g3d.utils.AnimationController$AnimationDesc#offset	Seconds	sge.utils.Seconds
OpaqueSlot	com.badlogic.gdx.graphics.g3d.utils.AnimationController$AnimationDesc#time	Seconds	sge.utils.Seconds
OpaqueSlot	com.badlogic.gdx.graphics.g3d.utils.AnimationController$AnimationDesc#update	Seconds	sge.utils.Seconds
OpaqueSlot	com.badlogic.gdx.graphics.g3d.utils.AnimationController$AnimationDesc#update#delta	Seconds	sge.utils.Seconds
OpaqueSlot	com.badlogic.gdx.graphics.g3d.utils.BaseAnimationController#apply#time	Seconds	sge.utils.Seconds
OpaqueSlot	com.badlogic.gdx.graphics.g3d.utils.BaseAnimationController#applyAnimation(Animation,float)#time	Seconds	sge.utils.Seconds
OpaqueSlot	com.badlogic.gdx.graphics.g3d.utils.BaseAnimationController#applyAnimation(ObjectMap,Pool,float,Animation,float)#time	Seconds	sge.utils.Seconds
OpaqueSlot	com.badlogic.gdx.graphics.g3d.utils.BaseAnimationController#applyAnimations#time1	Seconds	sge.utils.Seconds
OpaqueSlot	com.badlogic.gdx.graphics.g3d.utils.BaseAnimationController#applyAnimations#time2	Seconds	sge.utils.Seconds
OpaqueSlot	com.badlogic.gdx.graphics.g3d.utils.BaseAnimationController#getFirstKeyframeIndexAtTime#time	Seconds	sge.utils.Seconds
OpaqueSlot	com.badlogic.gdx.graphics.g3d.utils.CameraInputController#activateKey	Key	sge.Input.Key
OpaqueSlot	com.badlogic.gdx.graphics.g3d.utils.CameraInputController#backwardKey	Key	sge.Input.Key
OpaqueSlot	com.badlogic.gdx.graphics.g3d.utils.CameraInputController#button	Button	sge.Input.Button
OpaqueSlot	com.badlogic.gdx.graphics.g3d.utils.CameraInputController#forwardButton	Button	sge.Input.Button
OpaqueSlot	com.badlogic.gdx.graphics.g3d.utils.CameraInputController#forwardKey	Key	sge.Input.Key
OpaqueSlot	com.badlogic.gdx.graphics.g3d.utils.CameraInputController#keyDown#keycode	Key	sge.Input.Key
OpaqueSlot	com.badlogic.gdx.graphics.g3d.utils.CameraInputController#keyUp#keycode	Key	sge.Input.Key
OpaqueSlot	com.badlogic.gdx.graphics.g3d.utils.CameraInputController#process#button	Button	sge.Input.Button
OpaqueSlot	com.badlogic.gdx.graphics.g3d.utils.CameraInputController#rotateButton	Button	sge.Input.Button
OpaqueSlot	com.badlogic.gdx.graphics.g3d.utils.CameraInputController#rotateLeftKey	Key	sge.Input.Key
OpaqueSlot	com.badlogic.gdx.graphics.g3d.utils.CameraInputController#rotateRightKey	Key	sge.Input.Key
OpaqueSlot	com.badlogic.gdx.graphics.g3d.utils.CameraInputController#touchDown#button	Button	sge.Input.Button
OpaqueSlot	com.badlogic.gdx.graphics.g3d.utils.CameraInputController#touchDown#screenX	Pixels	sge.Pixels
OpaqueSlot	com.badlogic.gdx.graphics.g3d.utils.CameraInputController#touchDown#screenY	Pixels	sge.Pixels
OpaqueSlot	com.badlogic.gdx.graphics.g3d.utils.CameraInputController#touchDragged#screenX	Pixels	sge.Pixels
OpaqueSlot	com.badlogic.gdx.graphics.g3d.utils.CameraInputController#touchDragged#screenY	Pixels	sge.Pixels
OpaqueSlot	com.badlogic.gdx.graphics.g3d.utils.CameraInputController#touchUp#button	Button	sge.Input.Button
OpaqueSlot	com.badlogic.gdx.graphics.g3d.utils.CameraInputController#touchUp#screenX	Pixels	sge.Pixels
OpaqueSlot	com.badlogic.gdx.graphics.g3d.utils.CameraInputController#touchUp#screenY	Pixels	sge.Pixels
OpaqueSlot	com.badlogic.gdx.graphics.g3d.utils.CameraInputController#translateButton	Button	sge.Input.Button
OpaqueSlot	com.badlogic.gdx.graphics.g3d.utils.CameraInputController$CameraGestureListener#fling#button	Button	sge.Input.Button
OpaqueSlot	com.badlogic.gdx.graphics.g3d.utils.CameraInputController$CameraGestureListener#tap#button	Button	sge.Input.Button
OpaqueSlot	com.badlogic.gdx.graphics.g3d.utils.CameraInputController$CameraGestureListener#touchDown#button	Button	sge.Input.Button
OpaqueSlot	com.badlogic.gdx.graphics.g3d.utils.FirstPersonCameraController#backwardKey	Key	sge.Input.Key
OpaqueSlot	com.badlogic.gdx.graphics.g3d.utils.FirstPersonCameraController#downKey	Key	sge.Input.Key
OpaqueSlot	com.badlogic.gdx.graphics.g3d.utils.FirstPersonCameraController#forwardKey	Key	sge.Input.Key
OpaqueSlot	com.badlogic.gdx.graphics.g3d.utils.FirstPersonCameraController#keyDown#keycode	Key	sge.Input.Key
OpaqueSlot	com.badlogic.gdx.graphics.g3d.utils.FirstPersonCameraController#keyUp#keycode	Key	sge.Input.Key
OpaqueSlot	com.badlogic.gdx.graphics.g3d.utils.FirstPersonCameraController#strafeLeftKey	Key	sge.Input.Key
OpaqueSlot	com.badlogic.gdx.graphics.g3d.utils.FirstPersonCameraController#strafeRightKey	Key	sge.Input.Key
OpaqueSlot	com.badlogic.gdx.graphics.g3d.utils.FirstPersonCameraController#touchDragged#screenX	Pixels	sge.Pixels
OpaqueSlot	com.badlogic.gdx.graphics.g3d.utils.FirstPersonCameraController#touchDragged#screenY	Pixels	sge.Pixels
OpaqueSlot	com.badlogic.gdx.graphics.g3d.utils.FirstPersonCameraController#upKey	Key	sge.Input.Key
OpaqueSlot	com.badlogic.gdx.graphics.g3d.utils.FirstPersonCameraController#update(float)#deltaTime	Seconds	sge.utils.Seconds
OpaqueSlot	com.badlogic.gdx.graphics.g3d.utils.MeshBuilder#begin(VertexAttributes,int)#primitiveType	PrimitiveMode	sge.graphics.PrimitiveMode
OpaqueSlot	com.badlogic.gdx.graphics.g3d.utils.MeshBuilder#begin(long,int)#primitiveType	PrimitiveMode	sge.graphics.PrimitiveMode
OpaqueSlot	com.badlogic.gdx.graphics.g3d.utils.MeshBuilder#getPrimitiveType	PrimitiveMode	sge.graphics.PrimitiveMode
OpaqueSlot	com.badlogic.gdx.graphics.g3d.utils.MeshBuilder#part(String,int)#primitiveType	PrimitiveMode	sge.graphics.PrimitiveMode
OpaqueSlot	com.badlogic.gdx.graphics.g3d.utils.MeshBuilder#part(String,int,MeshPart)#primitiveType	PrimitiveMode	sge.graphics.PrimitiveMode
OpaqueSlot	com.badlogic.gdx.graphics.g3d.utils.MeshBuilder#primitiveType:field	PrimitiveMode	sge.graphics.PrimitiveMode
OpaqueSlot	com.badlogic.gdx.graphics.g3d.utils.MeshPartBuilder#getPrimitiveType	PrimitiveMode	sge.graphics.PrimitiveMode
OpaqueSlot	com.badlogic.gdx.graphics.g3d.utils.ModelBuilder#createArrow(float,float,float,float,float,float,float,float,int,int,Material,long)#primitiveType	PrimitiveMode	sge.graphics.PrimitiveMode
OpaqueSlot	com.badlogic.gdx.graphics.g3d.utils.ModelBuilder#createBox(float,float,float,int,Material,long)#primitiveType	PrimitiveMode	sge.graphics.PrimitiveMode
OpaqueSlot	com.badlogic.gdx.graphics.g3d.utils.ModelBuilder#createCapsule(float,float,int,int,Material,long)#primitiveType	PrimitiveMode	sge.graphics.PrimitiveMode
OpaqueSlot	com.badlogic.gdx.graphics.g3d.utils.ModelBuilder#createCone(float,float,float,int,int,Material,long)#primitiveType	PrimitiveMode	sge.graphics.PrimitiveMode
OpaqueSlot	com.badlogic.gdx.graphics.g3d.utils.ModelBuilder#createCone(float,float,float,int,int,Material,long,float,float)#primitiveType	PrimitiveMode	sge.graphics.PrimitiveMode
OpaqueSlot	com.badlogic.gdx.graphics.g3d.utils.ModelBuilder#createCylinder(float,float,float,int,int,Material,long)#primitiveType	PrimitiveMode	sge.graphics.PrimitiveMode
OpaqueSlot	com.badlogic.gdx.graphics.g3d.utils.ModelBuilder#createCylinder(float,float,float,int,int,Material,long,float,float)#primitiveType	PrimitiveMode	sge.graphics.PrimitiveMode
OpaqueSlot	com.badlogic.gdx.graphics.g3d.utils.ModelBuilder#createRect(float,float,float,float,float,float,float,float,float,float,float,float,float,float,float,int,Material,long)#primitiveType	PrimitiveMode	sge.graphics.PrimitiveMode
OpaqueSlot	com.badlogic.gdx.graphics.g3d.utils.ModelBuilder#createSphere(float,float,float,int,int,int,Material,long)#primitiveType	PrimitiveMode	sge.graphics.PrimitiveMode
OpaqueSlot	com.badlogic.gdx.graphics.g3d.utils.ModelBuilder#createSphere(float,float,float,int,int,int,Material,long,float,float,float,float)#primitiveType	PrimitiveMode	sge.graphics.PrimitiveMode
OpaqueSlot	com.badlogic.gdx.graphics.g3d.utils.ModelBuilder#createXYZCoordinates(float,float,float,int,int,Material,long)#primitiveType	PrimitiveMode	sge.graphics.PrimitiveMode
OpaqueSlot	com.badlogic.gdx.graphics.g3d.utils.ModelBuilder#part(String,Mesh,int,Material)#primitiveType	PrimitiveMode	sge.graphics.PrimitiveMode
OpaqueSlot	com.badlogic.gdx.graphics.g3d.utils.ModelBuilder#part(String,Mesh,int,int,int,Material)#primitiveType	PrimitiveMode	sge.graphics.PrimitiveMode
OpaqueSlot	com.badlogic.gdx.graphics.g3d.utils.ModelBuilder#part(String,int,VertexAttributes,Material)#primitiveType	PrimitiveMode	sge.graphics.PrimitiveMode
OpaqueSlot	com.badlogic.gdx.graphics.g3d.utils.ShapeCache#<init>(int,int,VertexAttributes,int)#primitiveType	PrimitiveMode	sge.graphics.PrimitiveMode
OpaqueSlot	com.badlogic.gdx.graphics.g3d.utils.ShapeCache#begin(int)#primitiveType	PrimitiveMode	sge.graphics.PrimitiveMode
OpaqueSlot	com.badlogic.gdx.graphics.glutils.ETC1TextureData#consumeCustomData#target	TextureTarget	sge.graphics.TextureTarget
OpaqueSlot	com.badlogic.gdx.graphics.glutils.FileTextureData#consumeCustomData#target	TextureTarget	sge.graphics.TextureTarget
OpaqueSlot	com.badlogic.gdx.graphics.glutils.FloatTextureData#<init>#format	PixelFormat	sge.graphics.PixelFormat
OpaqueSlot	com.badlogic.gdx.graphics.glutils.FloatTextureData#<init>#type	DataType	sge.graphics.DataType
OpaqueSlot	com.badlogic.gdx.graphics.glutils.FloatTextureData#consumeCustomData#target	TextureTarget	sge.graphics.TextureTarget
OpaqueSlot	com.badlogic.gdx.graphics.glutils.FloatTextureData#format	PixelFormat	sge.graphics.PixelFormat
OpaqueSlot	com.badlogic.gdx.graphics.glutils.FloatTextureData#type	DataType	sge.graphics.DataType
OpaqueSlot	com.badlogic.gdx.graphics.glutils.FrameBuffer#<init>(Format,int,int,boolean)#height	Pixels	sge.Pixels
OpaqueSlot	com.badlogic.gdx.graphics.glutils.FrameBuffer#<init>(Format,int,int,boolean)#width	Pixels	sge.Pixels
OpaqueSlot	com.badlogic.gdx.graphics.glutils.FrameBuffer#<init>(Format,int,int,boolean,boolean)#height	Pixels	sge.Pixels
OpaqueSlot	com.badlogic.gdx.graphics.glutils.FrameBuffer#<init>(Format,int,int,boolean,boolean)#width	Pixels	sge.Pixels
OpaqueSlot	com.badlogic.gdx.graphics.glutils.GLFrameBuffer#end(int,int,int,int)#height	Pixels	sge.Pixels
OpaqueSlot	com.badlogic.gdx.graphics.glutils.GLFrameBuffer#end(int,int,int,int)#width	Pixels	sge.Pixels
OpaqueSlot	com.badlogic.gdx.graphics.glutils.GLFrameBuffer#end(int,int,int,int)#x	Pixels	sge.Pixels
OpaqueSlot	com.badlogic.gdx.graphics.glutils.GLFrameBuffer#end(int,int,int,int)#y	Pixels	sge.Pixels
OpaqueSlot	com.badlogic.gdx.graphics.glutils.GLFrameBuffer#getHeight	Pixels	sge.Pixels
OpaqueSlot	com.badlogic.gdx.graphics.glutils.GLFrameBuffer#getWidth	Pixels	sge.Pixels
OpaqueSlot	com.badlogic.gdx.graphics.glutils.GLFrameBuffer#transfer(GLFrameBuffer,int)#copyBits	ClearMask	sge.graphics.ClearMask
OpaqueSlot	com.badlogic.gdx.graphics.glutils.GLFrameBuffer$FloatFrameBufferBuilder#<init>(int,int)#height	Pixels	sge.Pixels
OpaqueSlot	com.badlogic.gdx.graphics.glutils.GLFrameBuffer$FloatFrameBufferBuilder#<init>(int,int)#width	Pixels	sge.Pixels
OpaqueSlot	com.badlogic.gdx.graphics.glutils.GLFrameBuffer$FloatFrameBufferBuilder#<init>(int,int,int)#height	Pixels	sge.Pixels
OpaqueSlot	com.badlogic.gdx.graphics.glutils.GLFrameBuffer$FloatFrameBufferBuilder#<init>(int,int,int)#width	Pixels	sge.Pixels
OpaqueSlot	com.badlogic.gdx.graphics.glutils.GLFrameBuffer$FrameBufferBuilder#<init>(int,int)#height	Pixels	sge.Pixels
OpaqueSlot	com.badlogic.gdx.graphics.glutils.GLFrameBuffer$FrameBufferBuilder#<init>(int,int)#width	Pixels	sge.Pixels
OpaqueSlot	com.badlogic.gdx.graphics.glutils.GLFrameBuffer$FrameBufferBuilder#<init>(int,int,int)#height	Pixels	sge.Pixels
OpaqueSlot	com.badlogic.gdx.graphics.glutils.GLFrameBuffer$FrameBufferBuilder#<init>(int,int,int)#width	Pixels	sge.Pixels
OpaqueSlot	com.badlogic.gdx.graphics.glutils.GLFrameBuffer$FrameBufferCubemapBuilder#<init>(int,int)#height	Pixels	sge.Pixels
OpaqueSlot	com.badlogic.gdx.graphics.glutils.GLFrameBuffer$FrameBufferCubemapBuilder#<init>(int,int)#width	Pixels	sge.Pixels
OpaqueSlot	com.badlogic.gdx.graphics.glutils.GLFrameBuffer$FrameBufferCubemapBuilder#<init>(int,int,int)#height	Pixels	sge.Pixels
OpaqueSlot	com.badlogic.gdx.graphics.glutils.GLFrameBuffer$FrameBufferCubemapBuilder#<init>(int,int,int)#width	Pixels	sge.Pixels
OpaqueSlot	com.badlogic.gdx.graphics.glutils.GLFrameBuffer$FrameBufferTextureAttachmentSpec#<init>#format	PixelFormat	sge.graphics.PixelFormat
OpaqueSlot	com.badlogic.gdx.graphics.glutils.GLFrameBuffer$FrameBufferTextureAttachmentSpec#<init>#type	DataType	sge.graphics.DataType
OpaqueSlot	com.badlogic.gdx.graphics.glutils.GLFrameBuffer$FrameBufferTextureAttachmentSpec#format	PixelFormat	sge.graphics.PixelFormat
OpaqueSlot	com.badlogic.gdx.graphics.glutils.GLFrameBuffer$FrameBufferTextureAttachmentSpec#type	DataType	sge.graphics.DataType
OpaqueSlot	com.badlogic.gdx.graphics.glutils.GLFrameBuffer$GLFrameBufferBuilder#<init>(int,int)#height	Pixels	sge.Pixels
OpaqueSlot	com.badlogic.gdx.graphics.glutils.GLFrameBuffer$GLFrameBufferBuilder#<init>(int,int)#width	Pixels	sge.Pixels
OpaqueSlot	com.badlogic.gdx.graphics.glutils.GLFrameBuffer$GLFrameBufferBuilder#<init>(int,int,int)#height	Pixels	sge.Pixels
OpaqueSlot	com.badlogic.gdx.graphics.glutils.GLFrameBuffer$GLFrameBufferBuilder#<init>(int,int,int)#width	Pixels	sge.Pixels
OpaqueSlot	com.badlogic.gdx.graphics.glutils.GLFrameBuffer$GLFrameBufferBuilder#addColorTextureAttachment#format	PixelFormat	sge.graphics.PixelFormat
OpaqueSlot	com.badlogic.gdx.graphics.glutils.GLFrameBuffer$GLFrameBufferBuilder#addColorTextureAttachment#type	DataType	sge.graphics.DataType
OpaqueSlot	com.badlogic.gdx.graphics.glutils.GLFrameBuffer$GLFrameBufferBuilder#addDepthTextureAttachment#type	DataType	sge.graphics.DataType
OpaqueSlot	com.badlogic.gdx.graphics.glutils.GLFrameBuffer$GLFrameBufferBuilder#addFloatAttachment#format	PixelFormat	sge.graphics.PixelFormat
OpaqueSlot	com.badlogic.gdx.graphics.glutils.GLFrameBuffer$GLFrameBufferBuilder#addFloatAttachment#type	DataType	sge.graphics.DataType
OpaqueSlot	com.badlogic.gdx.graphics.glutils.GLFrameBuffer$GLFrameBufferBuilder#addStencilTextureAttachment#type	DataType	sge.graphics.DataType
OpaqueSlot	com.badlogic.gdx.graphics.glutils.GLFrameBuffer$GLFrameBufferBuilder#height	Pixels	sge.Pixels
OpaqueSlot	com.badlogic.gdx.graphics.glutils.GLFrameBuffer$GLFrameBufferBuilder#width	Pixels	sge.Pixels
OpaqueSlot	com.badlogic.gdx.graphics.glutils.GLOnlyTextureData#<init>#format	PixelFormat	sge.graphics.PixelFormat
OpaqueSlot	com.badlogic.gdx.graphics.glutils.GLOnlyTextureData#<init>#type	DataType	sge.graphics.DataType
OpaqueSlot	com.badlogic.gdx.graphics.glutils.GLOnlyTextureData#consumeCustomData#target	TextureTarget	sge.graphics.TextureTarget
OpaqueSlot	com.badlogic.gdx.graphics.glutils.GLOnlyTextureData#format	PixelFormat	sge.graphics.PixelFormat
OpaqueSlot	com.badlogic.gdx.graphics.glutils.GLOnlyTextureData#type	DataType	sge.graphics.DataType
OpaqueSlot	com.badlogic.gdx.graphics.glutils.HdpiUtils#glScissor#height	Pixels	sge.Pixels
OpaqueSlot	com.badlogic.gdx.graphics.glutils.HdpiUtils#glScissor#width	Pixels	sge.Pixels
OpaqueSlot	com.badlogic.gdx.graphics.glutils.HdpiUtils#glScissor#x	Pixels	sge.Pixels
OpaqueSlot	com.badlogic.gdx.graphics.glutils.HdpiUtils#glScissor#y	Pixels	sge.Pixels
OpaqueSlot	com.badlogic.gdx.graphics.glutils.HdpiUtils#glViewport#height	Pixels	sge.Pixels
OpaqueSlot	com.badlogic.gdx.graphics.glutils.HdpiUtils#glViewport#width	Pixels	sge.Pixels
OpaqueSlot	com.badlogic.gdx.graphics.glutils.HdpiUtils#glViewport#x	Pixels	sge.Pixels
OpaqueSlot	com.badlogic.gdx.graphics.glutils.HdpiUtils#glViewport#y	Pixels	sge.Pixels
OpaqueSlot	com.badlogic.gdx.graphics.glutils.HdpiUtils#toBackBufferX	Pixels	sge.Pixels
OpaqueSlot	com.badlogic.gdx.graphics.glutils.HdpiUtils#toBackBufferX#logicalX	Pixels	sge.Pixels
OpaqueSlot	com.badlogic.gdx.graphics.glutils.HdpiUtils#toBackBufferY	Pixels	sge.Pixels
OpaqueSlot	com.badlogic.gdx.graphics.glutils.HdpiUtils#toBackBufferY#logicalY	Pixels	sge.Pixels
OpaqueSlot	com.badlogic.gdx.graphics.glutils.HdpiUtils#toLogicalX	Pixels	sge.Pixels
OpaqueSlot	com.badlogic.gdx.graphics.glutils.HdpiUtils#toLogicalX#backBufferX	Pixels	sge.Pixels
OpaqueSlot	com.badlogic.gdx.graphics.glutils.HdpiUtils#toLogicalY	Pixels	sge.Pixels
OpaqueSlot	com.badlogic.gdx.graphics.glutils.HdpiUtils#toLogicalY#backBufferY	Pixels	sge.Pixels
OpaqueSlot	com.badlogic.gdx.graphics.glutils.ImmediateModeRenderer#begin#primitiveType	PrimitiveMode	sge.graphics.PrimitiveMode
OpaqueSlot	com.badlogic.gdx.graphics.glutils.ImmediateModeRenderer20#begin#primitiveType	PrimitiveMode	sge.graphics.PrimitiveMode
OpaqueSlot	com.badlogic.gdx.graphics.glutils.InstanceBufferObject#getUsage	BufferUsage	sge.graphics.BufferUsage
OpaqueSlot	com.badlogic.gdx.graphics.glutils.InstanceBufferObject#setUsage#value	BufferUsage	sge.graphics.BufferUsage
OpaqueSlot	com.badlogic.gdx.graphics.glutils.InstanceBufferObjectSubData#usage	BufferUsage	sge.graphics.BufferUsage
OpaqueSlot	com.badlogic.gdx.graphics.glutils.KTXTextureData#consumeCustomData#target	TextureTarget	sge.graphics.TextureTarget
OpaqueSlot	com.badlogic.gdx.graphics.glutils.MipMapGenerator#generateMipMap(int,Pixmap,int,int)#target	TextureTarget	sge.graphics.TextureTarget
OpaqueSlot	com.badlogic.gdx.graphics.glutils.MipMapTextureData#consumeCustomData#target	TextureTarget	sge.graphics.TextureTarget
OpaqueSlot	com.badlogic.gdx.graphics.glutils.PixmapTextureData#consumeCustomData#target	TextureTarget	sge.graphics.TextureTarget
OpaqueSlot	com.badlogic.gdx.graphics.glutils.ShaderProgram#setVertexAttribute(String,int,int,boolean,int,Buffer)#type	DataType	sge.graphics.DataType
OpaqueSlot	com.badlogic.gdx.graphics.glutils.ShaderProgram#setVertexAttribute(String,int,int,boolean,int,int)#type	DataType	sge.graphics.DataType
OpaqueSlot	com.badlogic.gdx.graphics.glutils.ShaderProgram#setVertexAttribute(int,int,int,boolean,int,Buffer)#type	DataType	sge.graphics.DataType
OpaqueSlot	com.badlogic.gdx.graphics.glutils.ShaderProgram#setVertexAttribute(int,int,int,boolean,int,int)#type	DataType	sge.graphics.DataType
OpaqueSlot	com.badlogic.gdx.graphics.glutils.ShapeRenderer$ShapeType#getGlType	PrimitiveMode	sge.graphics.PrimitiveMode
OpaqueSlot	com.badlogic.gdx.graphics.glutils.ShapeRenderer$ShapeType#glType	PrimitiveMode	sge.graphics.PrimitiveMode
OpaqueSlot	com.badlogic.gdx.graphics.glutils.VertexBufferObject#<init>(int,ByteBuffer,boolean,VertexAttributes)#usage	BufferUsage	sge.graphics.BufferUsage
OpaqueSlot	com.badlogic.gdx.graphics.glutils.VertexBufferObject#getUsage	BufferUsage	sge.graphics.BufferUsage
OpaqueSlot	com.badlogic.gdx.graphics.glutils.VertexBufferObject#setUsage#value	BufferUsage	sge.graphics.BufferUsage
OpaqueSlot	com.badlogic.gdx.graphics.glutils.VertexBufferObjectSubData#usage	BufferUsage	sge.graphics.BufferUsage
OpaqueSlot	com.badlogic.gdx.graphics.glutils.VertexBufferObjectWithVAO#usage	BufferUsage	sge.graphics.BufferUsage
OpaqueSlot	com.badlogic.gdx.graphics.profiling.GL20Interceptor#glBindBuffer#target	BufferTarget	sge.graphics.BufferTarget
OpaqueSlot	com.badlogic.gdx.graphics.profiling.GL20Interceptor#glBindTexture#target	TextureTarget	sge.graphics.TextureTarget
OpaqueSlot	com.badlogic.gdx.graphics.profiling.GL20Interceptor#glBlendEquation#mode	BlendEquation	sge.graphics.BlendEquation
OpaqueSlot	com.badlogic.gdx.graphics.profiling.GL20Interceptor#glBlendEquationSeparate#modeAlpha	BlendEquation	sge.graphics.BlendEquation
OpaqueSlot	com.badlogic.gdx.graphics.profiling.GL20Interceptor#glBlendEquationSeparate#modeRGB	BlendEquation	sge.graphics.BlendEquation
OpaqueSlot	com.badlogic.gdx.graphics.profiling.GL20Interceptor#glBlendFunc#dfactor	BlendFactor	sge.graphics.BlendFactor
OpaqueSlot	com.badlogic.gdx.graphics.profiling.GL20Interceptor#glBlendFunc#sfactor	BlendFactor	sge.graphics.BlendFactor
OpaqueSlot	com.badlogic.gdx.graphics.profiling.GL20Interceptor#glBlendFuncSeparate#dstAlpha	BlendFactor	sge.graphics.BlendFactor
OpaqueSlot	com.badlogic.gdx.graphics.profiling.GL20Interceptor#glBlendFuncSeparate#dstRGB	BlendFactor	sge.graphics.BlendFactor
OpaqueSlot	com.badlogic.gdx.graphics.profiling.GL20Interceptor#glBlendFuncSeparate#srcAlpha	BlendFactor	sge.graphics.BlendFactor
OpaqueSlot	com.badlogic.gdx.graphics.profiling.GL20Interceptor#glBlendFuncSeparate#srcRGB	BlendFactor	sge.graphics.BlendFactor
OpaqueSlot	com.badlogic.gdx.graphics.profiling.GL20Interceptor#glBufferData#target	BufferTarget	sge.graphics.BufferTarget
OpaqueSlot	com.badlogic.gdx.graphics.profiling.GL20Interceptor#glBufferData#usage	BufferUsage	sge.graphics.BufferUsage
OpaqueSlot	com.badlogic.gdx.graphics.profiling.GL20Interceptor#glBufferSubData#target	BufferTarget	sge.graphics.BufferTarget
OpaqueSlot	com.badlogic.gdx.graphics.profiling.GL20Interceptor#glClear#mask	ClearMask	sge.graphics.ClearMask
OpaqueSlot	com.badlogic.gdx.graphics.profiling.GL20Interceptor#glCompressedTexImage2D#height	Pixels	sge.Pixels
OpaqueSlot	com.badlogic.gdx.graphics.profiling.GL20Interceptor#glCompressedTexImage2D#target	TextureTarget	sge.graphics.TextureTarget
OpaqueSlot	com.badlogic.gdx.graphics.profiling.GL20Interceptor#glCompressedTexImage2D#width	Pixels	sge.Pixels
OpaqueSlot	com.badlogic.gdx.graphics.profiling.GL20Interceptor#glCompressedTexSubImage2D#format	PixelFormat	sge.graphics.PixelFormat
OpaqueSlot	com.badlogic.gdx.graphics.profiling.GL20Interceptor#glCompressedTexSubImage2D#height	Pixels	sge.Pixels
OpaqueSlot	com.badlogic.gdx.graphics.profiling.GL20Interceptor#glCompressedTexSubImage2D#target	TextureTarget	sge.graphics.TextureTarget
OpaqueSlot	com.badlogic.gdx.graphics.profiling.GL20Interceptor#glCompressedTexSubImage2D#width	Pixels	sge.Pixels
OpaqueSlot	com.badlogic.gdx.graphics.profiling.GL20Interceptor#glCompressedTexSubImage2D#xoffset	Pixels	sge.Pixels
OpaqueSlot	com.badlogic.gdx.graphics.profiling.GL20Interceptor#glCompressedTexSubImage2D#yoffset	Pixels	sge.Pixels
OpaqueSlot	com.badlogic.gdx.graphics.profiling.GL20Interceptor#glCopyTexImage2D#height	Pixels	sge.Pixels
OpaqueSlot	com.badlogic.gdx.graphics.profiling.GL20Interceptor#glCopyTexImage2D#target	TextureTarget	sge.graphics.TextureTarget
OpaqueSlot	com.badlogic.gdx.graphics.profiling.GL20Interceptor#glCopyTexImage2D#width	Pixels	sge.Pixels
OpaqueSlot	com.badlogic.gdx.graphics.profiling.GL20Interceptor#glCopyTexImage2D#x	Pixels	sge.Pixels
OpaqueSlot	com.badlogic.gdx.graphics.profiling.GL20Interceptor#glCopyTexImage2D#y	Pixels	sge.Pixels
OpaqueSlot	com.badlogic.gdx.graphics.profiling.GL20Interceptor#glCopyTexSubImage2D#height	Pixels	sge.Pixels
OpaqueSlot	com.badlogic.gdx.graphics.profiling.GL20Interceptor#glCopyTexSubImage2D#target	TextureTarget	sge.graphics.TextureTarget
OpaqueSlot	com.badlogic.gdx.graphics.profiling.GL20Interceptor#glCopyTexSubImage2D#width	Pixels	sge.Pixels
OpaqueSlot	com.badlogic.gdx.graphics.profiling.GL20Interceptor#glCopyTexSubImage2D#x	Pixels	sge.Pixels
OpaqueSlot	com.badlogic.gdx.graphics.profiling.GL20Interceptor#glCopyTexSubImage2D#xoffset	Pixels	sge.Pixels
OpaqueSlot	com.badlogic.gdx.graphics.profiling.GL20Interceptor#glCopyTexSubImage2D#y	Pixels	sge.Pixels
OpaqueSlot	com.badlogic.gdx.graphics.profiling.GL20Interceptor#glCopyTexSubImage2D#yoffset	Pixels	sge.Pixels
OpaqueSlot	com.badlogic.gdx.graphics.profiling.GL20Interceptor#glCreateShader#type	ShaderType	sge.graphics.ShaderType
OpaqueSlot	com.badlogic.gdx.graphics.profiling.GL20Interceptor#glCullFace#mode	CullFace	sge.graphics.CullFace
OpaqueSlot	com.badlogic.gdx.graphics.profiling.GL20Interceptor#glDepthFunc#func	CompareFunc	sge.graphics.CompareFunc
OpaqueSlot	com.badlogic.gdx.graphics.profiling.GL20Interceptor#glDisable#cap	EnableCap	sge.graphics.EnableCap
OpaqueSlot	com.badlogic.gdx.graphics.profiling.GL20Interceptor#glDrawArrays#mode	PrimitiveMode	sge.graphics.PrimitiveMode
OpaqueSlot	com.badlogic.gdx.graphics.profiling.GL20Interceptor#glDrawElements(int,int,int,Buffer)#mode	PrimitiveMode	sge.graphics.PrimitiveMode
OpaqueSlot	com.badlogic.gdx.graphics.profiling.GL20Interceptor#glDrawElements(int,int,int,Buffer)#type	DataType	sge.graphics.DataType
OpaqueSlot	com.badlogic.gdx.graphics.profiling.GL20Interceptor#glDrawElements(int,int,int,int)#mode	PrimitiveMode	sge.graphics.PrimitiveMode
OpaqueSlot	com.badlogic.gdx.graphics.profiling.GL20Interceptor#glDrawElements(int,int,int,int)#type	DataType	sge.graphics.DataType
OpaqueSlot	com.badlogic.gdx.graphics.profiling.GL20Interceptor#glEnable#cap	EnableCap	sge.graphics.EnableCap
OpaqueSlot	com.badlogic.gdx.graphics.profiling.GL20Interceptor#glFramebufferTexture2D#textarget	TextureTarget	sge.graphics.TextureTarget
OpaqueSlot	com.badlogic.gdx.graphics.profiling.GL20Interceptor#glGenerateMipmap#target	TextureTarget	sge.graphics.TextureTarget
OpaqueSlot	com.badlogic.gdx.graphics.profiling.GL20Interceptor#glGetBufferParameteriv#target	BufferTarget	sge.graphics.BufferTarget
OpaqueSlot	com.badlogic.gdx.graphics.profiling.GL20Interceptor#glGetShaderPrecisionFormat#shadertype	ShaderType	sge.graphics.ShaderType
OpaqueSlot	com.badlogic.gdx.graphics.profiling.GL20Interceptor#glGetTexParameterfv#target	TextureTarget	sge.graphics.TextureTarget
OpaqueSlot	com.badlogic.gdx.graphics.profiling.GL20Interceptor#glGetTexParameteriv#target	TextureTarget	sge.graphics.TextureTarget
OpaqueSlot	com.badlogic.gdx.graphics.profiling.GL20Interceptor#glIsEnabled#cap	EnableCap	sge.graphics.EnableCap
OpaqueSlot	com.badlogic.gdx.graphics.profiling.GL20Interceptor#glReadPixels#format	PixelFormat	sge.graphics.PixelFormat
OpaqueSlot	com.badlogic.gdx.graphics.profiling.GL20Interceptor#glReadPixels#height	Pixels	sge.Pixels
OpaqueSlot	com.badlogic.gdx.graphics.profiling.GL20Interceptor#glReadPixels#type	DataType	sge.graphics.DataType
OpaqueSlot	com.badlogic.gdx.graphics.profiling.GL20Interceptor#glReadPixels#width	Pixels	sge.Pixels
OpaqueSlot	com.badlogic.gdx.graphics.profiling.GL20Interceptor#glReadPixels#x	Pixels	sge.Pixels
OpaqueSlot	com.badlogic.gdx.graphics.profiling.GL20Interceptor#glReadPixels#y	Pixels	sge.Pixels
OpaqueSlot	com.badlogic.gdx.graphics.profiling.GL20Interceptor#glRenderbufferStorage#height	Pixels	sge.Pixels
OpaqueSlot	com.badlogic.gdx.graphics.profiling.GL20Interceptor#glRenderbufferStorage#width	Pixels	sge.Pixels
OpaqueSlot	com.badlogic.gdx.graphics.profiling.GL20Interceptor#glScissor#height	Pixels	sge.Pixels
OpaqueSlot	com.badlogic.gdx.graphics.profiling.GL20Interceptor#glScissor#width	Pixels	sge.Pixels
OpaqueSlot	com.badlogic.gdx.graphics.profiling.GL20Interceptor#glScissor#x	Pixels	sge.Pixels
OpaqueSlot	com.badlogic.gdx.graphics.profiling.GL20Interceptor#glScissor#y	Pixels	sge.Pixels
OpaqueSlot	com.badlogic.gdx.graphics.profiling.GL20Interceptor#glStencilFunc#func	CompareFunc	sge.graphics.CompareFunc
OpaqueSlot	com.badlogic.gdx.graphics.profiling.GL20Interceptor#glStencilFuncSeparate#face	CullFace	sge.graphics.CullFace
OpaqueSlot	com.badlogic.gdx.graphics.profiling.GL20Interceptor#glStencilFuncSeparate#func	CompareFunc	sge.graphics.CompareFunc
OpaqueSlot	com.badlogic.gdx.graphics.profiling.GL20Interceptor#glStencilMaskSeparate#face	CullFace	sge.graphics.CullFace
OpaqueSlot	com.badlogic.gdx.graphics.profiling.GL20Interceptor#glStencilOp#fail	StencilOp	sge.graphics.StencilOp
OpaqueSlot	com.badlogic.gdx.graphics.profiling.GL20Interceptor#glStencilOp#zfail	StencilOp	sge.graphics.StencilOp
OpaqueSlot	com.badlogic.gdx.graphics.profiling.GL20Interceptor#glStencilOp#zpass	StencilOp	sge.graphics.StencilOp
OpaqueSlot	com.badlogic.gdx.graphics.profiling.GL20Interceptor#glStencilOpSeparate#face	CullFace	sge.graphics.CullFace
OpaqueSlot	com.badlogic.gdx.graphics.profiling.GL20Interceptor#glStencilOpSeparate#fail	StencilOp	sge.graphics.StencilOp
OpaqueSlot	com.badlogic.gdx.graphics.profiling.GL20Interceptor#glStencilOpSeparate#zfail	StencilOp	sge.graphics.StencilOp
OpaqueSlot	com.badlogic.gdx.graphics.profiling.GL20Interceptor#glStencilOpSeparate#zpass	StencilOp	sge.graphics.StencilOp
OpaqueSlot	com.badlogic.gdx.graphics.profiling.GL20Interceptor#glTexImage2D#format	PixelFormat	sge.graphics.PixelFormat
OpaqueSlot	com.badlogic.gdx.graphics.profiling.GL20Interceptor#glTexImage2D#height	Pixels	sge.Pixels
OpaqueSlot	com.badlogic.gdx.graphics.profiling.GL20Interceptor#glTexImage2D#target	TextureTarget	sge.graphics.TextureTarget
OpaqueSlot	com.badlogic.gdx.graphics.profiling.GL20Interceptor#glTexImage2D#type	DataType	sge.graphics.DataType
OpaqueSlot	com.badlogic.gdx.graphics.profiling.GL20Interceptor#glTexImage2D#width	Pixels	sge.Pixels
OpaqueSlot	com.badlogic.gdx.graphics.profiling.GL20Interceptor#glTexParameterf#target	TextureTarget	sge.graphics.TextureTarget
OpaqueSlot	com.badlogic.gdx.graphics.profiling.GL20Interceptor#glTexParameterfv#target	TextureTarget	sge.graphics.TextureTarget
OpaqueSlot	com.badlogic.gdx.graphics.profiling.GL20Interceptor#glTexParameteri#target	TextureTarget	sge.graphics.TextureTarget
OpaqueSlot	com.badlogic.gdx.graphics.profiling.GL20Interceptor#glTexParameteriv#target	TextureTarget	sge.graphics.TextureTarget
OpaqueSlot	com.badlogic.gdx.graphics.profiling.GL20Interceptor#glTexSubImage2D#format	PixelFormat	sge.graphics.PixelFormat
OpaqueSlot	com.badlogic.gdx.graphics.profiling.GL20Interceptor#glTexSubImage2D#height	Pixels	sge.Pixels
OpaqueSlot	com.badlogic.gdx.graphics.profiling.GL20Interceptor#glTexSubImage2D#target	TextureTarget	sge.graphics.TextureTarget
OpaqueSlot	com.badlogic.gdx.graphics.profiling.GL20Interceptor#glTexSubImage2D#type	DataType	sge.graphics.DataType
OpaqueSlot	com.badlogic.gdx.graphics.profiling.GL20Interceptor#glTexSubImage2D#width	Pixels	sge.Pixels
OpaqueSlot	com.badlogic.gdx.graphics.profiling.GL20Interceptor#glTexSubImage2D#xoffset	Pixels	sge.Pixels
OpaqueSlot	com.badlogic.gdx.graphics.profiling.GL20Interceptor#glTexSubImage2D#yoffset	Pixels	sge.Pixels
OpaqueSlot	com.badlogic.gdx.graphics.profiling.GL20Interceptor#glVertexAttribPointer(int,int,int,boolean,int,Buffer)#type	DataType	sge.graphics.DataType
OpaqueSlot	com.badlogic.gdx.graphics.profiling.GL20Interceptor#glVertexAttribPointer(int,int,int,boolean,int,int)#type	DataType	sge.graphics.DataType
OpaqueSlot	com.badlogic.gdx.graphics.profiling.GL20Interceptor#glViewport#height	Pixels	sge.Pixels
OpaqueSlot	com.badlogic.gdx.graphics.profiling.GL20Interceptor#glViewport#width	Pixels	sge.Pixels
OpaqueSlot	com.badlogic.gdx.graphics.profiling.GL20Interceptor#glViewport#x	Pixels	sge.Pixels
OpaqueSlot	com.badlogic.gdx.graphics.profiling.GL20Interceptor#glViewport#y	Pixels	sge.Pixels
OpaqueSlot	com.badlogic.gdx.graphics.profiling.GL30Interceptor#glBeginTransformFeedback#primitiveMode	PrimitiveMode	sge.graphics.PrimitiveMode
OpaqueSlot	com.badlogic.gdx.graphics.profiling.GL30Interceptor#glBindBuffer#target	BufferTarget	sge.graphics.BufferTarget
OpaqueSlot	com.badlogic.gdx.graphics.profiling.GL30Interceptor#glBindBufferBase#target	BufferTarget	sge.graphics.BufferTarget
OpaqueSlot	com.badlogic.gdx.graphics.profiling.GL30Interceptor#glBindBufferRange#target	BufferTarget	sge.graphics.BufferTarget
OpaqueSlot	com.badlogic.gdx.graphics.profiling.GL30Interceptor#glBindTexture#target	TextureTarget	sge.graphics.TextureTarget
OpaqueSlot	com.badlogic.gdx.graphics.profiling.GL30Interceptor#glBlendEquation#mode	BlendEquation	sge.graphics.BlendEquation
OpaqueSlot	com.badlogic.gdx.graphics.profiling.GL30Interceptor#glBlendEquationSeparate#modeAlpha	BlendEquation	sge.graphics.BlendEquation
OpaqueSlot	com.badlogic.gdx.graphics.profiling.GL30Interceptor#glBlendEquationSeparate#modeRGB	BlendEquation	sge.graphics.BlendEquation
OpaqueSlot	com.badlogic.gdx.graphics.profiling.GL30Interceptor#glBlendFunc#dfactor	BlendFactor	sge.graphics.BlendFactor
OpaqueSlot	com.badlogic.gdx.graphics.profiling.GL30Interceptor#glBlendFunc#sfactor	BlendFactor	sge.graphics.BlendFactor
OpaqueSlot	com.badlogic.gdx.graphics.profiling.GL30Interceptor#glBlendFuncSeparate#dstAlpha	BlendFactor	sge.graphics.BlendFactor
OpaqueSlot	com.badlogic.gdx.graphics.profiling.GL30Interceptor#glBlendFuncSeparate#dstRGB	BlendFactor	sge.graphics.BlendFactor
OpaqueSlot	com.badlogic.gdx.graphics.profiling.GL30Interceptor#glBlendFuncSeparate#srcAlpha	BlendFactor	sge.graphics.BlendFactor
OpaqueSlot	com.badlogic.gdx.graphics.profiling.GL30Interceptor#glBlendFuncSeparate#srcRGB	BlendFactor	sge.graphics.BlendFactor
OpaqueSlot	com.badlogic.gdx.graphics.profiling.GL30Interceptor#glBlitFramebuffer#mask	ClearMask	sge.graphics.ClearMask
OpaqueSlot	com.badlogic.gdx.graphics.profiling.GL30Interceptor#glBufferData#target	BufferTarget	sge.graphics.BufferTarget
OpaqueSlot	com.badlogic.gdx.graphics.profiling.GL30Interceptor#glBufferData#usage	BufferUsage	sge.graphics.BufferUsage
OpaqueSlot	com.badlogic.gdx.graphics.profiling.GL30Interceptor#glBufferSubData#target	BufferTarget	sge.graphics.BufferTarget
OpaqueSlot	com.badlogic.gdx.graphics.profiling.GL30Interceptor#glClear#mask	ClearMask	sge.graphics.ClearMask
OpaqueSlot	com.badlogic.gdx.graphics.profiling.GL30Interceptor#glCompressedTexImage2D#height	Pixels	sge.Pixels
OpaqueSlot	com.badlogic.gdx.graphics.profiling.GL30Interceptor#glCompressedTexImage2D#target	TextureTarget	sge.graphics.TextureTarget
OpaqueSlot	com.badlogic.gdx.graphics.profiling.GL30Interceptor#glCompressedTexImage2D#width	Pixels	sge.Pixels
OpaqueSlot	com.badlogic.gdx.graphics.profiling.GL30Interceptor#glCompressedTexSubImage2D#format	PixelFormat	sge.graphics.PixelFormat
OpaqueSlot	com.badlogic.gdx.graphics.profiling.GL30Interceptor#glCompressedTexSubImage2D#height	Pixels	sge.Pixels
OpaqueSlot	com.badlogic.gdx.graphics.profiling.GL30Interceptor#glCompressedTexSubImage2D#target	TextureTarget	sge.graphics.TextureTarget
OpaqueSlot	com.badlogic.gdx.graphics.profiling.GL30Interceptor#glCompressedTexSubImage2D#width	Pixels	sge.Pixels
OpaqueSlot	com.badlogic.gdx.graphics.profiling.GL30Interceptor#glCompressedTexSubImage2D#xoffset	Pixels	sge.Pixels
OpaqueSlot	com.badlogic.gdx.graphics.profiling.GL30Interceptor#glCompressedTexSubImage2D#yoffset	Pixels	sge.Pixels
OpaqueSlot	com.badlogic.gdx.graphics.profiling.GL30Interceptor#glCopyBufferSubData#readTarget	BufferTarget	sge.graphics.BufferTarget
OpaqueSlot	com.badlogic.gdx.graphics.profiling.GL30Interceptor#glCopyBufferSubData#writeTarget	BufferTarget	sge.graphics.BufferTarget
OpaqueSlot	com.badlogic.gdx.graphics.profiling.GL30Interceptor#glCopyTexImage2D#height	Pixels	sge.Pixels
OpaqueSlot	com.badlogic.gdx.graphics.profiling.GL30Interceptor#glCopyTexImage2D#target	TextureTarget	sge.graphics.TextureTarget
OpaqueSlot	com.badlogic.gdx.graphics.profiling.GL30Interceptor#glCopyTexImage2D#width	Pixels	sge.Pixels
OpaqueSlot	com.badlogic.gdx.graphics.profiling.GL30Interceptor#glCopyTexImage2D#x	Pixels	sge.Pixels
OpaqueSlot	com.badlogic.gdx.graphics.profiling.GL30Interceptor#glCopyTexImage2D#y	Pixels	sge.Pixels
OpaqueSlot	com.badlogic.gdx.graphics.profiling.GL30Interceptor#glCopyTexSubImage2D#height	Pixels	sge.Pixels
OpaqueSlot	com.badlogic.gdx.graphics.profiling.GL30Interceptor#glCopyTexSubImage2D#target	TextureTarget	sge.graphics.TextureTarget
OpaqueSlot	com.badlogic.gdx.graphics.profiling.GL30Interceptor#glCopyTexSubImage2D#width	Pixels	sge.Pixels
OpaqueSlot	com.badlogic.gdx.graphics.profiling.GL30Interceptor#glCopyTexSubImage2D#x	Pixels	sge.Pixels
OpaqueSlot	com.badlogic.gdx.graphics.profiling.GL30Interceptor#glCopyTexSubImage2D#xoffset	Pixels	sge.Pixels
OpaqueSlot	com.badlogic.gdx.graphics.profiling.GL30Interceptor#glCopyTexSubImage2D#y	Pixels	sge.Pixels
OpaqueSlot	com.badlogic.gdx.graphics.profiling.GL30Interceptor#glCopyTexSubImage2D#yoffset	Pixels	sge.Pixels
OpaqueSlot	com.badlogic.gdx.graphics.profiling.GL30Interceptor#glCopyTexSubImage3D#target	TextureTarget	sge.graphics.TextureTarget
OpaqueSlot	com.badlogic.gdx.graphics.profiling.GL30Interceptor#glCreateShader#type	ShaderType	sge.graphics.ShaderType
OpaqueSlot	com.badlogic.gdx.graphics.profiling.GL30Interceptor#glCullFace#mode	CullFace	sge.graphics.CullFace
OpaqueSlot	com.badlogic.gdx.graphics.profiling.GL30Interceptor#glDepthFunc#func	CompareFunc	sge.graphics.CompareFunc
OpaqueSlot	com.badlogic.gdx.graphics.profiling.GL30Interceptor#glDisable#cap	EnableCap	sge.graphics.EnableCap
OpaqueSlot	com.badlogic.gdx.graphics.profiling.GL30Interceptor#glDrawArrays#mode	PrimitiveMode	sge.graphics.PrimitiveMode
OpaqueSlot	com.badlogic.gdx.graphics.profiling.GL30Interceptor#glDrawArraysInstanced#mode	PrimitiveMode	sge.graphics.PrimitiveMode
OpaqueSlot	com.badlogic.gdx.graphics.profiling.GL30Interceptor#glDrawElements(int,int,int,Buffer)#mode	PrimitiveMode	sge.graphics.PrimitiveMode
OpaqueSlot	com.badlogic.gdx.graphics.profiling.GL30Interceptor#glDrawElements(int,int,int,Buffer)#type	DataType	sge.graphics.DataType
OpaqueSlot	com.badlogic.gdx.graphics.profiling.GL30Interceptor#glDrawElements(int,int,int,int)#mode	PrimitiveMode	sge.graphics.PrimitiveMode
OpaqueSlot	com.badlogic.gdx.graphics.profiling.GL30Interceptor#glDrawElements(int,int,int,int)#type	DataType	sge.graphics.DataType
OpaqueSlot	com.badlogic.gdx.graphics.profiling.GL30Interceptor#glDrawElementsInstanced#mode	PrimitiveMode	sge.graphics.PrimitiveMode
OpaqueSlot	com.badlogic.gdx.graphics.profiling.GL30Interceptor#glDrawElementsInstanced#type	DataType	sge.graphics.DataType
OpaqueSlot	com.badlogic.gdx.graphics.profiling.GL30Interceptor#glDrawRangeElements(int,int,int,int,int,Buffer)#mode	PrimitiveMode	sge.graphics.PrimitiveMode
OpaqueSlot	com.badlogic.gdx.graphics.profiling.GL30Interceptor#glDrawRangeElements(int,int,int,int,int,Buffer)#type	DataType	sge.graphics.DataType
OpaqueSlot	com.badlogic.gdx.graphics.profiling.GL30Interceptor#glDrawRangeElements(int,int,int,int,int,int)#mode	PrimitiveMode	sge.graphics.PrimitiveMode
OpaqueSlot	com.badlogic.gdx.graphics.profiling.GL30Interceptor#glDrawRangeElements(int,int,int,int,int,int)#type	DataType	sge.graphics.DataType
OpaqueSlot	com.badlogic.gdx.graphics.profiling.GL30Interceptor#glEnable#cap	EnableCap	sge.graphics.EnableCap
OpaqueSlot	com.badlogic.gdx.graphics.profiling.GL30Interceptor#glFlushMappedBufferRange#target	BufferTarget	sge.graphics.BufferTarget
OpaqueSlot	com.badlogic.gdx.graphics.profiling.GL30Interceptor#glFramebufferTexture2D#textarget	TextureTarget	sge.graphics.TextureTarget
OpaqueSlot	com.badlogic.gdx.graphics.profiling.GL30Interceptor#glGenerateMipmap#target	TextureTarget	sge.graphics.TextureTarget
OpaqueSlot	com.badlogic.gdx.graphics.profiling.GL30Interceptor#glGetBufferParameteri64v#target	BufferTarget	sge.graphics.BufferTarget
OpaqueSlot	com.badlogic.gdx.graphics.profiling.GL30Interceptor#glGetBufferParameteriv#target	BufferTarget	sge.graphics.BufferTarget
OpaqueSlot	com.badlogic.gdx.graphics.profiling.GL30Interceptor#glGetBufferPointerv#target	BufferTarget	sge.graphics.BufferTarget
OpaqueSlot	com.badlogic.gdx.graphics.profiling.GL30Interceptor#glGetShaderPrecisionFormat#shadertype	ShaderType	sge.graphics.ShaderType
OpaqueSlot	com.badlogic.gdx.graphics.profiling.GL30Interceptor#glGetTexParameterfv#target	TextureTarget	sge.graphics.TextureTarget
OpaqueSlot	com.badlogic.gdx.graphics.profiling.GL30Interceptor#glGetTexParameteriv#target	TextureTarget	sge.graphics.TextureTarget
OpaqueSlot	com.badlogic.gdx.graphics.profiling.GL30Interceptor#glIsEnabled#cap	EnableCap	sge.graphics.EnableCap
OpaqueSlot	com.badlogic.gdx.graphics.profiling.GL30Interceptor#glMapBufferRange#target	BufferTarget	sge.graphics.BufferTarget
OpaqueSlot	com.badlogic.gdx.graphics.profiling.GL30Interceptor#glReadPixels#format	PixelFormat	sge.graphics.PixelFormat
OpaqueSlot	com.badlogic.gdx.graphics.profiling.GL30Interceptor#glReadPixels#height	Pixels	sge.Pixels
OpaqueSlot	com.badlogic.gdx.graphics.profiling.GL30Interceptor#glReadPixels#type	DataType	sge.graphics.DataType
OpaqueSlot	com.badlogic.gdx.graphics.profiling.GL30Interceptor#glReadPixels#width	Pixels	sge.Pixels
OpaqueSlot	com.badlogic.gdx.graphics.profiling.GL30Interceptor#glReadPixels#x	Pixels	sge.Pixels
OpaqueSlot	com.badlogic.gdx.graphics.profiling.GL30Interceptor#glReadPixels#y	Pixels	sge.Pixels
OpaqueSlot	com.badlogic.gdx.graphics.profiling.GL30Interceptor#glRenderbufferStorage#height	Pixels	sge.Pixels
OpaqueSlot	com.badlogic.gdx.graphics.profiling.GL30Interceptor#glRenderbufferStorage#width	Pixels	sge.Pixels
OpaqueSlot	com.badlogic.gdx.graphics.profiling.GL30Interceptor#glScissor#height	Pixels	sge.Pixels
OpaqueSlot	com.badlogic.gdx.graphics.profiling.GL30Interceptor#glScissor#width	Pixels	sge.Pixels
OpaqueSlot	com.badlogic.gdx.graphics.profiling.GL30Interceptor#glScissor#x	Pixels	sge.Pixels
OpaqueSlot	com.badlogic.gdx.graphics.profiling.GL30Interceptor#glScissor#y	Pixels	sge.Pixels
OpaqueSlot	com.badlogic.gdx.graphics.profiling.GL30Interceptor#glStencilFunc#func	CompareFunc	sge.graphics.CompareFunc
OpaqueSlot	com.badlogic.gdx.graphics.profiling.GL30Interceptor#glStencilFuncSeparate#face	CullFace	sge.graphics.CullFace
OpaqueSlot	com.badlogic.gdx.graphics.profiling.GL30Interceptor#glStencilFuncSeparate#func	CompareFunc	sge.graphics.CompareFunc
OpaqueSlot	com.badlogic.gdx.graphics.profiling.GL30Interceptor#glStencilMaskSeparate#face	CullFace	sge.graphics.CullFace
OpaqueSlot	com.badlogic.gdx.graphics.profiling.GL30Interceptor#glStencilOp#fail	StencilOp	sge.graphics.StencilOp
OpaqueSlot	com.badlogic.gdx.graphics.profiling.GL30Interceptor#glStencilOp#zfail	StencilOp	sge.graphics.StencilOp
OpaqueSlot	com.badlogic.gdx.graphics.profiling.GL30Interceptor#glStencilOp#zpass	StencilOp	sge.graphics.StencilOp
OpaqueSlot	com.badlogic.gdx.graphics.profiling.GL30Interceptor#glStencilOpSeparate#face	CullFace	sge.graphics.CullFace
OpaqueSlot	com.badlogic.gdx.graphics.profiling.GL30Interceptor#glStencilOpSeparate#fail	StencilOp	sge.graphics.StencilOp
OpaqueSlot	com.badlogic.gdx.graphics.profiling.GL30Interceptor#glStencilOpSeparate#zfail	StencilOp	sge.graphics.StencilOp
OpaqueSlot	com.badlogic.gdx.graphics.profiling.GL30Interceptor#glStencilOpSeparate#zpass	StencilOp	sge.graphics.StencilOp
OpaqueSlot	com.badlogic.gdx.graphics.profiling.GL30Interceptor#glTexImage2D(int,int,int,int,int,int,int,int,Buffer)#format	PixelFormat	sge.graphics.PixelFormat
OpaqueSlot	com.badlogic.gdx.graphics.profiling.GL30Interceptor#glTexImage2D(int,int,int,int,int,int,int,int,Buffer)#height	Pixels	sge.Pixels
OpaqueSlot	com.badlogic.gdx.graphics.profiling.GL30Interceptor#glTexImage2D(int,int,int,int,int,int,int,int,Buffer)#target	TextureTarget	sge.graphics.TextureTarget
OpaqueSlot	com.badlogic.gdx.graphics.profiling.GL30Interceptor#glTexImage2D(int,int,int,int,int,int,int,int,Buffer)#type	DataType	sge.graphics.DataType
OpaqueSlot	com.badlogic.gdx.graphics.profiling.GL30Interceptor#glTexImage2D(int,int,int,int,int,int,int,int,Buffer)#width	Pixels	sge.Pixels
OpaqueSlot	com.badlogic.gdx.graphics.profiling.GL30Interceptor#glTexImage2D(int,int,int,int,int,int,int,int,int)#format	PixelFormat	sge.graphics.PixelFormat
OpaqueSlot	com.badlogic.gdx.graphics.profiling.GL30Interceptor#glTexImage2D(int,int,int,int,int,int,int,int,int)#target	TextureTarget	sge.graphics.TextureTarget
OpaqueSlot	com.badlogic.gdx.graphics.profiling.GL30Interceptor#glTexImage2D(int,int,int,int,int,int,int,int,int)#type	DataType	sge.graphics.DataType
OpaqueSlot	com.badlogic.gdx.graphics.profiling.GL30Interceptor#glTexImage3D(int,int,int,int,int,int,int,int,int,Buffer)#format	PixelFormat	sge.graphics.PixelFormat
OpaqueSlot	com.badlogic.gdx.graphics.profiling.GL30Interceptor#glTexImage3D(int,int,int,int,int,int,int,int,int,Buffer)#target	TextureTarget	sge.graphics.TextureTarget
OpaqueSlot	com.badlogic.gdx.graphics.profiling.GL30Interceptor#glTexImage3D(int,int,int,int,int,int,int,int,int,Buffer)#type	DataType	sge.graphics.DataType
OpaqueSlot	com.badlogic.gdx.graphics.profiling.GL30Interceptor#glTexImage3D(int,int,int,int,int,int,int,int,int,int)#format	PixelFormat	sge.graphics.PixelFormat
OpaqueSlot	com.badlogic.gdx.graphics.profiling.GL30Interceptor#glTexImage3D(int,int,int,int,int,int,int,int,int,int)#target	TextureTarget	sge.graphics.TextureTarget
OpaqueSlot	com.badlogic.gdx.graphics.profiling.GL30Interceptor#glTexImage3D(int,int,int,int,int,int,int,int,int,int)#type	DataType	sge.graphics.DataType
OpaqueSlot	com.badlogic.gdx.graphics.profiling.GL30Interceptor#glTexParameterf#target	TextureTarget	sge.graphics.TextureTarget
OpaqueSlot	com.badlogic.gdx.graphics.profiling.GL30Interceptor#glTexParameterfv#target	TextureTarget	sge.graphics.TextureTarget
OpaqueSlot	com.badlogic.gdx.graphics.profiling.GL30Interceptor#glTexParameteri#target	TextureTarget	sge.graphics.TextureTarget
OpaqueSlot	com.badlogic.gdx.graphics.profiling.GL30Interceptor#glTexParameteriv#target	TextureTarget	sge.graphics.TextureTarget
OpaqueSlot	com.badlogic.gdx.graphics.profiling.GL30Interceptor#glTexSubImage2D(int,int,int,int,int,int,int,int,Buffer)#format	PixelFormat	sge.graphics.PixelFormat
OpaqueSlot	com.badlogic.gdx.graphics.profiling.GL30Interceptor#glTexSubImage2D(int,int,int,int,int,int,int,int,Buffer)#height	Pixels	sge.Pixels
OpaqueSlot	com.badlogic.gdx.graphics.profiling.GL30Interceptor#glTexSubImage2D(int,int,int,int,int,int,int,int,Buffer)#target	TextureTarget	sge.graphics.TextureTarget
OpaqueSlot	com.badlogic.gdx.graphics.profiling.GL30Interceptor#glTexSubImage2D(int,int,int,int,int,int,int,int,Buffer)#type	DataType	sge.graphics.DataType
OpaqueSlot	com.badlogic.gdx.graphics.profiling.GL30Interceptor#glTexSubImage2D(int,int,int,int,int,int,int,int,Buffer)#width	Pixels	sge.Pixels
OpaqueSlot	com.badlogic.gdx.graphics.profiling.GL30Interceptor#glTexSubImage2D(int,int,int,int,int,int,int,int,Buffer)#xoffset	Pixels	sge.Pixels
OpaqueSlot	com.badlogic.gdx.graphics.profiling.GL30Interceptor#glTexSubImage2D(int,int,int,int,int,int,int,int,Buffer)#yoffset	Pixels	sge.Pixels
OpaqueSlot	com.badlogic.gdx.graphics.profiling.GL30Interceptor#glTexSubImage2D(int,int,int,int,int,int,int,int,int)#format	PixelFormat	sge.graphics.PixelFormat
OpaqueSlot	com.badlogic.gdx.graphics.profiling.GL30Interceptor#glTexSubImage2D(int,int,int,int,int,int,int,int,int)#target	TextureTarget	sge.graphics.TextureTarget
OpaqueSlot	com.badlogic.gdx.graphics.profiling.GL30Interceptor#glTexSubImage2D(int,int,int,int,int,int,int,int,int)#type	DataType	sge.graphics.DataType
OpaqueSlot	com.badlogic.gdx.graphics.profiling.GL30Interceptor#glTexSubImage3D(int,int,int,int,int,int,int,int,int,int,Buffer)#format	PixelFormat	sge.graphics.PixelFormat
OpaqueSlot	com.badlogic.gdx.graphics.profiling.GL30Interceptor#glTexSubImage3D(int,int,int,int,int,int,int,int,int,int,Buffer)#target	TextureTarget	sge.graphics.TextureTarget
OpaqueSlot	com.badlogic.gdx.graphics.profiling.GL30Interceptor#glTexSubImage3D(int,int,int,int,int,int,int,int,int,int,Buffer)#type	DataType	sge.graphics.DataType
OpaqueSlot	com.badlogic.gdx.graphics.profiling.GL30Interceptor#glTexSubImage3D(int,int,int,int,int,int,int,int,int,int,int)#format	PixelFormat	sge.graphics.PixelFormat
OpaqueSlot	com.badlogic.gdx.graphics.profiling.GL30Interceptor#glTexSubImage3D(int,int,int,int,int,int,int,int,int,int,int)#target	TextureTarget	sge.graphics.TextureTarget
OpaqueSlot	com.badlogic.gdx.graphics.profiling.GL30Interceptor#glTexSubImage3D(int,int,int,int,int,int,int,int,int,int,int)#type	DataType	sge.graphics.DataType
OpaqueSlot	com.badlogic.gdx.graphics.profiling.GL30Interceptor#glUnmapBuffer#target	BufferTarget	sge.graphics.BufferTarget
OpaqueSlot	com.badlogic.gdx.graphics.profiling.GL30Interceptor#glVertexAttribIPointer#type	DataType	sge.graphics.DataType
OpaqueSlot	com.badlogic.gdx.graphics.profiling.GL30Interceptor#glVertexAttribPointer(int,int,int,boolean,int,Buffer)#type	DataType	sge.graphics.DataType
OpaqueSlot	com.badlogic.gdx.graphics.profiling.GL30Interceptor#glVertexAttribPointer(int,int,int,boolean,int,int)#type	DataType	sge.graphics.DataType
OpaqueSlot	com.badlogic.gdx.graphics.profiling.GL30Interceptor#glViewport#height	Pixels	sge.Pixels
OpaqueSlot	com.badlogic.gdx.graphics.profiling.GL30Interceptor#glViewport#width	Pixels	sge.Pixels
OpaqueSlot	com.badlogic.gdx.graphics.profiling.GL30Interceptor#glViewport#x	Pixels	sge.Pixels
OpaqueSlot	com.badlogic.gdx.graphics.profiling.GL30Interceptor#glViewport#y	Pixels	sge.Pixels
OpaqueSlot	com.badlogic.gdx.graphics.profiling.GL31Interceptor#glCreateShaderProgramv#type	ShaderType	sge.graphics.ShaderType
OpaqueSlot	com.badlogic.gdx.graphics.profiling.GL31Interceptor#glDrawArraysIndirect#mode	PrimitiveMode	sge.graphics.PrimitiveMode
OpaqueSlot	com.badlogic.gdx.graphics.profiling.GL31Interceptor#glDrawElementsIndirect#mode	PrimitiveMode	sge.graphics.PrimitiveMode
OpaqueSlot	com.badlogic.gdx.graphics.profiling.GL31Interceptor#glDrawElementsIndirect#type	DataType	sge.graphics.DataType
OpaqueSlot	com.badlogic.gdx.graphics.profiling.GL31Interceptor#glGetTexLevelParameterfv#target	TextureTarget	sge.graphics.TextureTarget
OpaqueSlot	com.badlogic.gdx.graphics.profiling.GL31Interceptor#glGetTexLevelParameteriv#target	TextureTarget	sge.graphics.TextureTarget
OpaqueSlot	com.badlogic.gdx.graphics.profiling.GL31Interceptor#glTexStorage2DMultisample#target	TextureTarget	sge.graphics.TextureTarget
OpaqueSlot	com.badlogic.gdx.graphics.profiling.GL31Interceptor#glVertexAttribFormat#type	DataType	sge.graphics.DataType
OpaqueSlot	com.badlogic.gdx.graphics.profiling.GL31Interceptor#glVertexAttribIFormat#type	DataType	sge.graphics.DataType
OpaqueSlot	com.badlogic.gdx.graphics.profiling.GL32Interceptor#glBlendEquationSeparatei#modeAlpha	BlendEquation	sge.graphics.BlendEquation
OpaqueSlot	com.badlogic.gdx.graphics.profiling.GL32Interceptor#glBlendEquationSeparatei#modeRGB	BlendEquation	sge.graphics.BlendEquation
OpaqueSlot	com.badlogic.gdx.graphics.profiling.GL32Interceptor#glBlendEquationi#mode	BlendEquation	sge.graphics.BlendEquation
OpaqueSlot	com.badlogic.gdx.graphics.profiling.GL32Interceptor#glBlendFuncSeparatei#dstAlpha	BlendFactor	sge.graphics.BlendFactor
OpaqueSlot	com.badlogic.gdx.graphics.profiling.GL32Interceptor#glBlendFuncSeparatei#dstRGB	BlendFactor	sge.graphics.BlendFactor
OpaqueSlot	com.badlogic.gdx.graphics.profiling.GL32Interceptor#glBlendFuncSeparatei#srcAlpha	BlendFactor	sge.graphics.BlendFactor
OpaqueSlot	com.badlogic.gdx.graphics.profiling.GL32Interceptor#glBlendFuncSeparatei#srcRGB	BlendFactor	sge.graphics.BlendFactor
OpaqueSlot	com.badlogic.gdx.graphics.profiling.GL32Interceptor#glBlendFunci#dst	BlendFactor	sge.graphics.BlendFactor
OpaqueSlot	com.badlogic.gdx.graphics.profiling.GL32Interceptor#glBlendFunci#src	BlendFactor	sge.graphics.BlendFactor
OpaqueSlot	com.badlogic.gdx.graphics.profiling.GL32Interceptor#glDrawElementsBaseVertex#mode	PrimitiveMode	sge.graphics.PrimitiveMode
OpaqueSlot	com.badlogic.gdx.graphics.profiling.GL32Interceptor#glDrawElementsBaseVertex#type	DataType	sge.graphics.DataType
OpaqueSlot	com.badlogic.gdx.graphics.profiling.GL32Interceptor#glDrawElementsInstancedBaseVertex(int,int,int,Buffer,int,int)#mode	PrimitiveMode	sge.graphics.PrimitiveMode
OpaqueSlot	com.badlogic.gdx.graphics.profiling.GL32Interceptor#glDrawElementsInstancedBaseVertex(int,int,int,Buffer,int,int)#type	DataType	sge.graphics.DataType
OpaqueSlot	com.badlogic.gdx.graphics.profiling.GL32Interceptor#glDrawElementsInstancedBaseVertex(int,int,int,int,int,int)#mode	PrimitiveMode	sge.graphics.PrimitiveMode
OpaqueSlot	com.badlogic.gdx.graphics.profiling.GL32Interceptor#glDrawElementsInstancedBaseVertex(int,int,int,int,int,int)#type	DataType	sge.graphics.DataType
OpaqueSlot	com.badlogic.gdx.graphics.profiling.GL32Interceptor#glDrawRangeElementsBaseVertex#mode	PrimitiveMode	sge.graphics.PrimitiveMode
OpaqueSlot	com.badlogic.gdx.graphics.profiling.GL32Interceptor#glDrawRangeElementsBaseVertex#type	DataType	sge.graphics.DataType
OpaqueSlot	com.badlogic.gdx.graphics.profiling.GL32Interceptor#glGetTexParameterIiv#target	TextureTarget	sge.graphics.TextureTarget
OpaqueSlot	com.badlogic.gdx.graphics.profiling.GL32Interceptor#glGetTexParameterIuiv#target	TextureTarget	sge.graphics.TextureTarget
OpaqueSlot	com.badlogic.gdx.graphics.profiling.GL32Interceptor#glReadnPixels#format	PixelFormat	sge.graphics.PixelFormat
OpaqueSlot	com.badlogic.gdx.graphics.profiling.GL32Interceptor#glReadnPixels#type	DataType	sge.graphics.DataType
OpaqueSlot	com.badlogic.gdx.graphics.profiling.GL32Interceptor#glTexBuffer#target	TextureTarget	sge.graphics.TextureTarget
OpaqueSlot	com.badlogic.gdx.graphics.profiling.GL32Interceptor#glTexBufferRange#target	TextureTarget	sge.graphics.TextureTarget
OpaqueSlot	com.badlogic.gdx.graphics.profiling.GL32Interceptor#glTexParameterIiv#target	TextureTarget	sge.graphics.TextureTarget
OpaqueSlot	com.badlogic.gdx.graphics.profiling.GL32Interceptor#glTexParameterIuiv#target	TextureTarget	sge.graphics.TextureTarget
OpaqueSlot	com.badlogic.gdx.graphics.profiling.GL32Interceptor#glTexStorage3DMultisample#target	TextureTarget	sge.graphics.TextureTarget
OpaqueSlot	com.badlogic.gdx.input.GestureDetector#<init>(float,float,float,float,GestureListener)#longPressDuration	Seconds	sge.utils.Seconds
OpaqueSlot	com.badlogic.gdx.input.GestureDetector#<init>(float,float,float,float,GestureListener)#maxFlingDelay	Seconds	sge.utils.Seconds
OpaqueSlot	com.badlogic.gdx.input.GestureDetector#<init>(float,float,float,float,GestureListener)#tapCountInterval	Seconds	sge.utils.Seconds
OpaqueSlot	com.badlogic.gdx.input.GestureDetector#<init>(float,float,float,float,float,GestureListener)#longPressDuration	Seconds	sge.utils.Seconds
OpaqueSlot	com.badlogic.gdx.input.GestureDetector#<init>(float,float,float,float,float,GestureListener)#maxFlingDelay	Seconds	sge.utils.Seconds
OpaqueSlot	com.badlogic.gdx.input.GestureDetector#<init>(float,float,float,float,float,GestureListener)#tapCountInterval	Seconds	sge.utils.Seconds
OpaqueSlot	com.badlogic.gdx.input.GestureDetector#isLongPressed(float)#duration	Seconds	sge.utils.Seconds
OpaqueSlot	com.badlogic.gdx.input.GestureDetector#setLongPressSeconds#longPressSeconds	Seconds	sge.utils.Seconds
OpaqueSlot	com.badlogic.gdx.input.GestureDetector#setMaxFlingDelay#maxFlingDelay	Nanos	sge.utils.Nanos
OpaqueSlot	com.badlogic.gdx.input.GestureDetector#setTapCountInterval#tapCountInterval	Seconds	sge.utils.Seconds
OpaqueSlot	com.badlogic.gdx.input.GestureDetector#touchCancelled#button	Button	sge.Input.Button
OpaqueSlot	com.badlogic.gdx.input.GestureDetector#touchCancelled#screenX	Pixels	sge.Pixels
OpaqueSlot	com.badlogic.gdx.input.GestureDetector#touchCancelled#screenY	Pixels	sge.Pixels
OpaqueSlot	com.badlogic.gdx.input.GestureDetector#touchDown(float,float,int,int)#button	Button	sge.Input.Button
OpaqueSlot	com.badlogic.gdx.input.GestureDetector#touchDown(int,int,int,int)#button	Button	sge.Input.Button
OpaqueSlot	com.badlogic.gdx.input.GestureDetector#touchUp(float,float,int,int)#button	Button	sge.Input.Button
OpaqueSlot	com.badlogic.gdx.input.GestureDetector#touchUp(int,int,int,int)#button	Button	sge.Input.Button
OpaqueSlot	com.badlogic.gdx.input.GestureDetector$GestureAdapter#fling#button	Button	sge.Input.Button
OpaqueSlot	com.badlogic.gdx.input.GestureDetector$GestureAdapter#panStop#button	Button	sge.Input.Button
OpaqueSlot	com.badlogic.gdx.input.GestureDetector$GestureAdapter#tap#button	Button	sge.Input.Button
OpaqueSlot	com.badlogic.gdx.input.GestureDetector$GestureAdapter#touchDown#button	Button	sge.Input.Button
OpaqueSlot	com.badlogic.gdx.input.GestureDetector$GestureListener#fling#button	Button	sge.Input.Button
OpaqueSlot	com.badlogic.gdx.input.GestureDetector$GestureListener#panStop#button	Button	sge.Input.Button
OpaqueSlot	com.badlogic.gdx.input.GestureDetector$GestureListener#tap#button	Button	sge.Input.Button
OpaqueSlot	com.badlogic.gdx.input.GestureDetector$GestureListener#touchDown#button	Button	sge.Input.Button
OpaqueSlot	com.badlogic.gdx.input.GestureDetector$VelocityTracker#lastTime	Nanos	sge.utils.Nanos
OpaqueSlot	com.badlogic.gdx.input.GestureDetector$VelocityTracker#start#timeStamp	Nanos	sge.utils.Nanos
OpaqueSlot	com.badlogic.gdx.input.GestureDetector$VelocityTracker#update#currTime	Nanos	sge.utils.Nanos
OpaqueSlot	com.badlogic.gdx.input.RemoteInput#getCurrentEventTime	sge.utils.Nanos	sge.utils.Nanos
OpaqueSlot	com.badlogic.gdx.input.RemoteInput#getDeltaX()	Pixels	sge.Pixels
OpaqueSlot	com.badlogic.gdx.input.RemoteInput#getDeltaX(int)	Pixels	sge.Pixels
OpaqueSlot	com.badlogic.gdx.input.RemoteInput#getDeltaY()	Pixels	sge.Pixels
OpaqueSlot	com.badlogic.gdx.input.RemoteInput#getDeltaY(int)	Pixels	sge.Pixels
OpaqueSlot	com.badlogic.gdx.input.RemoteInput#getX()	Pixels	sge.Pixels
OpaqueSlot	com.badlogic.gdx.input.RemoteInput#getX(int)	Pixels	sge.Pixels
OpaqueSlot	com.badlogic.gdx.input.RemoteInput#getY()	Pixels	sge.Pixels
OpaqueSlot	com.badlogic.gdx.input.RemoteInput#getY(int)	Pixels	sge.Pixels
OpaqueSlot	com.badlogic.gdx.input.RemoteInput#isButtonJustPressed#button	Button	sge.Input.Button
OpaqueSlot	com.badlogic.gdx.input.RemoteInput#isButtonPressed#button	Button	sge.Input.Button
OpaqueSlot	com.badlogic.gdx.input.RemoteInput#isCatchKey#keycode	Key	sge.Input.Key
OpaqueSlot	com.badlogic.gdx.input.RemoteInput#isKeyJustPressed#key	Key	sge.Input.Key
OpaqueSlot	com.badlogic.gdx.input.RemoteInput#isKeyPressed#key	Key	sge.Input.Key
OpaqueSlot	com.badlogic.gdx.input.RemoteInput#setCatchKey#keycode	Key	sge.Input.Key
OpaqueSlot	com.badlogic.gdx.input.RemoteInput#setCursorPosition#x	Pixels	sge.Pixels
OpaqueSlot	com.badlogic.gdx.input.RemoteInput#setCursorPosition#y	Pixels	sge.Pixels
OpaqueSlot	com.badlogic.gdx.input.RemoteInput$KeyEvent#keyCode	Key	sge.Input.Key
OpaqueSlot	com.badlogic.gdx.input.RemoteSender#keyDown#keycode	Key	sge.Input.Key
OpaqueSlot	com.badlogic.gdx.input.RemoteSender#keyUp#keycode	Key	sge.Input.Key
OpaqueSlot	com.badlogic.gdx.input.RemoteSender#mouseMoved#x	Pixels	sge.Pixels
OpaqueSlot	com.badlogic.gdx.input.RemoteSender#mouseMoved#y	Pixels	sge.Pixels
OpaqueSlot	com.badlogic.gdx.input.RemoteSender#touchCancelled#button	Button	sge.Input.Button
OpaqueSlot	com.badlogic.gdx.input.RemoteSender#touchCancelled#screenX	Pixels	sge.Pixels
OpaqueSlot	com.badlogic.gdx.input.RemoteSender#touchCancelled#screenY	Pixels	sge.Pixels
OpaqueSlot	com.badlogic.gdx.input.RemoteSender#touchDown#button	Button	sge.Input.Button
OpaqueSlot	com.badlogic.gdx.input.RemoteSender#touchDown#x	Pixels	sge.Pixels
OpaqueSlot	com.badlogic.gdx.input.RemoteSender#touchDown#y	Pixels	sge.Pixels
OpaqueSlot	com.badlogic.gdx.input.RemoteSender#touchDragged#x	Pixels	sge.Pixels
OpaqueSlot	com.badlogic.gdx.input.RemoteSender#touchDragged#y	Pixels	sge.Pixels
OpaqueSlot	com.badlogic.gdx.input.RemoteSender#touchUp#button	Button	sge.Input.Button
OpaqueSlot	com.badlogic.gdx.input.RemoteSender#touchUp#x	Pixels	sge.Pixels
OpaqueSlot	com.badlogic.gdx.input.RemoteSender#touchUp#y	Pixels	sge.Pixels
OpaqueSlot	com.badlogic.gdx.scenes.scene2d.Action#act#delta	Seconds	sge.utils.Seconds
OpaqueSlot	com.badlogic.gdx.scenes.scene2d.Actor#act#delta	Seconds	sge.utils.Seconds
OpaqueSlot	com.badlogic.gdx.scenes.scene2d.Actor#getX(int)#alignment	Align	sge.utils.Align
OpaqueSlot	com.badlogic.gdx.scenes.scene2d.Actor#getY(int)#alignment	Align	sge.utils.Align
OpaqueSlot	com.badlogic.gdx.scenes.scene2d.Actor#setOrigin(int)#alignment	Align	sge.utils.Align
OpaqueSlot	com.badlogic.gdx.scenes.scene2d.Actor#setPosition(float,float,int)#alignment	Align	sge.utils.Align
OpaqueSlot	com.badlogic.gdx.scenes.scene2d.Actor#setX(float,int)#alignment	Align	sge.utils.Align
OpaqueSlot	com.badlogic.gdx.scenes.scene2d.Actor#setY(float,int)#alignment	Align	sge.utils.Align
OpaqueSlot	com.badlogic.gdx.scenes.scene2d.Group#act#delta	Seconds	sge.utils.Seconds
OpaqueSlot	com.badlogic.gdx.scenes.scene2d.InputEvent#button	Button	sge.Input.Button
OpaqueSlot	com.badlogic.gdx.scenes.scene2d.InputEvent#getButton	Button	sge.Input.Button
OpaqueSlot	com.badlogic.gdx.scenes.scene2d.InputEvent#getKeyCode	Key	sge.Input.Key
OpaqueSlot	com.badlogic.gdx.scenes.scene2d.InputEvent#keyCode	Key	sge.Input.Key
OpaqueSlot	com.badlogic.gdx.scenes.scene2d.InputEvent#setButton#button	Button	sge.Input.Button
OpaqueSlot	com.badlogic.gdx.scenes.scene2d.InputEvent#setKeyCode#keyCode	Key	sge.Input.Key
OpaqueSlot	com.badlogic.gdx.scenes.scene2d.InputListener#keyDown#keycode	Key	sge.Input.Key
OpaqueSlot	com.badlogic.gdx.scenes.scene2d.InputListener#keyUp#keycode	Key	sge.Input.Key
OpaqueSlot	com.badlogic.gdx.scenes.scene2d.InputListener#touchDown#button	Button	sge.Input.Button
OpaqueSlot	com.badlogic.gdx.scenes.scene2d.InputListener#touchUp#button	Button	sge.Input.Button
OpaqueSlot	com.badlogic.gdx.scenes.scene2d.Stage#act(float)#delta	Seconds	sge.utils.Seconds
OpaqueSlot	com.badlogic.gdx.scenes.scene2d.Stage#addTouchFocus#button	Button	sge.Input.Button
OpaqueSlot	com.badlogic.gdx.scenes.scene2d.Stage#keyDown#keyCode	Key	sge.Input.Key
OpaqueSlot	com.badlogic.gdx.scenes.scene2d.Stage#keyUp#keyCode	Key	sge.Input.Key
OpaqueSlot	com.badlogic.gdx.scenes.scene2d.Stage#mouseMoved#screenX	Pixels	sge.Pixels
OpaqueSlot	com.badlogic.gdx.scenes.scene2d.Stage#mouseMoved#screenY	Pixels	sge.Pixels
OpaqueSlot	com.badlogic.gdx.scenes.scene2d.Stage#removeTouchFocus#button	Button	sge.Input.Button
OpaqueSlot	com.badlogic.gdx.scenes.scene2d.Stage#touchCancelled#button	Button	sge.Input.Button
OpaqueSlot	com.badlogic.gdx.scenes.scene2d.Stage#touchCancelled#screenX	Pixels	sge.Pixels
OpaqueSlot	com.badlogic.gdx.scenes.scene2d.Stage#touchCancelled#screenY	Pixels	sge.Pixels
OpaqueSlot	com.badlogic.gdx.scenes.scene2d.Stage#touchDown#button	Button	sge.Input.Button
OpaqueSlot	com.badlogic.gdx.scenes.scene2d.Stage#touchDown#screenX	Pixels	sge.Pixels
OpaqueSlot	com.badlogic.gdx.scenes.scene2d.Stage#touchDown#screenY	Pixels	sge.Pixels
OpaqueSlot	com.badlogic.gdx.scenes.scene2d.Stage#touchDragged#screenX	Pixels	sge.Pixels
OpaqueSlot	com.badlogic.gdx.scenes.scene2d.Stage#touchDragged#screenY	Pixels	sge.Pixels
OpaqueSlot	com.badlogic.gdx.scenes.scene2d.Stage#touchUp#button	Button	sge.Input.Button
OpaqueSlot	com.badlogic.gdx.scenes.scene2d.Stage#touchUp#screenX	Pixels	sge.Pixels
OpaqueSlot	com.badlogic.gdx.scenes.scene2d.Stage#touchUp#screenY	Pixels	sge.Pixels
OpaqueSlot	com.badlogic.gdx.scenes.scene2d.Stage$TouchFocus#button	Button	sge.Input.Button
OpaqueSlot	com.badlogic.gdx.scenes.scene2d.actions.Actions#alpha(float,float)#duration	Seconds	sge.utils.Seconds
OpaqueSlot	com.badlogic.gdx.scenes.scene2d.actions.Actions#alpha(float,float,Interpolation)#duration	Seconds	sge.utils.Seconds
OpaqueSlot	com.badlogic.gdx.scenes.scene2d.actions.Actions#color(Color,float)#duration	Seconds	sge.utils.Seconds
OpaqueSlot	com.badlogic.gdx.scenes.scene2d.actions.Actions#color(Color,float,Interpolation)#duration	Seconds	sge.utils.Seconds
OpaqueSlot	com.badlogic.gdx.scenes.scene2d.actions.Actions#delay(float)#duration	Seconds	sge.utils.Seconds
OpaqueSlot	com.badlogic.gdx.scenes.scene2d.actions.Actions#delay(float,Action)#duration	Seconds	sge.utils.Seconds
OpaqueSlot	com.badlogic.gdx.scenes.scene2d.actions.Actions#fadeIn(float)#duration	Seconds	sge.utils.Seconds
OpaqueSlot	com.badlogic.gdx.scenes.scene2d.actions.Actions#fadeIn(float,Interpolation)#duration	Seconds	sge.utils.Seconds
OpaqueSlot	com.badlogic.gdx.scenes.scene2d.actions.Actions#fadeOut(float)#duration	Seconds	sge.utils.Seconds
OpaqueSlot	com.badlogic.gdx.scenes.scene2d.actions.Actions#fadeOut(float,Interpolation)#duration	Seconds	sge.utils.Seconds
OpaqueSlot	com.badlogic.gdx.scenes.scene2d.actions.Actions#moveBy(float,float,float)#duration	Seconds	sge.utils.Seconds
OpaqueSlot	com.badlogic.gdx.scenes.scene2d.actions.Actions#moveBy(float,float,float,Interpolation)#duration	Seconds	sge.utils.Seconds
OpaqueSlot	com.badlogic.gdx.scenes.scene2d.actions.Actions#moveTo(float,float,float)#duration	Seconds	sge.utils.Seconds
OpaqueSlot	com.badlogic.gdx.scenes.scene2d.actions.Actions#moveTo(float,float,float,Interpolation)#duration	Seconds	sge.utils.Seconds
OpaqueSlot	com.badlogic.gdx.scenes.scene2d.actions.Actions#moveToAligned(float,float,int)#alignment	sge.utils.Align	sge.utils.Align
OpaqueSlot	com.badlogic.gdx.scenes.scene2d.actions.Actions#moveToAligned(float,float,int,float)#alignment	sge.utils.Align	sge.utils.Align
OpaqueSlot	com.badlogic.gdx.scenes.scene2d.actions.Actions#moveToAligned(float,float,int,float)#duration	Seconds	sge.utils.Seconds
OpaqueSlot	com.badlogic.gdx.scenes.scene2d.actions.Actions#moveToAligned(float,float,int,float,Interpolation)#alignment	sge.utils.Align	sge.utils.Align
OpaqueSlot	com.badlogic.gdx.scenes.scene2d.actions.Actions#moveToAligned(float,float,int,float,Interpolation)#duration	Seconds	sge.utils.Seconds
OpaqueSlot	com.badlogic.gdx.scenes.scene2d.actions.Actions#rotateBy(float,float)#duration	Seconds	sge.utils.Seconds
OpaqueSlot	com.badlogic.gdx.scenes.scene2d.actions.Actions#rotateBy(float,float,Interpolation)#duration	Seconds	sge.utils.Seconds
OpaqueSlot	com.badlogic.gdx.scenes.scene2d.actions.Actions#rotateTo(float,float)#duration	Seconds	sge.utils.Seconds
OpaqueSlot	com.badlogic.gdx.scenes.scene2d.actions.Actions#rotateTo(float,float,Interpolation)#duration	Seconds	sge.utils.Seconds
OpaqueSlot	com.badlogic.gdx.scenes.scene2d.actions.Actions#scaleBy(float,float,float)#duration	Seconds	sge.utils.Seconds
OpaqueSlot	com.badlogic.gdx.scenes.scene2d.actions.Actions#scaleBy(float,float,float,Interpolation)#duration	Seconds	sge.utils.Seconds
OpaqueSlot	com.badlogic.gdx.scenes.scene2d.actions.Actions#scaleTo(float,float,float)#duration	Seconds	sge.utils.Seconds
OpaqueSlot	com.badlogic.gdx.scenes.scene2d.actions.Actions#scaleTo(float,float,float,Interpolation)#duration	Seconds	sge.utils.Seconds
OpaqueSlot	com.badlogic.gdx.scenes.scene2d.actions.Actions#sizeBy(float,float,float)#duration	Seconds	sge.utils.Seconds
OpaqueSlot	com.badlogic.gdx.scenes.scene2d.actions.Actions#sizeBy(float,float,float,Interpolation)#duration	Seconds	sge.utils.Seconds
OpaqueSlot	com.badlogic.gdx.scenes.scene2d.actions.Actions#sizeTo(float,float,float)#duration	Seconds	sge.utils.Seconds
OpaqueSlot	com.badlogic.gdx.scenes.scene2d.actions.Actions#sizeTo(float,float,float,Interpolation)#duration	Seconds	sge.utils.Seconds
OpaqueSlot	com.badlogic.gdx.scenes.scene2d.actions.AddAction#act#delta	Seconds	sge.utils.Seconds
OpaqueSlot	com.badlogic.gdx.scenes.scene2d.actions.AddListenerAction#act#delta	Seconds	sge.utils.Seconds
OpaqueSlot	com.badlogic.gdx.scenes.scene2d.actions.AfterAction#delegate#delta	Seconds	sge.utils.Seconds
OpaqueSlot	com.badlogic.gdx.scenes.scene2d.actions.DelayAction#<init>(float)#duration	Seconds	sge.utils.Seconds
OpaqueSlot	com.badlogic.gdx.scenes.scene2d.actions.DelayAction#delegate#delta	Seconds	sge.utils.Seconds
OpaqueSlot	com.badlogic.gdx.scenes.scene2d.actions.DelayAction#duration	Seconds	sge.utils.Seconds
OpaqueSlot	com.badlogic.gdx.scenes.scene2d.actions.DelayAction#getDuration	Seconds	sge.utils.Seconds
OpaqueSlot	com.badlogic.gdx.scenes.scene2d.actions.DelayAction#getTime	Seconds	sge.utils.Seconds
OpaqueSlot	com.badlogic.gdx.scenes.scene2d.actions.DelayAction#setDuration#duration	Seconds	sge.utils.Seconds
OpaqueSlot	com.badlogic.gdx.scenes.scene2d.actions.DelayAction#setTime#time	Seconds	sge.utils.Seconds
OpaqueSlot	com.badlogic.gdx.scenes.scene2d.actions.DelayAction#time	Seconds	sge.utils.Seconds
OpaqueSlot	com.badlogic.gdx.scenes.scene2d.actions.DelegateAction#act#delta	Seconds	sge.utils.Seconds
OpaqueSlot	com.badlogic.gdx.scenes.scene2d.actions.DelegateAction#delegate#delta	Seconds	sge.utils.Seconds
OpaqueSlot	com.badlogic.gdx.scenes.scene2d.actions.EventAction#act#delta	Seconds	sge.utils.Seconds
OpaqueSlot	com.badlogic.gdx.scenes.scene2d.actions.FloatAction#<init>(float,float,float)#duration	Seconds	sge.utils.Seconds
OpaqueSlot	com.badlogic.gdx.scenes.scene2d.actions.FloatAction#<init>(float,float,float,Interpolation)#duration	Seconds	sge.utils.Seconds
OpaqueSlot	com.badlogic.gdx.scenes.scene2d.actions.IntAction#<init>(int,int,float)#duration	Seconds	sge.utils.Seconds
OpaqueSlot	com.badlogic.gdx.scenes.scene2d.actions.IntAction#<init>(int,int,float,Interpolation)#duration	Seconds	sge.utils.Seconds
OpaqueSlot	com.badlogic.gdx.scenes.scene2d.actions.LayoutAction#act#delta	Seconds	sge.utils.Seconds
OpaqueSlot	com.badlogic.gdx.scenes.scene2d.actions.MoveToAction#alignment	Align	sge.utils.Align
OpaqueSlot	com.badlogic.gdx.scenes.scene2d.actions.MoveToAction#getAlignment	Align	sge.utils.Align
OpaqueSlot	com.badlogic.gdx.scenes.scene2d.actions.MoveToAction#setAlignment#alignment	Align	sge.utils.Align
OpaqueSlot	com.badlogic.gdx.scenes.scene2d.actions.MoveToAction#setPosition(float,float,int)#alignment	Align	sge.utils.Align
OpaqueSlot	com.badlogic.gdx.scenes.scene2d.actions.ParallelAction#act#delta	Seconds	sge.utils.Seconds
OpaqueSlot	com.badlogic.gdx.scenes.scene2d.actions.RemoveAction#act#delta	Seconds	sge.utils.Seconds
OpaqueSlot	com.badlogic.gdx.scenes.scene2d.actions.RemoveActorAction#act#delta	Seconds	sge.utils.Seconds
OpaqueSlot	com.badlogic.gdx.scenes.scene2d.actions.RemoveListenerAction#act#delta	Seconds	sge.utils.Seconds
OpaqueSlot	com.badlogic.gdx.scenes.scene2d.actions.RepeatAction#delegate#delta	Seconds	sge.utils.Seconds
OpaqueSlot	com.badlogic.gdx.scenes.scene2d.actions.RunnableAction#act#delta	Seconds	sge.utils.Seconds
OpaqueSlot	com.badlogic.gdx.scenes.scene2d.actions.SequenceAction#act#delta	Seconds	sge.utils.Seconds
OpaqueSlot	com.badlogic.gdx.scenes.scene2d.actions.TemporalAction#<init>(float)#duration	Seconds	sge.utils.Seconds
OpaqueSlot	com.badlogic.gdx.scenes.scene2d.actions.TemporalAction#<init>(float,Interpolation)#duration	Seconds	sge.utils.Seconds
OpaqueSlot	com.badlogic.gdx.scenes.scene2d.actions.TemporalAction#act#delta	Seconds	sge.utils.Seconds
OpaqueSlot	com.badlogic.gdx.scenes.scene2d.actions.TemporalAction#duration	Seconds	sge.utils.Seconds
OpaqueSlot	com.badlogic.gdx.scenes.scene2d.actions.TemporalAction#getDuration	Seconds	sge.utils.Seconds
OpaqueSlot	com.badlogic.gdx.scenes.scene2d.actions.TemporalAction#getTime	Seconds	sge.utils.Seconds
OpaqueSlot	com.badlogic.gdx.scenes.scene2d.actions.TemporalAction#setDuration#duration	Seconds	sge.utils.Seconds
OpaqueSlot	com.badlogic.gdx.scenes.scene2d.actions.TemporalAction#setTime#time	Seconds	sge.utils.Seconds
OpaqueSlot	com.badlogic.gdx.scenes.scene2d.actions.TemporalAction#time	Seconds	sge.utils.Seconds
OpaqueSlot	com.badlogic.gdx.scenes.scene2d.actions.TimeScaleAction#delegate#delta	Seconds	sge.utils.Seconds
OpaqueSlot	com.badlogic.gdx.scenes.scene2d.actions.TouchableAction#act#delta	Seconds	sge.utils.Seconds
OpaqueSlot	com.badlogic.gdx.scenes.scene2d.actions.VisibleAction#act#delta	Seconds	sge.utils.Seconds
OpaqueSlot	com.badlogic.gdx.scenes.scene2d.ui.Cell#align	Nullable[Align]	sge.utils.Align
OpaqueSlot	com.badlogic.gdx.scenes.scene2d.ui.Cell#align#align	Align	sge.utils.Align
OpaqueSlot	com.badlogic.gdx.scenes.scene2d.ui.Cell#getAlign	Nullable[Align]	sge.utils.Align
OpaqueSlot	com.badlogic.gdx.scenes.scene2d.ui.Container#align#align	Align	sge.utils.Align
OpaqueSlot	com.badlogic.gdx.scenes.scene2d.ui.Container#getAlign	Align	sge.utils.Align
OpaqueSlot	com.badlogic.gdx.scenes.scene2d.ui.Dialog#key#keycode	Key	sge.Input.Key
OpaqueSlot	com.badlogic.gdx.scenes.scene2d.ui.HorizontalGroup#align#align	Align	sge.utils.Align
OpaqueSlot	com.badlogic.gdx.scenes.scene2d.ui.HorizontalGroup#getAlign	Align	sge.utils.Align
OpaqueSlot	com.badlogic.gdx.scenes.scene2d.ui.HorizontalGroup#rowAlign#rowAlign	Align	sge.utils.Align
OpaqueSlot	com.badlogic.gdx.scenes.scene2d.ui.Image#<init>(Drawable,Scaling,int)#align	Align	sge.utils.Align
OpaqueSlot	com.badlogic.gdx.scenes.scene2d.ui.Label#getLabelAlign	Align	sge.utils.Align
OpaqueSlot	com.badlogic.gdx.scenes.scene2d.ui.Label#getLineAlign	Align	sge.utils.Align
OpaqueSlot	com.badlogic.gdx.scenes.scene2d.ui.Label#setAlignment(int)#alignment	Align	sge.utils.Align
OpaqueSlot	com.badlogic.gdx.scenes.scene2d.ui.Label#setAlignment(int,int)#labelAlign	Align	sge.utils.Align
OpaqueSlot	com.badlogic.gdx.scenes.scene2d.ui.Label#setAlignment(int,int)#lineAlign	Align	sge.utils.Align
OpaqueSlot	com.badlogic.gdx.scenes.scene2d.ui.List#getAlignment	Align	sge.utils.Align
OpaqueSlot	com.badlogic.gdx.scenes.scene2d.ui.List#setAlignment#alignment	Align	sge.utils.Align
OpaqueSlot	com.badlogic.gdx.scenes.scene2d.ui.ParticleEffectActor#act#delta	Seconds	sge.utils.Seconds
OpaqueSlot	com.badlogic.gdx.scenes.scene2d.ui.ParticleEffectActor#lastDelta	Seconds	sge.utils.Seconds
OpaqueSlot	com.badlogic.gdx.scenes.scene2d.ui.ProgressBar#act#delta	Seconds	sge.utils.Seconds
OpaqueSlot	com.badlogic.gdx.scenes.scene2d.ui.ScrollPane#act#delta	Seconds	sge.utils.Seconds
OpaqueSlot	com.badlogic.gdx.scenes.scene2d.ui.SelectBox#setAlignment#alignment	Align	sge.utils.Align
OpaqueSlot	com.badlogic.gdx.scenes.scene2d.ui.SelectBox$SelectBoxScrollPane#act#delta	Seconds	sge.utils.Seconds
OpaqueSlot	com.badlogic.gdx.scenes.scene2d.ui.Slider#button	Button	sge.Input.Button
OpaqueSlot	com.badlogic.gdx.scenes.scene2d.ui.Slider#setButton#button	Button	sge.Input.Button
OpaqueSlot	com.badlogic.gdx.scenes.scene2d.ui.Table#align#align	Align	sge.utils.Align
OpaqueSlot	com.badlogic.gdx.scenes.scene2d.ui.Table#getAlign	Align	sge.utils.Align
OpaqueSlot	com.badlogic.gdx.scenes.scene2d.ui.TextArea$TextAreaListener#keyDown#keycode	Key	sge.Input.Key
OpaqueSlot	com.badlogic.gdx.scenes.scene2d.ui.TextField#blinkTime	Seconds	sge.utils.Seconds
OpaqueSlot	com.badlogic.gdx.scenes.scene2d.ui.TextField#getAlignment	Align	sge.utils.Align
OpaqueSlot	com.badlogic.gdx.scenes.scene2d.ui.TextField#keyRepeatInitialTime	Seconds	sge.utils.Seconds
OpaqueSlot	com.badlogic.gdx.scenes.scene2d.ui.TextField#keyRepeatTime	Seconds	sge.utils.Seconds
OpaqueSlot	com.badlogic.gdx.scenes.scene2d.ui.TextField#setAlignment#alignment	Align	sge.utils.Align
OpaqueSlot	com.badlogic.gdx.scenes.scene2d.ui.TextField$KeyRepeatTask#keycode	Key	sge.Input.Key
OpaqueSlot	com.badlogic.gdx.scenes.scene2d.ui.TextField$TextFieldClickListener#keyDown#keycode	Key	sge.Input.Key
OpaqueSlot	com.badlogic.gdx.scenes.scene2d.ui.TextField$TextFieldClickListener#keyUp#keycode	Key	sge.Input.Key
OpaqueSlot	com.badlogic.gdx.scenes.scene2d.ui.TextField$TextFieldClickListener#scheduleKeyRepeatTask#keycode	Key	sge.Input.Key
OpaqueSlot	com.badlogic.gdx.scenes.scene2d.ui.TextField$TextFieldClickListener#touchDown#button	Button	sge.Input.Button
OpaqueSlot	com.badlogic.gdx.scenes.scene2d.ui.TextField$TextFieldClickListener#touchUp#button	Button	sge.Input.Button
OpaqueSlot	com.badlogic.gdx.scenes.scene2d.ui.Tooltip#touchDown#button	Button	sge.Input.Button
OpaqueSlot	com.badlogic.gdx.scenes.scene2d.ui.TooltipManager#initialTime	Seconds	sge.utils.Seconds
OpaqueSlot	com.badlogic.gdx.scenes.scene2d.ui.TooltipManager#resetTime	Seconds	sge.utils.Seconds
OpaqueSlot	com.badlogic.gdx.scenes.scene2d.ui.TooltipManager#subsequentTime	Seconds	sge.utils.Seconds
OpaqueSlot	com.badlogic.gdx.scenes.scene2d.ui.TooltipManager#time	Seconds	sge.utils.Seconds
OpaqueSlot	com.badlogic.gdx.scenes.scene2d.ui.VerticalGroup#align#align	Align	sge.utils.Align
OpaqueSlot	com.badlogic.gdx.scenes.scene2d.ui.VerticalGroup#columnAlign#columnAlign	Align	sge.utils.Align
OpaqueSlot	com.badlogic.gdx.scenes.scene2d.ui.VerticalGroup#getAlign	Align	sge.utils.Align
OpaqueSlot	com.badlogic.gdx.scenes.scene2d.utils.ActorGestureListener#fling#button	Button	sge.Input.Button
OpaqueSlot	com.badlogic.gdx.scenes.scene2d.utils.ActorGestureListener#panStop#button	Button	sge.Input.Button
OpaqueSlot	com.badlogic.gdx.scenes.scene2d.utils.ActorGestureListener#tap#button	Button	sge.Input.Button
OpaqueSlot	com.badlogic.gdx.scenes.scene2d.utils.ActorGestureListener#touchDown#button	Button	sge.Input.Button
OpaqueSlot	com.badlogic.gdx.scenes.scene2d.utils.ActorGestureListener#touchUp#button	Button	sge.Input.Button
OpaqueSlot	com.badlogic.gdx.scenes.scene2d.utils.ClickListener#<init>(int)#button	Button	sge.Input.Button
OpaqueSlot	com.badlogic.gdx.scenes.scene2d.utils.ClickListener#button	Button	sge.Input.Button
OpaqueSlot	com.badlogic.gdx.scenes.scene2d.utils.ClickListener#getButton	Button	sge.Input.Button
OpaqueSlot	com.badlogic.gdx.scenes.scene2d.utils.ClickListener#getPressedButton	Button	sge.Input.Button
OpaqueSlot	com.badlogic.gdx.scenes.scene2d.utils.ClickListener#setButton#button	Button	sge.Input.Button
OpaqueSlot	com.badlogic.gdx.scenes.scene2d.utils.ClickListener#touchDown#button	Button	sge.Input.Button
OpaqueSlot	com.badlogic.gdx.scenes.scene2d.utils.ClickListener#touchUp#button	Button	sge.Input.Button
OpaqueSlot	com.badlogic.gdx.scenes.scene2d.utils.DragAndDrop#button	Button	sge.Input.Button
OpaqueSlot	com.badlogic.gdx.scenes.scene2d.utils.DragAndDrop#setButton#button	Button	sge.Input.Button
OpaqueSlot	com.badlogic.gdx.scenes.scene2d.utils.DragListener#button	Button	sge.Input.Button
OpaqueSlot	com.badlogic.gdx.scenes.scene2d.utils.DragListener#getButton	Button	sge.Input.Button
OpaqueSlot	com.badlogic.gdx.scenes.scene2d.utils.DragListener#setButton#button	Button	sge.Input.Button
OpaqueSlot	com.badlogic.gdx.scenes.scene2d.utils.DragListener#touchDown#button	Button	sge.Input.Button
OpaqueSlot	com.badlogic.gdx.scenes.scene2d.utils.DragListener#touchUp#button	Button	sge.Input.Button
OpaqueSlot	com.badlogic.gdx.scenes.scene2d.utils.DragScrollListener#tickSecs	Seconds	sge.utils.Seconds
OpaqueSlot	com.badlogic.gdx.scenes.scene2d.utils.TiledDrawable#align	Align	sge.utils.Align
OpaqueSlot	com.badlogic.gdx.scenes.scene2d.utils.TiledDrawable#draw(Batch,TextureRegion,float,float,float,float,float,int)#align	Align	sge.utils.Align
OpaqueSlot	com.badlogic.gdx.scenes.scene2d.utils.TiledDrawable#getAlign	Align	sge.utils.Align
OpaqueSlot	com.badlogic.gdx.scenes.scene2d.utils.TiledDrawable#setAlign#align	Align	sge.utils.Align
OpaqueSlot	com.badlogic.gdx.scenes.scene2d.utils.UIUtils#alt(int)#keycode	Key	sge.Input.Key
OpaqueSlot	com.badlogic.gdx.scenes.scene2d.utils.UIUtils#ctrl(int)#keycode	Key	sge.Input.Key
OpaqueSlot	com.badlogic.gdx.scenes.scene2d.utils.UIUtils#left(int)#button	Button	sge.Input.Button
OpaqueSlot	com.badlogic.gdx.scenes.scene2d.utils.UIUtils#middle(int)#button	Button	sge.Input.Button
OpaqueSlot	com.badlogic.gdx.scenes.scene2d.utils.UIUtils#right(int)#button	Button	sge.Input.Button
OpaqueSlot	com.badlogic.gdx.scenes.scene2d.utils.UIUtils#shift(int)#keycode	Key	sge.Input.Key
OpaqueSlot	com.badlogic.gdx.utils.Align#bottom	Align	sge.utils.Align
OpaqueSlot	com.badlogic.gdx.utils.Align#bottomLeft	Align	sge.utils.Align
OpaqueSlot	com.badlogic.gdx.utils.Align#bottomRight	Align	sge.utils.Align
OpaqueSlot	com.badlogic.gdx.utils.Align#center	Align	sge.utils.Align
OpaqueSlot	com.badlogic.gdx.utils.Align#isBottom#align	Align	sge.utils.Align
OpaqueSlot	com.badlogic.gdx.utils.Align#isCenterHorizontal#align	Align	sge.utils.Align
OpaqueSlot	com.badlogic.gdx.utils.Align#isCenterVertical#align	Align	sge.utils.Align
OpaqueSlot	com.badlogic.gdx.utils.Align#isLeft#align	Align	sge.utils.Align
OpaqueSlot	com.badlogic.gdx.utils.Align#isRight#align	Align	sge.utils.Align
OpaqueSlot	com.badlogic.gdx.utils.Align#isTop#align	Align	sge.utils.Align
OpaqueSlot	com.badlogic.gdx.utils.Align#left	Align	sge.utils.Align
OpaqueSlot	com.badlogic.gdx.utils.Align#right	Align	sge.utils.Align
OpaqueSlot	com.badlogic.gdx.utils.Align#top	Align	sge.utils.Align
OpaqueSlot	com.badlogic.gdx.utils.Align#topLeft	Align	sge.utils.Align
OpaqueSlot	com.badlogic.gdx.utils.Align#topRight	Align	sge.utils.Align
OpaqueSlot	com.badlogic.gdx.utils.PerformanceCounter#tick(float)#delta	Seconds	sge.utils.Seconds
OpaqueSlot	com.badlogic.gdx.utils.PerformanceCounters#tick(float)#deltaTime	Seconds	sge.utils.Seconds
OpaqueSlot	com.badlogic.gdx.utils.ScreenUtils#getFrameBufferPixels(int,int,int,int,boolean)#h	Pixels	sge.Pixels
OpaqueSlot	com.badlogic.gdx.utils.ScreenUtils#getFrameBufferPixels(int,int,int,int,boolean)#w	Pixels	sge.Pixels
OpaqueSlot	com.badlogic.gdx.utils.ScreenUtils#getFrameBufferPixels(int,int,int,int,boolean)#x	Pixels	sge.Pixels
OpaqueSlot	com.badlogic.gdx.utils.ScreenUtils#getFrameBufferPixels(int,int,int,int,boolean)#y	Pixels	sge.Pixels
OpaqueSlot	com.badlogic.gdx.utils.ScreenUtils#getFrameBufferTexture(int,int,int,int)#h	Pixels	sge.Pixels
OpaqueSlot	com.badlogic.gdx.utils.ScreenUtils#getFrameBufferTexture(int,int,int,int)#w	Pixels	sge.Pixels
OpaqueSlot	com.badlogic.gdx.utils.ScreenUtils#getFrameBufferTexture(int,int,int,int)#x	Pixels	sge.Pixels
OpaqueSlot	com.badlogic.gdx.utils.ScreenUtils#getFrameBufferTexture(int,int,int,int)#y	Pixels	sge.Pixels
OpaqueSlot	com.badlogic.gdx.utils.TimeUtils#millis	Millis	sge.utils.Millis
OpaqueSlot	com.badlogic.gdx.utils.TimeUtils#millisToNanos	Nanos	sge.utils.Nanos
OpaqueSlot	com.badlogic.gdx.utils.TimeUtils#millisToNanos#millis	Millis	sge.utils.Millis
OpaqueSlot	com.badlogic.gdx.utils.TimeUtils#nanoTime	Nanos	sge.utils.Nanos
OpaqueSlot	com.badlogic.gdx.utils.TimeUtils#nanosToMillis	Millis	sge.utils.Millis
OpaqueSlot	com.badlogic.gdx.utils.TimeUtils#nanosToMillis#nanos	Nanos	sge.utils.Nanos
OpaqueSlot	com.badlogic.gdx.utils.TimeUtils#timeSinceMillis	Millis	sge.utils.Millis
OpaqueSlot	com.badlogic.gdx.utils.TimeUtils#timeSinceMillis#prevTime	Millis	sge.utils.Millis
OpaqueSlot	com.badlogic.gdx.utils.TimeUtils#timeSinceNanos	Nanos	sge.utils.Nanos
OpaqueSlot	com.badlogic.gdx.utils.TimeUtils#timeSinceNanos#prevTime	Nanos	sge.utils.Nanos
OpaqueSlot	com.badlogic.gdx.utils.Timer#schedule(Task,float)#delaySeconds	Seconds	sge.utils.Seconds
OpaqueSlot	com.badlogic.gdx.utils.Timer#schedule(Task,float,float)#delaySeconds	Seconds	sge.utils.Seconds
OpaqueSlot	com.badlogic.gdx.utils.Timer#schedule(Task,float,float)#intervalSeconds	Seconds	sge.utils.Seconds
OpaqueSlot	com.badlogic.gdx.utils.Timer#schedule(Task,float,float,int)#delaySeconds	Seconds	sge.utils.Seconds
OpaqueSlot	com.badlogic.gdx.utils.Timer#schedule(Task,float,float,int)#intervalSeconds	Seconds	sge.utils.Seconds
OpaqueSlot	com.badlogic.gdx.utils.Timer#scheduleTask(Task,float)#delaySeconds	Seconds	sge.utils.Seconds
OpaqueSlot	com.badlogic.gdx.utils.Timer#scheduleTask(Task,float,float)#delaySeconds	Seconds	sge.utils.Seconds
OpaqueSlot	com.badlogic.gdx.utils.Timer#scheduleTask(Task,float,float)#intervalSeconds	Seconds	sge.utils.Seconds
OpaqueSlot	com.badlogic.gdx.utils.Timer#scheduleTask(Task,float,float,int)#delaySeconds	Seconds	sge.utils.Seconds
OpaqueSlot	com.badlogic.gdx.utils.Timer#scheduleTask(Task,float,float,int)#intervalSeconds	Seconds	sge.utils.Seconds
OpaqueSlot	com.badlogic.gdx.utils.viewport.ExtendViewport#<init>(float,float)#minWorldHeight	WorldUnits	sge.WorldUnits
OpaqueSlot	com.badlogic.gdx.utils.viewport.ExtendViewport#<init>(float,float)#minWorldWidth	WorldUnits	sge.WorldUnits
OpaqueSlot	com.badlogic.gdx.utils.viewport.ExtendViewport#<init>(float,float,Camera)#minWorldHeight	WorldUnits	sge.WorldUnits
OpaqueSlot	com.badlogic.gdx.utils.viewport.ExtendViewport#<init>(float,float,Camera)#minWorldWidth	WorldUnits	sge.WorldUnits
OpaqueSlot	com.badlogic.gdx.utils.viewport.ExtendViewport#<init>(float,float,float,float)#maxWorldHeight	WorldUnits	sge.WorldUnits
OpaqueSlot	com.badlogic.gdx.utils.viewport.ExtendViewport#<init>(float,float,float,float)#maxWorldWidth	WorldUnits	sge.WorldUnits
OpaqueSlot	com.badlogic.gdx.utils.viewport.ExtendViewport#<init>(float,float,float,float)#minWorldHeight	WorldUnits	sge.WorldUnits
OpaqueSlot	com.badlogic.gdx.utils.viewport.ExtendViewport#<init>(float,float,float,float)#minWorldWidth	WorldUnits	sge.WorldUnits
OpaqueSlot	com.badlogic.gdx.utils.viewport.ExtendViewport#<init>(float,float,float,float,Camera)#maxWorldHeight	WorldUnits	sge.WorldUnits
OpaqueSlot	com.badlogic.gdx.utils.viewport.ExtendViewport#<init>(float,float,float,float,Camera)#maxWorldWidth	WorldUnits	sge.WorldUnits
OpaqueSlot	com.badlogic.gdx.utils.viewport.ExtendViewport#<init>(float,float,float,float,Camera)#minWorldHeight	WorldUnits	sge.WorldUnits
OpaqueSlot	com.badlogic.gdx.utils.viewport.ExtendViewport#<init>(float,float,float,float,Camera)#minWorldWidth	WorldUnits	sge.WorldUnits
OpaqueSlot	com.badlogic.gdx.utils.viewport.ExtendViewport#getMaxWorldHeight	WorldUnits	sge.WorldUnits
OpaqueSlot	com.badlogic.gdx.utils.viewport.ExtendViewport#getMaxWorldWidth	WorldUnits	sge.WorldUnits
OpaqueSlot	com.badlogic.gdx.utils.viewport.ExtendViewport#getMinWorldHeight	WorldUnits	sge.WorldUnits
OpaqueSlot	com.badlogic.gdx.utils.viewport.ExtendViewport#getMinWorldWidth	WorldUnits	sge.WorldUnits
OpaqueSlot	com.badlogic.gdx.utils.viewport.ExtendViewport#maxWorldHeight	WorldUnits	sge.WorldUnits
OpaqueSlot	com.badlogic.gdx.utils.viewport.ExtendViewport#maxWorldWidth	WorldUnits	sge.WorldUnits
OpaqueSlot	com.badlogic.gdx.utils.viewport.ExtendViewport#minWorldHeight	WorldUnits	sge.WorldUnits
OpaqueSlot	com.badlogic.gdx.utils.viewport.ExtendViewport#minWorldWidth	WorldUnits	sge.WorldUnits
OpaqueSlot	com.badlogic.gdx.utils.viewport.ExtendViewport#setMaxWorldHeight#maxWorldHeight	WorldUnits	sge.WorldUnits
OpaqueSlot	com.badlogic.gdx.utils.viewport.ExtendViewport#setMaxWorldWidth#maxWorldWidth	WorldUnits	sge.WorldUnits
OpaqueSlot	com.badlogic.gdx.utils.viewport.ExtendViewport#setMinWorldHeight#minWorldHeight	WorldUnits	sge.WorldUnits
OpaqueSlot	com.badlogic.gdx.utils.viewport.ExtendViewport#setMinWorldWidth#minWorldWidth	WorldUnits	sge.WorldUnits
OpaqueSlot	com.badlogic.gdx.utils.viewport.ExtendViewport#update#screenHeight	Pixels	sge.Pixels
OpaqueSlot	com.badlogic.gdx.utils.viewport.ExtendViewport#update#screenWidth	Pixels	sge.Pixels
OpaqueSlot	com.badlogic.gdx.utils.viewport.FillViewport#<init>(float,float)#worldHeight	WorldUnits	sge.WorldUnits
OpaqueSlot	com.badlogic.gdx.utils.viewport.FillViewport#<init>(float,float)#worldWidth	WorldUnits	sge.WorldUnits
OpaqueSlot	com.badlogic.gdx.utils.viewport.FillViewport#<init>(float,float,Camera)#worldHeight	WorldUnits	sge.WorldUnits
OpaqueSlot	com.badlogic.gdx.utils.viewport.FillViewport#<init>(float,float,Camera)#worldWidth	WorldUnits	sge.WorldUnits
OpaqueSlot	com.badlogic.gdx.utils.viewport.FitViewport#<init>(float,float)#worldHeight	WorldUnits	sge.WorldUnits
OpaqueSlot	com.badlogic.gdx.utils.viewport.FitViewport#<init>(float,float)#worldWidth	WorldUnits	sge.WorldUnits
OpaqueSlot	com.badlogic.gdx.utils.viewport.FitViewport#<init>(float,float,Camera)#worldHeight	WorldUnits	sge.WorldUnits
OpaqueSlot	com.badlogic.gdx.utils.viewport.FitViewport#<init>(float,float,Camera)#worldWidth	WorldUnits	sge.WorldUnits
OpaqueSlot	com.badlogic.gdx.utils.viewport.ScalingViewport#<init>(Scaling,float,float)#worldHeight	WorldUnits	sge.WorldUnits
OpaqueSlot	com.badlogic.gdx.utils.viewport.ScalingViewport#<init>(Scaling,float,float)#worldWidth	WorldUnits	sge.WorldUnits
OpaqueSlot	com.badlogic.gdx.utils.viewport.ScalingViewport#<init>(Scaling,float,float,Camera)#worldHeight	WorldUnits	sge.WorldUnits
OpaqueSlot	com.badlogic.gdx.utils.viewport.ScalingViewport#<init>(Scaling,float,float,Camera)#worldWidth	WorldUnits	sge.WorldUnits
OpaqueSlot	com.badlogic.gdx.utils.viewport.ScalingViewport#update#screenHeight	Pixels	sge.Pixels
OpaqueSlot	com.badlogic.gdx.utils.viewport.ScalingViewport#update#screenWidth	Pixels	sge.Pixels
OpaqueSlot	com.badlogic.gdx.utils.viewport.ScreenViewport#update#screenHeight	Pixels	sge.Pixels
OpaqueSlot	com.badlogic.gdx.utils.viewport.ScreenViewport#update#screenWidth	Pixels	sge.Pixels
OpaqueSlot	com.badlogic.gdx.utils.viewport.StretchViewport#<init>(float,float)#worldHeight	WorldUnits	sge.WorldUnits
OpaqueSlot	com.badlogic.gdx.utils.viewport.StretchViewport#<init>(float,float)#worldWidth	WorldUnits	sge.WorldUnits
OpaqueSlot	com.badlogic.gdx.utils.viewport.StretchViewport#<init>(float,float,Camera)#worldHeight	WorldUnits	sge.WorldUnits
OpaqueSlot	com.badlogic.gdx.utils.viewport.StretchViewport#<init>(float,float,Camera)#worldWidth	WorldUnits	sge.WorldUnits
OpaqueSlot	com.badlogic.gdx.utils.viewport.Viewport#getBottomGutterHeight	Pixels	sge.Pixels
OpaqueSlot	com.badlogic.gdx.utils.viewport.Viewport#getLeftGutterWidth	Pixels	sge.Pixels
OpaqueSlot	com.badlogic.gdx.utils.viewport.Viewport#getRightGutterWidth	Pixels	sge.Pixels
OpaqueSlot	com.badlogic.gdx.utils.viewport.Viewport#getRightGutterX	Pixels	sge.Pixels
OpaqueSlot	com.badlogic.gdx.utils.viewport.Viewport#getScreenHeight	Pixels	sge.Pixels
OpaqueSlot	com.badlogic.gdx.utils.viewport.Viewport#getScreenWidth	Pixels	sge.Pixels
OpaqueSlot	com.badlogic.gdx.utils.viewport.Viewport#getScreenX	Pixels	sge.Pixels
OpaqueSlot	com.badlogic.gdx.utils.viewport.Viewport#getScreenY	Pixels	sge.Pixels
OpaqueSlot	com.badlogic.gdx.utils.viewport.Viewport#getTopGutterHeight	Pixels	sge.Pixels
OpaqueSlot	com.badlogic.gdx.utils.viewport.Viewport#getTopGutterY	Pixels	sge.Pixels
OpaqueSlot	com.badlogic.gdx.utils.viewport.Viewport#getWorldHeight	WorldUnits	sge.WorldUnits
OpaqueSlot	com.badlogic.gdx.utils.viewport.Viewport#getWorldWidth	WorldUnits	sge.WorldUnits
OpaqueSlot	com.badlogic.gdx.utils.viewport.Viewport#screenHeight	Pixels	sge.Pixels
OpaqueSlot	com.badlogic.gdx.utils.viewport.Viewport#screenWidth	Pixels	sge.Pixels
OpaqueSlot	com.badlogic.gdx.utils.viewport.Viewport#screenX	Pixels	sge.Pixels
OpaqueSlot	com.badlogic.gdx.utils.viewport.Viewport#screenY	Pixels	sge.Pixels
OpaqueSlot	com.badlogic.gdx.utils.viewport.Viewport#setScreenBounds#screenHeight	Pixels	sge.Pixels
OpaqueSlot	com.badlogic.gdx.utils.viewport.Viewport#setScreenBounds#screenWidth	Pixels	sge.Pixels
OpaqueSlot	com.badlogic.gdx.utils.viewport.Viewport#setScreenBounds#screenX	Pixels	sge.Pixels
OpaqueSlot	com.badlogic.gdx.utils.viewport.Viewport#setScreenBounds#screenY	Pixels	sge.Pixels
OpaqueSlot	com.badlogic.gdx.utils.viewport.Viewport#setScreenHeight#screenHeight	Pixels	sge.Pixels
OpaqueSlot	com.badlogic.gdx.utils.viewport.Viewport#setScreenPosition#screenX	Pixels	sge.Pixels
OpaqueSlot	com.badlogic.gdx.utils.viewport.Viewport#setScreenPosition#screenY	Pixels	sge.Pixels
OpaqueSlot	com.badlogic.gdx.utils.viewport.Viewport#setScreenSize#screenHeight	Pixels	sge.Pixels
OpaqueSlot	com.badlogic.gdx.utils.viewport.Viewport#setScreenSize#screenWidth	Pixels	sge.Pixels
OpaqueSlot	com.badlogic.gdx.utils.viewport.Viewport#setScreenWidth#screenWidth	Pixels	sge.Pixels
OpaqueSlot	com.badlogic.gdx.utils.viewport.Viewport#setScreenX#screenX	Pixels	sge.Pixels
OpaqueSlot	com.badlogic.gdx.utils.viewport.Viewport#setScreenY#screenY	Pixels	sge.Pixels
OpaqueSlot	com.badlogic.gdx.utils.viewport.Viewport#setWorldHeight#worldHeight	WorldUnits	sge.WorldUnits
OpaqueSlot	com.badlogic.gdx.utils.viewport.Viewport#setWorldSize#worldHeight	WorldUnits	sge.WorldUnits
OpaqueSlot	com.badlogic.gdx.utils.viewport.Viewport#setWorldSize#worldWidth	WorldUnits	sge.WorldUnits
OpaqueSlot	com.badlogic.gdx.utils.viewport.Viewport#setWorldWidth#worldWidth	WorldUnits	sge.WorldUnits
OpaqueSlot	com.badlogic.gdx.utils.viewport.Viewport#update(int,int)#screenHeight	Pixels	sge.Pixels
OpaqueSlot	com.badlogic.gdx.utils.viewport.Viewport#update(int,int)#screenWidth	Pixels	sge.Pixels
OpaqueSlot	com.badlogic.gdx.utils.viewport.Viewport#update(int,int,boolean)#screenHeight	Pixels	sge.Pixels
OpaqueSlot	com.badlogic.gdx.utils.viewport.Viewport#update(int,int,boolean)#screenWidth	Pixels	sge.Pixels
OpaqueSlot	com.badlogic.gdx.utils.viewport.Viewport#worldHeight	WorldUnits	sge.WorldUnits
OpaqueSlot	com.badlogic.gdx.utils.viewport.Viewport#worldWidth	WorldUnits	sge.WorldUnits
Parenless	com.badlogic.gdx.Application#getApplicationListener	def applicationListener: ApplicationListener	
Parenless	com.badlogic.gdx.Application#getAudio	def audio: Audio	
Parenless	com.badlogic.gdx.Application#getClipboard	def clipboard: Clipboard	
Parenless	com.badlogic.gdx.Application#getFiles	def files: Files	
Parenless	com.badlogic.gdx.Application#getGraphics	def graphics: Graphics	
Parenless	com.badlogic.gdx.Application#getInput	def input: Input	
Parenless	com.badlogic.gdx.Application#getJavaHeap	def javaHeap: Long	
Parenless	com.badlogic.gdx.Application#getNativeHeap	def nativeHeap: Long	
Parenless	com.badlogic.gdx.Application#getNet	def net: Net	
Parenless	com.badlogic.gdx.Application#getType	def applicationType: Application.ApplicationType	
Parenless	com.badlogic.gdx.Application#getVersion	def version: Int	
Parenless	com.badlogic.gdx.Audio#getAvailableOutputDevices	def availableOutputDevices: Array[String]	
Parenless	com.badlogic.gdx.Files#getExternalStoragePath	def externalStoragePath: String	
Parenless	com.badlogic.gdx.Files#getLocalStoragePath	def localStoragePath: String	
Parenless	com.badlogic.gdx.Files#isExternalStorageAvailable	def isExternalStorageAvailable: Boolean	
Parenless	com.badlogic.gdx.Files#isLocalStorageAvailable	def isLocalStorageAvailable: Boolean	
Parenless	com.badlogic.gdx.Game#getScreen	def screen: Nullable[Screen]	
Parenless	com.badlogic.gdx.Graphics#getBackBufferHeight	def backBufferHeight: Pixels	
Parenless	com.badlogic.gdx.Graphics#getBackBufferScale	def backBufferScale: Float	
Parenless	com.badlogic.gdx.Graphics#getBackBufferWidth	def backBufferWidth: Pixels	
Parenless	com.badlogic.gdx.Graphics#getBufferFormat	def bufferFormat: Graphics.BufferFormat	
Parenless	com.badlogic.gdx.Graphics#getDeltaTime	def deltaTime: Seconds	
Parenless	com.badlogic.gdx.Graphics#getDensity	def density: Float	
Parenless	com.badlogic.gdx.Graphics#getDisplayMode()	def displayMode: Graphics.DisplayMode	
Parenless	com.badlogic.gdx.Graphics#getDisplayModes()	def displayModes: Array[Graphics.DisplayMode]	
Parenless	com.badlogic.gdx.Graphics#getFrameId	def frameId: Long	
Parenless	com.badlogic.gdx.Graphics#getFramesPerSecond	def framesPerSecond: Int	
Parenless	com.badlogic.gdx.Graphics#getGL20	def gl20: GL20	
Parenless	com.badlogic.gdx.Graphics#getGL30	def gl30: Nullable[GL30]	
Parenless	com.badlogic.gdx.Graphics#getGL31	def gl31: Nullable[GL31]	
Parenless	com.badlogic.gdx.Graphics#getGL32	def gl32: Nullable[GL32]	
Parenless	com.badlogic.gdx.Graphics#getGLVersion	def glVersion: Graphics.GLVersion	
Parenless	com.badlogic.gdx.Graphics#getHeight	def height: Pixels	
Parenless	com.badlogic.gdx.Graphics#getMonitor	def monitor: Graphics.Monitor	
Parenless	com.badlogic.gdx.Graphics#getMonitors	def monitors: Array[Graphics.Monitor]	
Parenless	com.badlogic.gdx.Graphics#getPpcX	def ppcX: Float	
Parenless	com.badlogic.gdx.Graphics#getPpcY	def ppcY: Float	
Parenless	com.badlogic.gdx.Graphics#getPpiX	def ppiX: Float	
Parenless	com.badlogic.gdx.Graphics#getPpiY	def ppiY: Float	
Parenless	com.badlogic.gdx.Graphics#getPrimaryMonitor	def primaryMonitor: Graphics.Monitor	
Parenless	com.badlogic.gdx.Graphics#getSafeInsetBottom	def safeInsetBottom: Pixels	
Parenless	com.badlogic.gdx.Graphics#getSafeInsetLeft	def safeInsetLeft: Pixels	
Parenless	com.badlogic.gdx.Graphics#getSafeInsetRight	def safeInsetRight: Pixels	
Parenless	com.badlogic.gdx.Graphics#getSafeInsetTop	def safeInsetTop: Pixels	
Parenless	com.badlogic.gdx.Graphics#getType	def graphicsType: Graphics.GraphicsType	
Parenless	com.badlogic.gdx.Graphics#getWidth	def width: Pixels	
Parenless	com.badlogic.gdx.Graphics#isContinuousRendering	def continuousRendering: Boolean	
Parenless	com.badlogic.gdx.Graphics#isFullscreen	def fullscreen: Boolean	
Parenless	com.badlogic.gdx.Graphics#isGL30Available	def gl30Available: Boolean	
Parenless	com.badlogic.gdx.Graphics#isGL31Available	def gl31Available: Boolean	
Parenless	com.badlogic.gdx.Graphics#isGL32Available	def gl32Available: Boolean	
Parenless	com.badlogic.gdx.Input#getAccelerometerX	def accelerometerX: Float	
Parenless	com.badlogic.gdx.Input#getAccelerometerY	def accelerometerY: Float	
Parenless	com.badlogic.gdx.Input#getAccelerometerZ	def accelerometerZ: Float	
Parenless	com.badlogic.gdx.Input#getAzimuth	def azimuth: Float	
Parenless	com.badlogic.gdx.Input#getCurrentEventTime	def currentEventTime: Nanos	
Parenless	com.badlogic.gdx.Input#getDeltaX()	def deltaX: Pixels	
Parenless	com.badlogic.gdx.Input#getDeltaY()	def deltaY: Pixels	
Parenless	com.badlogic.gdx.Input#getGyroscopeX	def gyroscopeX: Float	
Parenless	com.badlogic.gdx.Input#getGyroscopeY	def gyroscopeY: Float	
Parenless	com.badlogic.gdx.Input#getGyroscopeZ	def gyroscopeZ: Float	
Parenless	com.badlogic.gdx.Input#getInputProcessor	def inputProcessor: InputProcessor	
Parenless	com.badlogic.gdx.Input#getMaxPointers	def maxPointers: Int	
Parenless	com.badlogic.gdx.Input#getNativeOrientation	def nativeOrientation: Orientation	
Parenless	com.badlogic.gdx.Input#getPitch	def pitch: Float	
Parenless	com.badlogic.gdx.Input#getPressure()	def pressure: Float	
Parenless	com.badlogic.gdx.Input#getRoll	def roll: Float	
Parenless	com.badlogic.gdx.Input#getRotation	def rotation: Int	
Parenless	com.badlogic.gdx.Input#getX()	def x: Pixels	
Parenless	com.badlogic.gdx.Input#getY()	def y: Pixels	
Parenless	com.badlogic.gdx.Input#isCursorCatched	def cursorCatched: Boolean	
Parenless	com.badlogic.gdx.Input#isTextInputFieldOpened	def textInputFieldOpened: Boolean	
Parenless	com.badlogic.gdx.Input#isTouched()	def touched: Boolean	
Parenless	com.badlogic.gdx.InputEventQueue#getCurrentEventTime	def currentEventTime: Nanos	
Parenless	com.badlogic.gdx.Net$HttpResponse#getHeaders	def headers: Map[String, List[String]]	
Parenless	com.badlogic.gdx.Net$HttpResponse#getResult	def result: Array[Byte]	
Parenless	com.badlogic.gdx.Net$HttpResponse#getResultAsStream	def resultAsStream: InputStream	
Parenless	com.badlogic.gdx.Net$HttpResponse#getResultAsString	def resultAsString: String	
Parenless	com.badlogic.gdx.Net$HttpResponse#getStatus	def status: HttpStatus	
Parenless	com.badlogic.gdx.assets.AssetDescriptor#toString	def toString: String	
Parenless	com.badlogic.gdx.assets.AssetManager#getAssetNames	def assetNames: DynamicArray[String]	
Parenless	com.badlogic.gdx.assets.AssetManager#getDiagnostics	def diagnostics: String	
Parenless	com.badlogic.gdx.assets.AssetManager#getLoadedAssets	def loadedAssets: Int	
Parenless	com.badlogic.gdx.assets.AssetManager#getProgress	def progress: Float	
Parenless	com.badlogic.gdx.assets.AssetManager#getQueuedAssets	def queuedAssets: Int	
Parenless	com.badlogic.gdx.assets.AssetManager#isFinished	def isFinished: Boolean	
Parenless	com.badlogic.gdx.assets.loaders.MusicLoader#getLoadedMusic	def loadedMusic: Nullable[Music]	
Parenless	com.badlogic.gdx.assets.loaders.SoundLoader#getLoadedSound	def loadedSound: Nullable[Sound]	
Parenless	com.badlogic.gdx.audio.AudioDevice#getLatency	def latency: Int	
Parenless	com.badlogic.gdx.audio.AudioDevice#isMono	def isMono: Boolean	
Parenless	com.badlogic.gdx.audio.Music#getPosition	def position: Position	
Parenless	com.badlogic.gdx.audio.Music#getVolume	def volume: Volume	
Parenless	com.badlogic.gdx.audio.Music#isLooping	def looping: Boolean	
Parenless	com.badlogic.gdx.audio.Music#isPlaying	def playing: Boolean	
Parenless	com.badlogic.gdx.files.FileHandle#extension	def extension: String	
Parenless	com.badlogic.gdx.files.FileHandle#file	def file: File	
Parenless	com.badlogic.gdx.files.FileHandle#name	def name: String	
Parenless	com.badlogic.gdx.files.FileHandle#nameWithoutExtension	def nameWithoutExtension: String	
Parenless	com.badlogic.gdx.files.FileHandle#path	def path: String	
Parenless	com.badlogic.gdx.files.FileHandle#pathWithoutExtension	def pathWithoutExtension: String	
Parenless	com.badlogic.gdx.graphics.Color#toString	def toString: String	
Parenless	com.badlogic.gdx.graphics.Cubemap#getCubemapData	def cubemapData: CubemapData	
Parenless	com.badlogic.gdx.graphics.Cubemap#getDepth	def depth: Int	
Parenless	com.badlogic.gdx.graphics.Cubemap#getHeight	def height: Pixels	
Parenless	com.badlogic.gdx.graphics.Cubemap#getWidth	def width: Pixels	
Parenless	com.badlogic.gdx.graphics.Cubemap#isManaged	def managed: Boolean	
Parenless	com.badlogic.gdx.graphics.CubemapData#getHeight	def height: Int	
Parenless	com.badlogic.gdx.graphics.CubemapData#getWidth	def width: Int	
Parenless	com.badlogic.gdx.graphics.CubemapData#isManaged	def isManaged: Boolean	
Parenless	com.badlogic.gdx.graphics.CubemapData#isPrepared	def isPrepared: Boolean	
Parenless	com.badlogic.gdx.graphics.GLTexture#getAnisotropicFilter	def anisotropicFilter: Float	
Parenless	com.badlogic.gdx.graphics.GLTexture#getDepth	def depth: Int	
Parenless	com.badlogic.gdx.graphics.GLTexture#getHeight	def height: Pixels	
Parenless	com.badlogic.gdx.graphics.GLTexture#getMagFilter	def magFilter: TextureFilter	
Parenless	com.badlogic.gdx.graphics.GLTexture#getMinFilter	def minFilter: TextureFilter	
Parenless	com.badlogic.gdx.graphics.GLTexture#getTextureObjectHandle	def textureObjectHandle: TextureHandle	
Parenless	com.badlogic.gdx.graphics.GLTexture#getUWrap	def uWrap: TextureWrap	
Parenless	com.badlogic.gdx.graphics.GLTexture#getVWrap	def vWrap: TextureWrap	
Parenless	com.badlogic.gdx.graphics.GLTexture#getWidth	def width: Pixels	
Parenless	com.badlogic.gdx.graphics.GLTexture#isManaged	def managed: Boolean	
Parenless	com.badlogic.gdx.graphics.Mesh#getIndexData	def indexData: IndexData	
Parenless	com.badlogic.gdx.graphics.Mesh#getInstancedAttributes	def instancedAttributes: Nullable[VertexAttributes]	
Parenless	com.badlogic.gdx.graphics.Mesh#getMaxIndices	def maxIndices: Int	
Parenless	com.badlogic.gdx.graphics.Mesh#getMaxVertices	def maxVertices: Int	
Parenless	com.badlogic.gdx.graphics.Mesh#getNumIndices	def numIndices: Int	
Parenless	com.badlogic.gdx.graphics.Mesh#getNumVertices	def numVertices: Int	
Parenless	com.badlogic.gdx.graphics.Mesh#getVertexAttributes	def vertexAttributes: VertexAttributes	
Parenless	com.badlogic.gdx.graphics.Mesh#getVertexSize	def vertexSize: Int	
Parenless	com.badlogic.gdx.graphics.Pixmap#getBlending	def blending: Blending	
Parenless	com.badlogic.gdx.graphics.Pixmap#getFilter	def filter: Filter	
Parenless	com.badlogic.gdx.graphics.Pixmap#getFormat	def format: Format	
Parenless	com.badlogic.gdx.graphics.Pixmap#getGLFormat	def gLFormat: Int	
Parenless	com.badlogic.gdx.graphics.Pixmap#getGLInternalFormat	def gLInternalFormat: Int	
Parenless	com.badlogic.gdx.graphics.Pixmap#getGLType	def glType: Int	
Parenless	com.badlogic.gdx.graphics.Pixmap#getHeight	def height: Pixels	
Parenless	com.badlogic.gdx.graphics.Pixmap#getPixels	def pixels: ByteBuffer	
Parenless	com.badlogic.gdx.graphics.Pixmap#getWidth	def width: Pixels	
Parenless	com.badlogic.gdx.graphics.Pixmap#isDisposed	def isDisposed: Boolean	
Parenless	com.badlogic.gdx.graphics.Texture#getDepth	def depth: Int	
Parenless	com.badlogic.gdx.graphics.Texture#getHeight	def height: Pixels	
Parenless	com.badlogic.gdx.graphics.Texture#getWidth	def width: Pixels	
Parenless	com.badlogic.gdx.graphics.Texture#isManaged	def managed: Boolean	
Parenless	com.badlogic.gdx.graphics.Texture3D#getData	def data: Texture3DData	
Parenless	com.badlogic.gdx.graphics.Texture3D#getDepth	def depth: Int	
Parenless	com.badlogic.gdx.graphics.Texture3D#getHeight	def height: Pixels	
Parenless	com.badlogic.gdx.graphics.Texture3D#getWidth	def width: Pixels	
Parenless	com.badlogic.gdx.graphics.Texture3D#isManaged	def managed: Boolean	
Parenless	com.badlogic.gdx.graphics.Texture3DData#getDepth	def depth: Int	
Parenless	com.badlogic.gdx.graphics.Texture3DData#getGLType	def glType: Int	
Parenless	com.badlogic.gdx.graphics.Texture3DData#getHeight	def height: Int	
Parenless	com.badlogic.gdx.graphics.Texture3DData#getInternalFormat	def internalFormat: Int	
Parenless	com.badlogic.gdx.graphics.Texture3DData#getWidth	def width: Int	
Parenless	com.badlogic.gdx.graphics.Texture3DData#isManaged	def isManaged: Boolean	
Parenless	com.badlogic.gdx.graphics.Texture3DData#isPrepared	def isPrepared: Boolean	
Parenless	com.badlogic.gdx.graphics.Texture3DData#useMipMaps	def useMipMaps: Boolean	
Parenless	com.badlogic.gdx.graphics.TextureArray#getDepth	def depth: Int	
Parenless	com.badlogic.gdx.graphics.TextureArray#getHeight	def height: Pixels	
Parenless	com.badlogic.gdx.graphics.TextureArray#getWidth	def width: Pixels	
Parenless	com.badlogic.gdx.graphics.TextureArray#isManaged	def managed: Boolean	
Parenless	com.badlogic.gdx.graphics.TextureArrayData#getDepth	def depth: Int	
Parenless	com.badlogic.gdx.graphics.TextureArrayData#getGLType	def glType: Int	
Parenless	com.badlogic.gdx.graphics.TextureArrayData#getHeight	def height: Int	
Parenless	com.badlogic.gdx.graphics.TextureArrayData#getInternalFormat	def internalFormat: Int	
Parenless	com.badlogic.gdx.graphics.TextureArrayData#getWidth	def width: Int	
Parenless	com.badlogic.gdx.graphics.TextureArrayData#isManaged	def isManaged: Boolean	
Parenless	com.badlogic.gdx.graphics.TextureArrayData#isPrepared	def isPrepared: Boolean	
Parenless	com.badlogic.gdx.graphics.TextureData#disposePixmap	def disposePixmap: Boolean	
Parenless	com.badlogic.gdx.graphics.TextureData#getFormat	def getFormat: Format	
Parenless	com.badlogic.gdx.graphics.TextureData#getHeight	def height: Int	
Parenless	com.badlogic.gdx.graphics.TextureData#getWidth	def width: Int	
Parenless	com.badlogic.gdx.graphics.TextureData#isManaged	def isManaged: Boolean	
Parenless	com.badlogic.gdx.graphics.TextureData#isPrepared	def isPrepared: Boolean	
Parenless	com.badlogic.gdx.graphics.TextureData#useMipMaps	def useMipMaps: Boolean	
Parenless	com.badlogic.gdx.graphics.VertexAttribute#getKey	def key: Int	
Parenless	com.badlogic.gdx.graphics.VertexAttribute#getSizeInBytes	def sizeInBytes: Int	
Parenless	com.badlogic.gdx.graphics.VertexAttributes#getBoneWeights	def boneWeights: Int	
Parenless	com.badlogic.gdx.graphics.VertexAttributes#getMask	def mask: Long	
Parenless	com.badlogic.gdx.graphics.VertexAttributes#getMaskWithSizePacked	def maskWithSizePacked: Long	
Parenless	com.badlogic.gdx.graphics.VertexAttributes#getTextureCoordinates	def textureCoordinates: Int	
Parenless	com.badlogic.gdx.graphics.VertexAttributes#size	def size: Int	
Parenless	com.badlogic.gdx.graphics.g2d.Animation#getAnimationDuration	def animationDuration: Float	
Parenless	com.badlogic.gdx.graphics.g2d.Animation#getFrameDuration	def frameDuration: Float	
Parenless	com.badlogic.gdx.graphics.g2d.Animation#getKeyFrames	def keyFrames: Array[$0]	
Parenless	com.badlogic.gdx.graphics.g2d.Batch#getBlendDstFunc	def blendDstFunc: Int	
Parenless	com.badlogic.gdx.graphics.g2d.Batch#getBlendDstFuncAlpha	def blendDstFuncAlpha: Int	
Parenless	com.badlogic.gdx.graphics.g2d.Batch#getBlendSrcFunc	def blendSrcFunc: Int	
Parenless	com.badlogic.gdx.graphics.g2d.Batch#getBlendSrcFuncAlpha	def blendSrcFuncAlpha: Int	
Parenless	com.badlogic.gdx.graphics.g2d.Batch#getColor	def color: Color	
Parenless	com.badlogic.gdx.graphics.g2d.Batch#getPackedColor	def packedColor: Float	
Parenless	com.badlogic.gdx.graphics.g2d.Batch#getProjectionMatrix	def projectionMatrix: Matrix4	
Parenless	com.badlogic.gdx.graphics.g2d.Batch#getShader	def shader: ShaderProgram	
Parenless	com.badlogic.gdx.graphics.g2d.Batch#getTransformMatrix	def transformMatrix: Matrix4	
Parenless	com.badlogic.gdx.graphics.g2d.Batch#isBlendingEnabled	def blendingEnabled: Boolean	
Parenless	com.badlogic.gdx.graphics.g2d.Batch#isDrawing	def drawing: Boolean	
Parenless	com.badlogic.gdx.graphics.g2d.BitmapFont#getAscent	def ascent: Float	
Parenless	com.badlogic.gdx.graphics.g2d.BitmapFont#getCapHeight	def capHeight: Float	
Parenless	com.badlogic.gdx.graphics.g2d.BitmapFont#getColor	def color: Color	
Parenless	com.badlogic.gdx.graphics.g2d.BitmapFont#getDescent	def descent: Float	
Parenless	com.badlogic.gdx.graphics.g2d.BitmapFont#getLineHeight	def lineHeight: Float	
Parenless	com.badlogic.gdx.graphics.g2d.BitmapFont#getRegion()	def region: TextureRegion	
Parenless	com.badlogic.gdx.graphics.g2d.BitmapFont#getScaleX	def scaleX: Float	
Parenless	com.badlogic.gdx.graphics.g2d.BitmapFont#getScaleY	def scaleY: Float	
Parenless	com.badlogic.gdx.graphics.g2d.BitmapFont#getSpaceXadvance	def spaceXadvance: Float	
Parenless	com.badlogic.gdx.graphics.g2d.BitmapFont#getXHeight	def xHeight: Float	
Parenless	com.badlogic.gdx.graphics.g2d.BitmapFont$BitmapFontData#getFirstGlyph	def firstGlyph: BitmapFont.Glyph	
Parenless	com.badlogic.gdx.graphics.g2d.BitmapFontCache#getColor	def color: Color	
Parenless	com.badlogic.gdx.graphics.g2d.BitmapFontCache#getLayouts	def layouts: DynamicArray[GlyphLayout]	
Parenless	com.badlogic.gdx.graphics.g2d.BitmapFontCache#getPageCount	def pageCount: Int	
Parenless	com.badlogic.gdx.graphics.g2d.BitmapFontCache#getVertices()	def vertices: Array[Float]	
Parenless	com.badlogic.gdx.graphics.g2d.BitmapFontCache#getX	def x: Float	
Parenless	com.badlogic.gdx.graphics.g2d.BitmapFontCache#getY	def y: Float	
Parenless	com.badlogic.gdx.graphics.g2d.CpuSpriteBatch#getTransformMatrix	def transformMatrix: Matrix4	
Parenless	com.badlogic.gdx.graphics.g2d.Gdx2DPixmap#getFormat	def format: Int	
Parenless	com.badlogic.gdx.graphics.g2d.Gdx2DPixmap#getFormatString()	def formatString: String	
Parenless	com.badlogic.gdx.graphics.g2d.Gdx2DPixmap#getGLFormat	def glFormat: Int	
Parenless	com.badlogic.gdx.graphics.g2d.Gdx2DPixmap#getGLInternalFormat	def glInternalFormat: Int	
Parenless	com.badlogic.gdx.graphics.g2d.Gdx2DPixmap#getGLType	def glType: Int	
Parenless	com.badlogic.gdx.graphics.g2d.Gdx2DPixmap#getHeight	def height: Int	
Parenless	com.badlogic.gdx.graphics.g2d.Gdx2DPixmap#getPixels	def pixels: ByteBuffer	
Parenless	com.badlogic.gdx.graphics.g2d.Gdx2DPixmap#getWidth	def width: Int	
Parenless	com.badlogic.gdx.graphics.g2d.NinePatch#getColor	def color: Color	
Parenless	com.badlogic.gdx.graphics.g2d.NinePatch#getPadBottom	def padBottom: Float	
Parenless	com.badlogic.gdx.graphics.g2d.NinePatch#getPadLeft	def padLeft: Float	
Parenless	com.badlogic.gdx.graphics.g2d.NinePatch#getPadRight	def padRight: Float	
Parenless	com.badlogic.gdx.graphics.g2d.NinePatch#getPadTop	def padTop: Float	
Parenless	com.badlogic.gdx.graphics.g2d.NinePatch#getTexture	def texture: Texture	
Parenless	com.badlogic.gdx.graphics.g2d.NinePatch#getTotalHeight	def totalHeight: Float	
Parenless	com.badlogic.gdx.graphics.g2d.NinePatch#getTotalWidth	def totalWidth: Float	
Parenless	com.badlogic.gdx.graphics.g2d.ParticleEffect#getBoundingBox	def boundingBox: BoundingBox	
Parenless	com.badlogic.gdx.graphics.g2d.ParticleEffect#getEmitters	def emitters: DynamicArray[ParticleEmitter]	
Parenless	com.badlogic.gdx.graphics.g2d.ParticleEmitter#getActiveCount	def activeCount: Int	
Parenless	com.badlogic.gdx.graphics.g2d.ParticleEmitter#getAngle	def angle: ScaledNumericValue	
Parenless	com.badlogic.gdx.graphics.g2d.ParticleEmitter#getBoundingBox	def boundingBox: BoundingBox	
Parenless	com.badlogic.gdx.graphics.g2d.ParticleEmitter#getGravity	def gravity: ScaledNumericValue	
Parenless	com.badlogic.gdx.graphics.g2d.ParticleEmitter#getImagePaths	def imagePaths: Array[String]	
Parenless	com.badlogic.gdx.graphics.g2d.ParticleEmitter#getMaxParticleCount	def maxParticleCount: Int	
Parenless	com.badlogic.gdx.graphics.g2d.ParticleEmitter#getMotionValues	def motionValues: Array[RangedNumericValue]	
Parenless	com.badlogic.gdx.graphics.g2d.ParticleEmitter#getParticles	def particles: Array[Particle]	
Parenless	com.badlogic.gdx.graphics.g2d.ParticleEmitter#getPercentComplete	def percentComplete: Float	
Parenless	com.badlogic.gdx.graphics.g2d.ParticleEmitter#getRotation	def rotation: ScaledNumericValue	
Parenless	com.badlogic.gdx.graphics.g2d.ParticleEmitter#getSpawnShape	def spawnShape: SpawnShapeValue	
Parenless	com.badlogic.gdx.graphics.g2d.ParticleEmitter#getSprites	def sprites: Array[Sprite]	
Parenless	com.badlogic.gdx.graphics.g2d.ParticleEmitter#getTint	def tint: GradientColorValue	
Parenless	com.badlogic.gdx.graphics.g2d.ParticleEmitter#getTransparency	def transparency: ScaledNumericValue	
Parenless	com.badlogic.gdx.graphics.g2d.ParticleEmitter#getVelocity	def velocity: ScaledNumericValue	
Parenless	com.badlogic.gdx.graphics.g2d.ParticleEmitter#getWind	def wind: ScaledNumericValue	
Parenless	com.badlogic.gdx.graphics.g2d.ParticleEmitter#getX	def x: Float	
Parenless	com.badlogic.gdx.graphics.g2d.ParticleEmitter#getXScale	def xScale: ScaledNumericValue	
Parenless	com.badlogic.gdx.graphics.g2d.ParticleEmitter#getXSizeValues	def xSizeValues: Array[RangedNumericValue]	
Parenless	com.badlogic.gdx.graphics.g2d.ParticleEmitter#getY	def y: Float	
Parenless	com.badlogic.gdx.graphics.g2d.ParticleEmitter#getYScale	def yScale: ScaledNumericValue	
Parenless	com.badlogic.gdx.graphics.g2d.ParticleEmitter#getYSizeValues	def ySizeValues: Array[RangedNumericValue]	
Parenless	com.badlogic.gdx.graphics.g2d.ParticleEmitter#isComplete	def isComplete: Boolean	
Parenless	com.badlogic.gdx.graphics.g2d.ParticleEmitter$ParticleValue#isActive	def isActive: Boolean	
Parenless	com.badlogic.gdx.graphics.g2d.PixmapPacker$PixmapPackerRectangle#getHeight	def height: Int	
Parenless	com.badlogic.gdx.graphics.g2d.PixmapPacker$PixmapPackerRectangle#getWidth	def width: Int	
Parenless	com.badlogic.gdx.graphics.g2d.PixmapPacker$PixmapPackerRectangle#getX	def x: Int	
Parenless	com.badlogic.gdx.graphics.g2d.PixmapPacker$PixmapPackerRectangle#getY	def y: Int	
Parenless	com.badlogic.gdx.graphics.g2d.PolygonSprite#getBoundingRectangle	def boundingRectangle: Rectangle	
Parenless	com.badlogic.gdx.graphics.g2d.PolygonSprite#getColor	def color: Color	
Parenless	com.badlogic.gdx.graphics.g2d.PolygonSprite#getHeight	def height: Float	
Parenless	com.badlogic.gdx.graphics.g2d.PolygonSprite#getOriginX	def originX: Float	
Parenless	com.badlogic.gdx.graphics.g2d.PolygonSprite#getOriginY	def originY: Float	
Parenless	com.badlogic.gdx.graphics.g2d.PolygonSprite#getPackedColor	def packedColor: Color	
Parenless	com.badlogic.gdx.graphics.g2d.PolygonSprite#getRegion	def region: PolygonRegion	
Parenless	com.badlogic.gdx.graphics.g2d.PolygonSprite#getRotation	def rotation: Float	
Parenless	com.badlogic.gdx.graphics.g2d.PolygonSprite#getScaleX	def scaleX: Float	
Parenless	com.badlogic.gdx.graphics.g2d.PolygonSprite#getScaleY	def scaleY: Float	
Parenless	com.badlogic.gdx.graphics.g2d.PolygonSprite#getVertices	def vertices: Array[Float]	
Parenless	com.badlogic.gdx.graphics.g2d.PolygonSprite#getWidth	def width: Float	
Parenless	com.badlogic.gdx.graphics.g2d.PolygonSprite#getX	def x: Float	
Parenless	com.badlogic.gdx.graphics.g2d.PolygonSprite#getY	def y: Float	
Parenless	com.badlogic.gdx.graphics.g2d.PolygonSpriteBatch#getBlendDstFunc	def blendDstFunc: Int	
Parenless	com.badlogic.gdx.graphics.g2d.PolygonSpriteBatch#getBlendDstFuncAlpha	def blendDstFuncAlpha: Int	
Parenless	com.badlogic.gdx.graphics.g2d.PolygonSpriteBatch#getBlendSrcFunc	def blendSrcFunc: Int	
Parenless	com.badlogic.gdx.graphics.g2d.PolygonSpriteBatch#getBlendSrcFuncAlpha	def blendSrcFuncAlpha: Int	
Parenless	com.badlogic.gdx.graphics.g2d.PolygonSpriteBatch#getColor	def color: Color	
Parenless	com.badlogic.gdx.graphics.g2d.PolygonSpriteBatch#getPackedColor	def packedColor: Float	
Parenless	com.badlogic.gdx.graphics.g2d.PolygonSpriteBatch#getProjectionMatrix	def projectionMatrix: Matrix4	
Parenless	com.badlogic.gdx.graphics.g2d.PolygonSpriteBatch#getShader	def shader: ShaderProgram	
Parenless	com.badlogic.gdx.graphics.g2d.PolygonSpriteBatch#getTransformMatrix	def transformMatrix: Matrix4	
Parenless	com.badlogic.gdx.graphics.g2d.PolygonSpriteBatch#isBlendingEnabled	def blendingEnabled: Boolean	
Parenless	com.badlogic.gdx.graphics.g2d.PolygonSpriteBatch#isDrawing	def drawing: Boolean	
Parenless	com.badlogic.gdx.graphics.g2d.Sprite#getBoundingRectangle	def boundingRectangle: Rectangle	
Parenless	com.badlogic.gdx.graphics.g2d.Sprite#getColor	def color: Color	
Parenless	com.badlogic.gdx.graphics.g2d.Sprite#getHeight	def height: Float	
Parenless	com.badlogic.gdx.graphics.g2d.Sprite#getOriginX	def originX: Float	
Parenless	com.badlogic.gdx.graphics.g2d.Sprite#getOriginY	def originY: Float	
Parenless	com.badlogic.gdx.graphics.g2d.Sprite#getPackedColor	def packedColor: Float	
Parenless	com.badlogic.gdx.graphics.g2d.Sprite#getRotation	def rotation: Float	
Parenless	com.badlogic.gdx.graphics.g2d.Sprite#getScaleX	def scaleX: Float	
Parenless	com.badlogic.gdx.graphics.g2d.Sprite#getScaleY	def scaleY: Float	
Parenless	com.badlogic.gdx.graphics.g2d.Sprite#getVertices	def vertices: Array[Float]	
Parenless	com.badlogic.gdx.graphics.g2d.Sprite#getWidth	def width: Float	
Parenless	com.badlogic.gdx.graphics.g2d.Sprite#getX	def x: Float	
Parenless	com.badlogic.gdx.graphics.g2d.Sprite#getY	def y: Float	
Parenless	com.badlogic.gdx.graphics.g2d.SpriteBatch#getBlendDstFunc	def blendDstFunc: Int	
Parenless	com.badlogic.gdx.graphics.g2d.SpriteBatch#getBlendDstFuncAlpha	def blendDstFuncAlpha: Int	
Parenless	com.badlogic.gdx.graphics.g2d.SpriteBatch#getBlendSrcFunc	def blendSrcFunc: Int	
Parenless	com.badlogic.gdx.graphics.g2d.SpriteBatch#getBlendSrcFuncAlpha	def blendSrcFuncAlpha: Int	
Parenless	com.badlogic.gdx.graphics.g2d.SpriteBatch#getColor	def color: Color	
Parenless	com.badlogic.gdx.graphics.g2d.SpriteBatch#getPackedColor	def packedColor: Float	
Parenless	com.badlogic.gdx.graphics.g2d.SpriteBatch#getProjectionMatrix	def projectionMatrix: Matrix4	
Parenless	com.badlogic.gdx.graphics.g2d.SpriteBatch#getShader	def shader: ShaderProgram	
Parenless	com.badlogic.gdx.graphics.g2d.SpriteBatch#getTransformMatrix	def transformMatrix: Matrix4	
Parenless	com.badlogic.gdx.graphics.g2d.SpriteBatch#isBlendingEnabled	def blendingEnabled: Boolean	
Parenless	com.badlogic.gdx.graphics.g2d.SpriteBatch#isDrawing	def drawing: Boolean	
Parenless	com.badlogic.gdx.graphics.g2d.SpriteCache#getColor	def color: Color	
Parenless	com.badlogic.gdx.graphics.g2d.SpriteCache#getCustomShader	def customShader: Nullable[ShaderProgram]	
Parenless	com.badlogic.gdx.graphics.g2d.SpriteCache#getPackedColor	def packedColor: Float	
Parenless	com.badlogic.gdx.graphics.g2d.SpriteCache#getProjectionMatrix	def projectionMatrix: Matrix4	
Parenless	com.badlogic.gdx.graphics.g2d.SpriteCache#getTransformMatrix	def transformMatrix: Matrix4	
Parenless	com.badlogic.gdx.graphics.g2d.SpriteCache#isDrawing	def drawing: Boolean	
Parenless	com.badlogic.gdx.graphics.g2d.TextureAtlas#getRegions	def regions: Array[TextureAtlas.AtlasRegion]	
Parenless	com.badlogic.gdx.graphics.g2d.TextureAtlas#getTextures	def textures: MutableSet[Texture]	
Parenless	com.badlogic.gdx.graphics.g2d.TextureAtlas$AtlasRegion#getRotatedPackedHeight	def rotatedPackedHeight: Float	
Parenless	com.badlogic.gdx.graphics.g2d.TextureAtlas$AtlasRegion#getRotatedPackedWidth	def rotatedPackedWidth: Float	
Parenless	com.badlogic.gdx.graphics.g2d.TextureAtlas$AtlasSprite#getAtlasRegion	def atlasRegion: AtlasRegion	
Parenless	com.badlogic.gdx.graphics.g2d.TextureAtlas$AtlasSprite#getHeight	def height: Float	
Parenless	com.badlogic.gdx.graphics.g2d.TextureAtlas$AtlasSprite#getHeightRatio	def heightRatio: Float	
Parenless	com.badlogic.gdx.graphics.g2d.TextureAtlas$AtlasSprite#getOriginX	def originX: Float	
Parenless	com.badlogic.gdx.graphics.g2d.TextureAtlas$AtlasSprite#getOriginY	def originY: Float	
Parenless	com.badlogic.gdx.graphics.g2d.TextureAtlas$AtlasSprite#getWidth	def width: Float	
Parenless	com.badlogic.gdx.graphics.g2d.TextureAtlas$AtlasSprite#getWidthRatio	def widthRatio: Float	
Parenless	com.badlogic.gdx.graphics.g2d.TextureAtlas$AtlasSprite#getX	def x: Float	
Parenless	com.badlogic.gdx.graphics.g2d.TextureAtlas$AtlasSprite#getY	def y: Float	
Parenless	com.badlogic.gdx.graphics.g2d.TextureRegion#getRegionHeight	def regionHeight: Int	
Parenless	com.badlogic.gdx.graphics.g2d.TextureRegion#getRegionWidth	def regionWidth: Int	
Parenless	com.badlogic.gdx.graphics.g2d.TextureRegion#getRegionX	def regionX: Int	
Parenless	com.badlogic.gdx.graphics.g2d.TextureRegion#getRegionY	def regionY: Int	
Parenless	com.badlogic.gdx.graphics.g2d.TextureRegion#getU	def u: Float	
Parenless	com.badlogic.gdx.graphics.g2d.TextureRegion#getU2	def u2: Float	
Parenless	com.badlogic.gdx.graphics.g2d.TextureRegion#getV	def v: Float	
Parenless	com.badlogic.gdx.graphics.g2d.TextureRegion#getV2	def v2: Float	
Parenless	com.badlogic.gdx.graphics.g2d.TextureRegion#isFlipX	def flipX: Boolean	
Parenless	com.badlogic.gdx.graphics.g2d.TextureRegion#isFlipY	def flipY: Boolean	
Parenless	com.badlogic.gdx.graphics.g3d.Attribute#toString	def toString: String	
Parenless	com.badlogic.gdx.graphics.g3d.Attributes#attributesHash	def attributesHash: Int	
Parenless	com.badlogic.gdx.graphics.g3d.Attributes#getMask	def getMask: Long	
Parenless	com.badlogic.gdx.graphics.g3d.Attributes#iterator	def iterator: Iterator[Attribute]	
Parenless	com.badlogic.gdx.graphics.g3d.Attributes#size	def size: Int	
Parenless	com.badlogic.gdx.graphics.g3d.Model#getManagedDisposables	def managedDisposables: DynamicArray[AutoCloseable]	
Parenless	com.badlogic.gdx.graphics.g3d.ModelBatch#getCamera	def getCamera: Nullable[Camera]	
Parenless	com.badlogic.gdx.graphics.g3d.ModelBatch#getRenderContext	def renderContext: RenderContext	
Parenless	com.badlogic.gdx.graphics.g3d.ModelBatch#getRenderableSorter	def renderableSorter: RenderableSorter	
Parenless	com.badlogic.gdx.graphics.g3d.ModelBatch#getShaderProvider	def getShaderProvider: ShaderProvider	
Parenless	com.badlogic.gdx.graphics.g3d.ModelBatch#ownsRenderContext	def ownsRenderContext: Boolean	
Parenless	com.badlogic.gdx.graphics.g3d.decals.CameraGroupStrategy#getCamera	def getCamera: Camera	
Parenless	com.badlogic.gdx.graphics.g3d.decals.Decal#getColor	def color: Color	
Parenless	com.badlogic.gdx.graphics.g3d.decals.Decal#getHeight	def height: Float	
Parenless	com.badlogic.gdx.graphics.g3d.decals.Decal#getScaleX	def scaleX: Float	
Parenless	com.badlogic.gdx.graphics.g3d.decals.Decal#getScaleY	def scaleY: Float	
Parenless	com.badlogic.gdx.graphics.g3d.decals.Decal#getTextureRegion	def textureRegion: TextureRegion	
Parenless	com.badlogic.gdx.graphics.g3d.decals.Decal#getVertices	def vertices: Array[Float]	
Parenless	com.badlogic.gdx.graphics.g3d.decals.Decal#getWidth	def width: Float	
Parenless	com.badlogic.gdx.graphics.g3d.decals.Decal#getX	def x: Float	
Parenless	com.badlogic.gdx.graphics.g3d.decals.Decal#getY	def y: Float	
Parenless	com.badlogic.gdx.graphics.g3d.decals.Decal#getZ	def z: Float	
Parenless	com.badlogic.gdx.graphics.g3d.decals.DecalBatch#getSize	def getSize: Int	
Parenless	com.badlogic.gdx.graphics.g3d.decals.DecalMaterial#isOpaque	def isOpaque: Boolean	
Parenless	com.badlogic.gdx.graphics.g3d.environment.AmbientCubemap#toString	def toString: String	
Parenless	com.badlogic.gdx.graphics.g3d.environment.DirectionalShadowLight#getCamera	def camera: Camera	
Parenless	com.badlogic.gdx.graphics.g3d.environment.DirectionalShadowLight#getDepthMap	def depthMap: TextureDescriptor[Texture]	
Parenless	com.badlogic.gdx.graphics.g3d.environment.DirectionalShadowLight#getFrameBuffer	def frameBuffer: Nullable[FrameBuffer]	
Parenless	com.badlogic.gdx.graphics.g3d.environment.DirectionalShadowLight#getProjViewTrans	def projViewTrans: Matrix4	
Parenless	com.badlogic.gdx.graphics.g3d.environment.ShadowMap#getDepthMap	def depthMap: TextureDescriptor[?]	
Parenless	com.badlogic.gdx.graphics.g3d.environment.ShadowMap#getProjViewTrans	def projViewTrans: Matrix4	
Parenless	com.badlogic.gdx.graphics.g3d.model.Node#getChildCount	def childCount: Int	
Parenless	com.badlogic.gdx.graphics.g3d.model.Node#getParent	def parent: Nullable[Node]	
Parenless	com.badlogic.gdx.graphics.g3d.model.Node#hasChildren	def hasChildren: Boolean	
Parenless	com.badlogic.gdx.graphics.g3d.model.Node#hasParent	def hasParent: Boolean	
Parenless	com.badlogic.gdx.graphics.g3d.particles.ParticleController#getBoundingBox	def boundingBox: BoundingBox	
Parenless	com.badlogic.gdx.graphics.g3d.particles.ParticleController#isComplete	def isComplete: Boolean	
Parenless	com.badlogic.gdx.graphics.g3d.particles.ParticleEffect#getBoundingBox	def boundingBox: BoundingBox	
Parenless	com.badlogic.gdx.graphics.g3d.particles.ParticleEffect#isComplete	def isComplete: Boolean	
Parenless	com.badlogic.gdx.graphics.g3d.particles.ParticleShader#getDefaultCullFace	def defaultCullFace: Int	
Parenless	com.badlogic.gdx.graphics.g3d.particles.ParticleShader#getDefaultDepthFunc	def defaultDepthFunc: Int	
Parenless	com.badlogic.gdx.graphics.g3d.particles.ResourceData#getAssetDescriptors	def assetDescriptors: DynamicArray[AssetDescriptor[?]]	
Parenless	com.badlogic.gdx.graphics.g3d.particles.ResourceData#getAssets	def assets: DynamicArray[AssetData[?]]	
Parenless	com.badlogic.gdx.graphics.g3d.particles.ResourceData#getSaveData()	def saveData: SaveData	
Parenless	com.badlogic.gdx.graphics.g3d.particles.batches.BillboardParticleBatch#getAlignMode	def alignMode: BillboardParticleBatch.AlignMode	
Parenless	com.badlogic.gdx.graphics.g3d.particles.batches.BillboardParticleBatch#getBlendingAttribute	def blendingAttribute: BlendingAttribute	
Parenless	com.badlogic.gdx.graphics.g3d.particles.batches.BillboardParticleBatch#getTexture	def texture: Texture	
Parenless	com.badlogic.gdx.graphics.g3d.particles.batches.BillboardParticleBatch#isUseGPU	def useGPU: Boolean	
Parenless	com.badlogic.gdx.graphics.g3d.particles.batches.BufferedParticleBatch#getBufferedCount	def bufferedCount: Int	
Parenless	com.badlogic.gdx.graphics.g3d.particles.batches.BufferedParticleBatch#getSorter	def sorter: ParticleSorter	
Parenless	com.badlogic.gdx.graphics.g3d.particles.batches.ModelInstanceParticleBatch#getBufferedCount	def bufferedCount: Int	
Parenless	com.badlogic.gdx.graphics.g3d.particles.batches.PointSpriteParticleBatch#getBlendingAttribute	def blendingAttribute: BlendingAttribute	
Parenless	com.badlogic.gdx.graphics.g3d.particles.batches.PointSpriteParticleBatch#getTexture	def texture: Nullable[Texture]	
Parenless	com.badlogic.gdx.graphics.g3d.particles.emitters.Emitter#isComplete	def isComplete: Boolean	
Parenless	com.badlogic.gdx.graphics.g3d.particles.emitters.RegularEmitter#getPercentComplete	def percentComplete: Float	
Parenless	com.badlogic.gdx.graphics.g3d.particles.emitters.RegularEmitter#isComplete	def isComplete: Boolean	
Parenless	com.badlogic.gdx.graphics.g3d.particles.values.ParticleValue#isActive	def active: Boolean	
Parenless	com.badlogic.gdx.graphics.g3d.particles.values.PrimitiveSpawnShapeValue#getSpawnDepth	def getSpawnDepth: ScaledNumericValue	
Parenless	com.badlogic.gdx.graphics.g3d.particles.values.PrimitiveSpawnShapeValue#getSpawnHeight	def getSpawnHeight: ScaledNumericValue	
Parenless	com.badlogic.gdx.graphics.g3d.particles.values.PrimitiveSpawnShapeValue#getSpawnWidth	def getSpawnWidth: ScaledNumericValue	
Parenless	com.badlogic.gdx.graphics.g3d.particles.values.PrimitiveSpawnShapeValue#isEdges	def isEdges: Boolean	
Parenless	com.badlogic.gdx.graphics.g3d.shaders.DefaultShader#getDefaultCullFace	def defaultCullFace: Int	
Parenless	com.badlogic.gdx.graphics.g3d.shaders.DefaultShader#getDefaultDepthFunc	def defaultDepthFunc: Int	
Parenless	com.badlogic.gdx.graphics.g3d.utils.BaseAnimationController$Transform#toString	def toString: String	
Parenless	com.badlogic.gdx.graphics.g3d.utils.DefaultTextureBinder#getBindCount	def getBindCount: Int	
Parenless	com.badlogic.gdx.graphics.g3d.utils.DefaultTextureBinder#getReuseCount	def getReuseCount: Int	
Parenless	com.badlogic.gdx.graphics.g3d.utils.MeshBuilder#getAttributes	def attributes: VertexAttributes	
Parenless	com.badlogic.gdx.graphics.g3d.utils.MeshBuilder#getFloatsPerVertex	def floatsPerVertex: Int	
Parenless	com.badlogic.gdx.graphics.g3d.utils.MeshBuilder#getMeshPart	def meshPart: MeshPart	
Parenless	com.badlogic.gdx.graphics.g3d.utils.MeshBuilder#getNumIndices	def numIndices: Int	
Parenless	com.badlogic.gdx.graphics.g3d.utils.MeshBuilder#getNumVertices	def numVertices: Int	
Parenless	com.badlogic.gdx.graphics.g3d.utils.MeshBuilder#getPrimitiveType	def primitiveType: PrimitiveMode	
Parenless	com.badlogic.gdx.graphics.g3d.utils.MeshBuilder#isVertexTransformationEnabled	def isVertexTransformationEnabled: Boolean	
Parenless	com.badlogic.gdx.graphics.g3d.utils.MeshPartBuilder#getAttributes	def attributes: VertexAttributes	
Parenless	com.badlogic.gdx.graphics.g3d.utils.MeshPartBuilder#getMeshPart	def meshPart: MeshPart	
Parenless	com.badlogic.gdx.graphics.g3d.utils.MeshPartBuilder#getPrimitiveType	def primitiveType: PrimitiveMode	
Parenless	com.badlogic.gdx.graphics.g3d.utils.MeshPartBuilder#isVertexTransformationEnabled	def isVertexTransformationEnabled: Boolean	
Parenless	com.badlogic.gdx.graphics.g3d.utils.ShapeCache#getMaterial	def material: Material	
Parenless	com.badlogic.gdx.graphics.g3d.utils.ShapeCache#getWorldTransform	def worldTransform: Matrix4	
Parenless	com.badlogic.gdx.graphics.g3d.utils.TextureBinder#getBindCount	def getBindCount: Int	
Parenless	com.badlogic.gdx.graphics.g3d.utils.TextureBinder#getReuseCount	def getReuseCount: Int	
Parenless	com.badlogic.gdx.graphics.glutils.CustomTexture3DData#getInternalFormat	def internalFormat: Int	
Parenless	com.badlogic.gdx.graphics.glutils.CustomTexture3DData#isManaged	def isManaged: Boolean	
Parenless	com.badlogic.gdx.graphics.glutils.CustomTexture3DData#isPrepared	def isPrepared: Boolean	
Parenless	com.badlogic.gdx.graphics.glutils.CustomTexture3DData#useMipMaps	def useMipMaps: Boolean	
Parenless	com.badlogic.gdx.graphics.glutils.ETC1TextureData#disposePixmap	def disposePixmap: Boolean	
Parenless	com.badlogic.gdx.graphics.glutils.ETC1TextureData#getFormat	def getFormat: Format	
Parenless	com.badlogic.gdx.graphics.glutils.ETC1TextureData#getHeight	def height: Int	
Parenless	com.badlogic.gdx.graphics.glutils.ETC1TextureData#getWidth	def width: Int	
Parenless	com.badlogic.gdx.graphics.glutils.ETC1TextureData#isManaged	def isManaged: Boolean	
Parenless	com.badlogic.gdx.graphics.glutils.ETC1TextureData#isPrepared	def isPrepared: Boolean	
Parenless	com.badlogic.gdx.graphics.glutils.ETC1TextureData#useMipMaps	def useMipMaps: Boolean	
Parenless	com.badlogic.gdx.graphics.glutils.FacedCubemapData#getHeight	def height: Int	
Parenless	com.badlogic.gdx.graphics.glutils.FacedCubemapData#getWidth	def width: Int	
Parenless	com.badlogic.gdx.graphics.glutils.FacedCubemapData#isManaged	def isManaged: Boolean	
Parenless	com.badlogic.gdx.graphics.glutils.FacedCubemapData#isPrepared	def isPrepared: Boolean	
Parenless	com.badlogic.gdx.graphics.glutils.FileTextureArrayData#getDepth	def depth: Int	
Parenless	com.badlogic.gdx.graphics.glutils.FileTextureArrayData#getGLType	def glType: Int	
Parenless	com.badlogic.gdx.graphics.glutils.FileTextureArrayData#getHeight	def height: Int	
Parenless	com.badlogic.gdx.graphics.glutils.FileTextureArrayData#getInternalFormat	def internalFormat: Int	
Parenless	com.badlogic.gdx.graphics.glutils.FileTextureArrayData#getWidth	def width: Int	
Parenless	com.badlogic.gdx.graphics.glutils.FileTextureArrayData#isManaged	def isManaged: Boolean	
Parenless	com.badlogic.gdx.graphics.glutils.FileTextureArrayData#isPrepared	def isPrepared: Boolean	
Parenless	com.badlogic.gdx.graphics.glutils.FileTextureData#disposePixmap	def disposePixmap: Boolean	
Parenless	com.badlogic.gdx.graphics.glutils.FileTextureData#getFileHandle	def fileHandle: FileHandle	
Parenless	com.badlogic.gdx.graphics.glutils.FileTextureData#getFormat	def getFormat: Format	
Parenless	com.badlogic.gdx.graphics.glutils.FileTextureData#getHeight	def height: Int	
Parenless	com.badlogic.gdx.graphics.glutils.FileTextureData#getWidth	def width: Int	
Parenless	com.badlogic.gdx.graphics.glutils.FileTextureData#isManaged	def isManaged: Boolean	
Parenless	com.badlogic.gdx.graphics.glutils.FileTextureData#isPrepared	def isPrepared: Boolean	
Parenless	com.badlogic.gdx.graphics.glutils.FileTextureData#useMipMaps	def useMipMaps: Boolean	
Parenless	com.badlogic.gdx.graphics.glutils.FloatTextureData#disposePixmap	def disposePixmap: Boolean	
Parenless	com.badlogic.gdx.graphics.glutils.FloatTextureData#getBuffer	def buffer: Nullable[FloatBuffer]	
Parenless	com.badlogic.gdx.graphics.glutils.FloatTextureData#getFormat	def getFormat: Format	
Parenless	com.badlogic.gdx.graphics.glutils.FloatTextureData#isManaged	def isManaged: Boolean	
Parenless	com.badlogic.gdx.graphics.glutils.FloatTextureData#isPrepared	def isPrepared: Boolean	
Parenless	com.badlogic.gdx.graphics.glutils.FloatTextureData#useMipMaps	def useMipMaps: Boolean	
Parenless	com.badlogic.gdx.graphics.glutils.FrameBufferCubemap#getSide	def side: Nullable[Cubemap.CubemapSide]	
Parenless	com.badlogic.gdx.graphics.glutils.GLFrameBuffer#getColorBufferTexture	def colorBufferTexture: $0	
Parenless	com.badlogic.gdx.graphics.glutils.GLFrameBuffer#getDepthBufferHandle	def depthBufferHandle: Int	
Parenless	com.badlogic.gdx.graphics.glutils.GLFrameBuffer#getDepthStencilPackedBuffer	def depthStencilPackedBuffer: Int	
Parenless	com.badlogic.gdx.graphics.glutils.GLFrameBuffer#getFramebufferHandle	def getFramebufferHandle: Int	
Parenless	com.badlogic.gdx.graphics.glutils.GLFrameBuffer#getHeight	def height: Pixels	
Parenless	com.badlogic.gdx.graphics.glutils.GLFrameBuffer#getStencilBufferHandle	def stencilBufferHandle: Int	
Parenless	com.badlogic.gdx.graphics.glutils.GLFrameBuffer#getTextureAttachments	def textureAttachments: DynamicArray[$0]	
Parenless	com.badlogic.gdx.graphics.glutils.GLFrameBuffer#getWidth	def width: Pixels	
Parenless	com.badlogic.gdx.graphics.glutils.GLOnlyTextureData#disposePixmap	def disposePixmap: Boolean	
Parenless	com.badlogic.gdx.graphics.glutils.GLOnlyTextureData#getFormat	def getFormat: Format	
Parenless	com.badlogic.gdx.graphics.glutils.GLOnlyTextureData#isManaged	def isManaged: Boolean	
Parenless	com.badlogic.gdx.graphics.glutils.GLOnlyTextureData#isPrepared	def isPrepared: Boolean	
Parenless	com.badlogic.gdx.graphics.glutils.GLOnlyTextureData#useMipMaps	def useMipMaps: Boolean	
Parenless	com.badlogic.gdx.graphics.glutils.GLVersion#getDebugVersionString	def debugVersionString: String	
Parenless	com.badlogic.gdx.graphics.glutils.GLVersion#getMajorVersion	def majorVersion: Int	
Parenless	com.badlogic.gdx.graphics.glutils.GLVersion#getMinorVersion	def minorVersion: Int	
Parenless	com.badlogic.gdx.graphics.glutils.GLVersion#getReleaseVersion	def releaseVersion: Int	
Parenless	com.badlogic.gdx.graphics.glutils.GLVersion#getRendererString	def rendererString: String	
Parenless	com.badlogic.gdx.graphics.glutils.GLVersion#getVendorString	def vendorString: String	
Parenless	com.badlogic.gdx.graphics.glutils.GLVersion#getVersionString	def versionString: String	
Parenless	com.badlogic.gdx.graphics.glutils.ImmediateModeRenderer#getMaxVertices	def maxVertices: Int	
Parenless	com.badlogic.gdx.graphics.glutils.ImmediateModeRenderer#getNumVertices	def numVertices: Int	
Parenless	com.badlogic.gdx.graphics.glutils.ImmediateModeRenderer20#getMaxVertices	def maxVertices: Int	
Parenless	com.badlogic.gdx.graphics.glutils.ImmediateModeRenderer20#getNumVertices	def numVertices: Int	
Parenless	com.badlogic.gdx.graphics.glutils.ImmediateModeRenderer20#getShader	def shader: ShaderProgram	
Parenless	com.badlogic.gdx.graphics.glutils.IndexArray#getNumIndices	def numIndices: Int	
Parenless	com.badlogic.gdx.graphics.glutils.IndexArray#getNumMaxIndices	def numMaxIndices: Int	
Parenless	com.badlogic.gdx.graphics.glutils.IndexBufferObject#getNumIndices	def numIndices: Int	
Parenless	com.badlogic.gdx.graphics.glutils.IndexBufferObject#getNumMaxIndices	def numMaxIndices: Int	
Parenless	com.badlogic.gdx.graphics.glutils.IndexBufferObjectSubData#getNumIndices	def numIndices: Int	
Parenless	com.badlogic.gdx.graphics.glutils.IndexBufferObjectSubData#getNumMaxIndices	def numMaxIndices: Int	
Parenless	com.badlogic.gdx.graphics.glutils.IndexData#getNumIndices	def numIndices: Int	
Parenless	com.badlogic.gdx.graphics.glutils.IndexData#getNumMaxIndices	def numMaxIndices: Int	
Parenless	com.badlogic.gdx.graphics.glutils.InstanceBufferObject#getAttributes	def attributes: VertexAttributes	
Parenless	com.badlogic.gdx.graphics.glutils.InstanceBufferObject#getNumInstances	def numInstances: Int	
Parenless	com.badlogic.gdx.graphics.glutils.InstanceBufferObject#getNumMaxInstances	def numMaxInstances: Int	
Parenless	com.badlogic.gdx.graphics.glutils.InstanceBufferObject#getUsage	def usage: BufferUsage	
Parenless	com.badlogic.gdx.graphics.glutils.InstanceBufferObjectSubData#getNumInstances	def numInstances: Int	
Parenless	com.badlogic.gdx.graphics.glutils.InstanceBufferObjectSubData#getNumMaxInstances	def numMaxInstances: Int	
Parenless	com.badlogic.gdx.graphics.glutils.InstanceData#getAttributes	def attributes: VertexAttributes	
Parenless	com.badlogic.gdx.graphics.glutils.InstanceData#getNumInstances	def numInstances: Int	
Parenless	com.badlogic.gdx.graphics.glutils.InstanceData#getNumMaxInstances	def numMaxInstances: Int	
Parenless	com.badlogic.gdx.graphics.glutils.KTXTextureData#disposePixmap	def disposePixmap: Boolean	
Parenless	com.badlogic.gdx.graphics.glutils.KTXTextureData#getFormat	def getFormat: Format	
Parenless	com.badlogic.gdx.graphics.glutils.KTXTextureData#getGlInternalFormat	def glInternalFormat: Int	
Parenless	com.badlogic.gdx.graphics.glutils.KTXTextureData#getHeight	def height: Int	
Parenless	com.badlogic.gdx.graphics.glutils.KTXTextureData#getNumberOfFaces	def numberOfFaces: Int	
Parenless	com.badlogic.gdx.graphics.glutils.KTXTextureData#getNumberOfMipMapLevels	def numberOfMipMapLevels: Int	
Parenless	com.badlogic.gdx.graphics.glutils.KTXTextureData#getWidth	def width: Int	
Parenless	com.badlogic.gdx.graphics.glutils.KTXTextureData#isManaged	def isManaged: Boolean	
Parenless	com.badlogic.gdx.graphics.glutils.KTXTextureData#isPrepared	def isPrepared: Boolean	
Parenless	com.badlogic.gdx.graphics.glutils.KTXTextureData#useMipMaps	def useMipMaps: Boolean	
Parenless	com.badlogic.gdx.graphics.glutils.MipMapTextureData#disposePixmap	def disposePixmap: Boolean	
Parenless	com.badlogic.gdx.graphics.glutils.MipMapTextureData#getFormat	def getFormat: Format	
Parenless	com.badlogic.gdx.graphics.glutils.MipMapTextureData#getHeight	def height: Int	
Parenless	com.badlogic.gdx.graphics.glutils.MipMapTextureData#getWidth	def width: Int	
Parenless	com.badlogic.gdx.graphics.glutils.MipMapTextureData#isManaged	def isManaged: Boolean	
Parenless	com.badlogic.gdx.graphics.glutils.MipMapTextureData#isPrepared	def isPrepared: Boolean	
Parenless	com.badlogic.gdx.graphics.glutils.MipMapTextureData#useMipMaps	def useMipMaps: Boolean	
Parenless	com.badlogic.gdx.graphics.glutils.PixmapTextureData#getFormat	def getFormat: Format	
Parenless	com.badlogic.gdx.graphics.glutils.PixmapTextureData#getHeight	def height: Int	
Parenless	com.badlogic.gdx.graphics.glutils.PixmapTextureData#getWidth	def width: Int	
Parenless	com.badlogic.gdx.graphics.glutils.PixmapTextureData#isPrepared	def isPrepared: Boolean	
Parenless	com.badlogic.gdx.graphics.glutils.ShaderProgram#getAttributes	def attributes: Array[String]	
Parenless	com.badlogic.gdx.graphics.glutils.ShaderProgram#getFragmentShaderSource	def fragmentShaderSource: String	
Parenless	com.badlogic.gdx.graphics.glutils.ShaderProgram#getHandle	def handle: Int	
Parenless	com.badlogic.gdx.graphics.glutils.ShaderProgram#getLog	def log: String	
Parenless	com.badlogic.gdx.graphics.glutils.ShaderProgram#getUniforms	def uniforms: Array[String]	
Parenless	com.badlogic.gdx.graphics.glutils.ShaderProgram#getVertexShaderSource	def vertexShaderSource: String	
Parenless	com.badlogic.gdx.graphics.glutils.ShaderProgram#isCompiled	def compiled: Boolean	
Parenless	com.badlogic.gdx.graphics.glutils.ShapeRenderer#getColor	def color: Color	
Parenless	com.badlogic.gdx.graphics.glutils.ShapeRenderer#getCurrentType	def currentType: Nullable[ShapeType]	
Parenless	com.badlogic.gdx.graphics.glutils.ShapeRenderer#getProjectionMatrix	def projectionMatrix: Matrix4	
Parenless	com.badlogic.gdx.graphics.glutils.ShapeRenderer#getRenderer	def renderer: ImmediateModeRenderer	
Parenless	com.badlogic.gdx.graphics.glutils.ShapeRenderer#getTransformMatrix	def transformMatrix: Matrix4	
Parenless	com.badlogic.gdx.graphics.glutils.ShapeRenderer#isDrawing	def isDrawing: Boolean	
Parenless	com.badlogic.gdx.graphics.glutils.VertexArray#getNumMaxVertices	def numMaxVertices: Int	
Parenless	com.badlogic.gdx.graphics.glutils.VertexArray#getNumVertices	def numVertices: Int	
Parenless	com.badlogic.gdx.graphics.glutils.VertexBufferObject#getAttributes	def attributes: VertexAttributes	
Parenless	com.badlogic.gdx.graphics.glutils.VertexBufferObject#getNumMaxVertices	def numMaxVertices: Int	
Parenless	com.badlogic.gdx.graphics.glutils.VertexBufferObject#getNumVertices	def numVertices: Int	
Parenless	com.badlogic.gdx.graphics.glutils.VertexBufferObject#getUsage	def usage: BufferUsage	
Parenless	com.badlogic.gdx.graphics.glutils.VertexBufferObjectSubData#getNumMaxVertices	def numMaxVertices: Int	
Parenless	com.badlogic.gdx.graphics.glutils.VertexBufferObjectSubData#getNumVertices	def numVertices: Int	
Parenless	com.badlogic.gdx.graphics.glutils.VertexBufferObjectWithVAO#getAttributes	def attributes: VertexAttributes	
Parenless	com.badlogic.gdx.graphics.glutils.VertexBufferObjectWithVAO#getNumMaxVertices	def numMaxVertices: Int	
Parenless	com.badlogic.gdx.graphics.glutils.VertexBufferObjectWithVAO#getNumVertices	def numVertices: Int	
Parenless	com.badlogic.gdx.graphics.glutils.VertexData#getAttributes	def attributes: VertexAttributes	
Parenless	com.badlogic.gdx.graphics.glutils.VertexData#getNumMaxVertices	def numMaxVertices: Int	
Parenless	com.badlogic.gdx.graphics.glutils.VertexData#getNumVertices	def numVertices: Int	
Parenless	com.badlogic.gdx.graphics.profiling.GLProfiler#getCalls	def calls: Int	
Parenless	com.badlogic.gdx.graphics.profiling.GLProfiler#getDrawCalls	def drawCalls: Int	
Parenless	com.badlogic.gdx.graphics.profiling.GLProfiler#getShaderSwitches	def shaderSwitches: Int	
Parenless	com.badlogic.gdx.graphics.profiling.GLProfiler#getTextureBindings	def textureBindings: Int	
Parenless	com.badlogic.gdx.graphics.profiling.GLProfiler#getVertexCount	def vertexCount: sge.math.FloatCounter	
Parenless	com.badlogic.gdx.graphics.profiling.GLProfiler#isEnabled	def enabled: Boolean	
Parenless	com.badlogic.gdx.input.GestureDetector$VelocityTracker#getVelocityX	def velocityX: Float	
Parenless	com.badlogic.gdx.input.GestureDetector$VelocityTracker#getVelocityY	def velocityY: Float	
Parenless	com.badlogic.gdx.input.RemoteInput#getAccelerometerX	def accelerometerX: Float	
Parenless	com.badlogic.gdx.input.RemoteInput#getAccelerometerY	def accelerometerY: Float	
Parenless	com.badlogic.gdx.input.RemoteInput#getAccelerometerZ	def accelerometerZ: Float	
Parenless	com.badlogic.gdx.input.RemoteInput#getAzimuth	def azimuth: Float	
Parenless	com.badlogic.gdx.input.RemoteInput#getCurrentEventTime	def currentEventTime: sge.utils.Nanos	
Parenless	com.badlogic.gdx.input.RemoteInput#getDeltaX()	def deltaX: Pixels	
Parenless	com.badlogic.gdx.input.RemoteInput#getDeltaY()	def deltaY: Pixels	
Parenless	com.badlogic.gdx.input.RemoteInput#getGyroscopeX	def gyroscopeX: Float	
Parenless	com.badlogic.gdx.input.RemoteInput#getGyroscopeY	def gyroscopeY: Float	
Parenless	com.badlogic.gdx.input.RemoteInput#getGyroscopeZ	def gyroscopeZ: Float	
Parenless	com.badlogic.gdx.input.RemoteInput#getIPs	def iPs: Array[String]	
Parenless	com.badlogic.gdx.input.RemoteInput#getInputProcessor	def inputProcessor: InputProcessor	
Parenless	com.badlogic.gdx.input.RemoteInput#getMaxPointers	def maxPointers: Int	
Parenless	com.badlogic.gdx.input.RemoteInput#getNativeOrientation	def nativeOrientation: Orientation	
Parenless	com.badlogic.gdx.input.RemoteInput#getPitch	def pitch: Float	
Parenless	com.badlogic.gdx.input.RemoteInput#getPressure()	def pressure: Float	
Parenless	com.badlogic.gdx.input.RemoteInput#getRoll	def roll: Float	
Parenless	com.badlogic.gdx.input.RemoteInput#getRotation	def rotation: Int	
Parenless	com.badlogic.gdx.input.RemoteInput#getX()	def x: Pixels	
Parenless	com.badlogic.gdx.input.RemoteInput#getY()	def y: Pixels	
Parenless	com.badlogic.gdx.input.RemoteInput#isCursorCatched	def cursorCatched: Boolean	
Parenless	com.badlogic.gdx.input.RemoteInput#isTouched()	def touched: Boolean	
Parenless	com.badlogic.gdx.input.TextInputWrapper#getSelectionEnd	def selectionEnd: Int	
Parenless	com.badlogic.gdx.input.TextInputWrapper#getSelectionStart	def selectionStart: Int	
Parenless	com.badlogic.gdx.input.TextInputWrapper#getText	def text: String	
Parenless	com.badlogic.gdx.maps.MapLayer#getCombinedTintColor	def combinedTintColor: Color	
Parenless	com.badlogic.gdx.maps.MapLayer#getOffsetX	def offsetX: Float	
Parenless	com.badlogic.gdx.maps.MapLayer#getOffsetY	def offsetY: Float	
Parenless	com.badlogic.gdx.maps.MapLayer#getOpacity	def opacity: Float	
Parenless	com.badlogic.gdx.maps.MapLayer#getParent	def parent: Nullable[MapLayer]	
Parenless	com.badlogic.gdx.maps.MapLayer#getRenderOffsetX	def renderOffsetX: Float	
Parenless	com.badlogic.gdx.maps.MapLayer#getRenderOffsetY	def renderOffsetY: Float	
Parenless	com.badlogic.gdx.maps.MapLayer#getTintColor	def tintColor: Color	
Parenless	com.badlogic.gdx.maps.MapLayers#getCount	def count: Int	
Parenless	com.badlogic.gdx.maps.MapLayers#iterator	def iterator: Iterator[MapLayer]	
Parenless	com.badlogic.gdx.maps.MapLayers#size	def size: Int	
Parenless	com.badlogic.gdx.maps.MapObjects#getCount	def count: Int	
Parenless	com.badlogic.gdx.maps.MapObjects#iterator	def iterator: Iterator[MapObject]	
Parenless	com.badlogic.gdx.maps.MapProperties#getKeys	def keys: Iterator[String]	
Parenless	com.badlogic.gdx.maps.MapProperties#getValues	def values: Iterator[Any]	
Parenless	com.badlogic.gdx.maps.MapProperties#toString	def toString: String	
Parenless	com.badlogic.gdx.maps.tiled.AtlasTmjMapLoader$AtlasResolver#getAtlas	def atlas: TextureAtlas	
Parenless	com.badlogic.gdx.maps.tiled.AtlasTmxMapLoader$AtlasResolver#getAtlas	def atlas: TextureAtlas	
Parenless	com.badlogic.gdx.maps.tiled.BaseTiledMapLoader#getIdToObject	def getIdToObject: Nullable[mutable.HashMap[Int, MapObject]]	
Parenless	com.badlogic.gdx.maps.tiled.BaseTiledMapLoader$ProjectClassMember#toString	def toString: String	
Parenless	com.badlogic.gdx.maps.tiled.TiledMapImageLayer#supportsTransparency	def supportsTransparency: Boolean	
Parenless	com.badlogic.gdx.maps.tiled.TiledMapTile#getBlendMode	def blendMode: TiledMapTile.BlendMode	
Parenless	com.badlogic.gdx.maps.tiled.TiledMapTile#getId	def id: Int	
Parenless	com.badlogic.gdx.maps.tiled.TiledMapTile#getObjects	def objects: MapObjects	
Parenless	com.badlogic.gdx.maps.tiled.TiledMapTile#getOffsetX	def offsetX: Float	
Parenless	com.badlogic.gdx.maps.tiled.TiledMapTile#getOffsetY	def offsetY: Float	
Parenless	com.badlogic.gdx.maps.tiled.TiledMapTile#getProperties	def properties: MapProperties	
Parenless	com.badlogic.gdx.maps.tiled.TiledMapTile#getTextureRegion	def textureRegion: TextureRegion	
Parenless	com.badlogic.gdx.maps.tiled.TiledMapTileSet#iterator	def iterator: Iterator[TiledMapTile]	
Parenless	com.badlogic.gdx.maps.tiled.TiledMapTileSet#size	def size: Int	
Parenless	com.badlogic.gdx.maps.tiled.TiledMapTileSets#iterator	def iterator: Iterator[TiledMapTileSet]	
Parenless	com.badlogic.gdx.maps.tiled.renderers.BatchTiledMapRenderer#getBatch	def batch: Batch	
Parenless	com.badlogic.gdx.maps.tiled.renderers.BatchTiledMapRenderer#getMap	def map: TiledMap	
Parenless	com.badlogic.gdx.maps.tiled.renderers.BatchTiledMapRenderer#getUnitScale	def unitScale: Float	
Parenless	com.badlogic.gdx.maps.tiled.renderers.BatchTiledMapRenderer#getViewBounds	def viewBounds: Rectangle	
Parenless	com.badlogic.gdx.maps.tiled.renderers.OrthoCachedTiledMapRenderer#isCached	def isCached: Boolean	
Parenless	com.badlogic.gdx.maps.tiled.tiles.AnimatedTiledMapTile#getAnimationIntervals	def animationIntervals: Array[Int]	
Parenless	com.badlogic.gdx.maps.tiled.tiles.AnimatedTiledMapTile#getBlendMode	def blendMode: TiledMapTile.BlendMode	
Parenless	com.badlogic.gdx.maps.tiled.tiles.AnimatedTiledMapTile#getCurrentFrame	def currentFrame: TiledMapTile	
Parenless	com.badlogic.gdx.maps.tiled.tiles.AnimatedTiledMapTile#getCurrentFrameIndex	def currentFrameIndex: Int	
Parenless	com.badlogic.gdx.maps.tiled.tiles.AnimatedTiledMapTile#getFrameTiles	def frameTiles: Array[StaticTiledMapTile]	
Parenless	com.badlogic.gdx.maps.tiled.tiles.AnimatedTiledMapTile#getId	def id: Int	
Parenless	com.badlogic.gdx.maps.tiled.tiles.AnimatedTiledMapTile#getObjects	def objects: MapObjects	
Parenless	com.badlogic.gdx.maps.tiled.tiles.AnimatedTiledMapTile#getOffsetX	def offsetX: Float	
Parenless	com.badlogic.gdx.maps.tiled.tiles.AnimatedTiledMapTile#getOffsetY	def offsetY: Float	
Parenless	com.badlogic.gdx.maps.tiled.tiles.AnimatedTiledMapTile#getProperties	def properties: MapProperties	
Parenless	com.badlogic.gdx.maps.tiled.tiles.AnimatedTiledMapTile#getTextureRegion	def textureRegion: TextureRegion	
Parenless	com.badlogic.gdx.maps.tiled.tiles.StaticTiledMapTile#getBlendMode	def blendMode: TiledMapTile.BlendMode	
Parenless	com.badlogic.gdx.maps.tiled.tiles.StaticTiledMapTile#getId	def id: Int	
Parenless	com.badlogic.gdx.maps.tiled.tiles.StaticTiledMapTile#getObjects	def objects: MapObjects	
Parenless	com.badlogic.gdx.maps.tiled.tiles.StaticTiledMapTile#getOffsetX	def offsetX: Float	
Parenless	com.badlogic.gdx.maps.tiled.tiles.StaticTiledMapTile#getOffsetY	def offsetY: Float	
Parenless	com.badlogic.gdx.maps.tiled.tiles.StaticTiledMapTile#getProperties	def properties: MapProperties	
Parenless	com.badlogic.gdx.maps.tiled.tiles.StaticTiledMapTile#getTextureRegion	def textureRegion: TextureRegion	
Parenless	com.badlogic.gdx.math.Affine2#toString	def toString: String	
Parenless	com.badlogic.gdx.math.Circle#toString	def toString: String	
Parenless	com.badlogic.gdx.math.Ellipse#toString	def toString: String	
Parenless	com.badlogic.gdx.math.FloatCounter#toString	def toString: String	
Parenless	com.badlogic.gdx.math.Intersector$SplitTriangle#getSide	def side: Boolean	
Parenless	com.badlogic.gdx.math.Intersector$SplitTriangle#toString	def toString: String	
Parenless	com.badlogic.gdx.math.Matrix3#getRotation	def rotation: Float	
Parenless	com.badlogic.gdx.math.Matrix3#getRotationRad	def rotationRad: Float	
Parenless	com.badlogic.gdx.math.Matrix3#toString	def toString: String	
Parenless	com.badlogic.gdx.math.Matrix4#getScaleX	def scaleX: Float	
Parenless	com.badlogic.gdx.math.Matrix4#getScaleXSquared	def scaleXSquared: Float	
Parenless	com.badlogic.gdx.math.Matrix4#getScaleY	def scaleY: Float	
Parenless	com.badlogic.gdx.math.Matrix4#getScaleYSquared	def scaleYSquared: Float	
Parenless	com.badlogic.gdx.math.Matrix4#getScaleZ	def scaleZ: Float	
Parenless	com.badlogic.gdx.math.Matrix4#getScaleZSquared	def scaleZSquared: Float	
Parenless	com.badlogic.gdx.math.Matrix4#toString	def toString: String	
Parenless	com.badlogic.gdx.math.Octree$OctreeNode#isLeaf	def isLeaf: Boolean	
Parenless	com.badlogic.gdx.math.Plane#toString	def toString: String	
Parenless	com.badlogic.gdx.math.Polygon#getBoundingRectangle	def boundingRectangle: Rectangle	
Parenless	com.badlogic.gdx.math.Polygon#getOriginX	def originX: Float	
Parenless	com.badlogic.gdx.math.Polygon#getOriginY	def originY: Float	
Parenless	com.badlogic.gdx.math.Polygon#getRotation	def rotation: Float	
Parenless	com.badlogic.gdx.math.Polygon#getScaleX	def scaleX: Float	
Parenless	com.badlogic.gdx.math.Polygon#getScaleY	def scaleY: Float	
Parenless	com.badlogic.gdx.math.Polygon#getTransformedVertices	def transformedVertices: Array[Float]	
Parenless	com.badlogic.gdx.math.Polygon#getVertexCount	def vertexCount: Int	
Parenless	com.badlogic.gdx.math.Polygon#getVertices	def vertices: Array[Float]	
Parenless	com.badlogic.gdx.math.Polygon#getX	def x: Float	
Parenless	com.badlogic.gdx.math.Polygon#getY	def y: Float	
Parenless	com.badlogic.gdx.math.Polyline#getBoundingRectangle	def boundingRectangle: Rectangle	
Parenless	com.badlogic.gdx.math.Polyline#getLength	def length: Float	
Parenless	com.badlogic.gdx.math.Polyline#getOriginX	def originX: Float	
Parenless	com.badlogic.gdx.math.Polyline#getOriginY	def originY: Float	
Parenless	com.badlogic.gdx.math.Polyline#getRotation	def rotation: Float	
Parenless	com.badlogic.gdx.math.Polyline#getScaleX	def scaleX: Float	
Parenless	com.badlogic.gdx.math.Polyline#getScaleY	def scaleY: Float	
Parenless	com.badlogic.gdx.math.Polyline#getScaledLength	def scaledLength: Float	
Parenless	com.badlogic.gdx.math.Polyline#getTransformedVertices	def transformedVertices: Array[Float]	
Parenless	com.badlogic.gdx.math.Polyline#getVertices	def vertices: Array[Float]	
Parenless	com.badlogic.gdx.math.Polyline#getX	def x: Float	
Parenless	com.badlogic.gdx.math.Polyline#getY	def y: Float	
Parenless	com.badlogic.gdx.math.Quaternion#getAngle	def angle: Float	
Parenless	com.badlogic.gdx.math.Quaternion#getAngleRad	def angleRad: Float	
Parenless	com.badlogic.gdx.math.Quaternion#getGimbalPole	def gimbalPole: Int	
Parenless	com.badlogic.gdx.math.Quaternion#getPitch	def pitch: Float	
Parenless	com.badlogic.gdx.math.Quaternion#getPitchRad	def pitchRad: Float	
Parenless	com.badlogic.gdx.math.Quaternion#getRoll	def roll: Float	
Parenless	com.badlogic.gdx.math.Quaternion#getRollRad	def rollRad: Float	
Parenless	com.badlogic.gdx.math.Quaternion#getYaw	def yaw: Float	
Parenless	com.badlogic.gdx.math.Quaternion#getYawRad	def yawRad: Float	
Parenless	com.badlogic.gdx.math.Rectangle#getAspectRatio	def aspectRatio: Float	
Parenless	com.badlogic.gdx.math.Rectangle#toString	def toString: String	
Parenless	com.badlogic.gdx.math.Vector#isUnit()	def isUnit: Boolean	
Parenless	com.badlogic.gdx.math.Vector#isZero()	def isZero: Boolean	
Parenless	com.badlogic.gdx.math.Vector#len	def length: Float	
Parenless	com.badlogic.gdx.math.Vector#len2	def lengthSq: Float	
Parenless	com.badlogic.gdx.math.Vector2#isZero()	def isZero: Boolean	
Parenless	com.badlogic.gdx.math.Vector2#toString	def toString: String	
Parenless	com.badlogic.gdx.math.Vector3#isZero()	def isZero: Boolean	
Parenless	com.badlogic.gdx.math.Vector3#toString	def toString: String	
Parenless	com.badlogic.gdx.math.Vector4#isZero()	def isZero: Boolean	
Parenless	com.badlogic.gdx.math.Vector4#toString	def toString: String	
Parenless	com.badlogic.gdx.math.WindowedMean#getHighest	def highest: Float	
Parenless	com.badlogic.gdx.math.WindowedMean#getLatest	def latest: Float	
Parenless	com.badlogic.gdx.math.WindowedMean#getLowest	def lowest: Float	
Parenless	com.badlogic.gdx.math.WindowedMean#getMean	def mean: Float	
Parenless	com.badlogic.gdx.math.WindowedMean#getOldest	def oldest: Float	
Parenless	com.badlogic.gdx.math.WindowedMean#getValueCount	def valueCount: Int	
Parenless	com.badlogic.gdx.math.WindowedMean#getWindowValues	def windowValues: Array[Float]	
Parenless	com.badlogic.gdx.math.collision.BoundingBox#getCenterX	def centerX: Float	
Parenless	com.badlogic.gdx.math.collision.BoundingBox#getCenterY	def centerY: Float	
Parenless	com.badlogic.gdx.math.collision.BoundingBox#getCenterZ	def centerZ: Float	
Parenless	com.badlogic.gdx.math.collision.BoundingBox#getDepth	def depth: Float	
Parenless	com.badlogic.gdx.math.collision.BoundingBox#getHeight	def height: Float	
Parenless	com.badlogic.gdx.math.collision.BoundingBox#getWidth	def width: Float	
Parenless	com.badlogic.gdx.math.collision.OrientedBoundingBox#getBounds	def bounds: BoundingBox	
Parenless	com.badlogic.gdx.math.collision.OrientedBoundingBox#getVertices()	def vertices: Array[Vector3]	
Parenless	com.badlogic.gdx.math.collision.Ray#toString	def toString: String	
Parenless	com.badlogic.gdx.net.NetJavaSocketImpl#getInputStream	def inputStream: InputStream	
Parenless	com.badlogic.gdx.net.NetJavaSocketImpl#getOutputStream	def outputStream: OutputStream	
Parenless	com.badlogic.gdx.net.NetJavaSocketImpl#getRemoteAddress	def remoteAddress: String	
Parenless	com.badlogic.gdx.net.NetJavaSocketImpl#isConnected	def isConnected: Boolean	
Parenless	com.badlogic.gdx.net.ServerSocket#getProtocol	def protocol: Net.Protocol	
Parenless	com.badlogic.gdx.net.Socket#getInputStream	def inputStream: InputStream	
Parenless	com.badlogic.gdx.net.Socket#getOutputStream	def outputStream: OutputStream	
Parenless	com.badlogic.gdx.net.Socket#getRemoteAddress	def remoteAddress: String	
Parenless	com.badlogic.gdx.net.Socket#isConnected	def isConnected: Boolean	
Parenless	com.badlogic.gdx.scenes.scene2d.Action#toString	def toString: String	
Parenless	com.badlogic.gdx.scenes.scene2d.Actor#getActions	def actions: DynamicArray[Action]	
Parenless	com.badlogic.gdx.scenes.scene2d.Actor#getCaptureListeners	def captureListeners: DynamicArray[EventListener]	
Parenless	com.badlogic.gdx.scenes.scene2d.Actor#getHeight	def height: Float	
Parenless	com.badlogic.gdx.scenes.scene2d.Actor#getListeners	def listeners: DynamicArray[EventListener]	
Parenless	com.badlogic.gdx.scenes.scene2d.Actor#getParent	def parent: Nullable[Group]	
Parenless	com.badlogic.gdx.scenes.scene2d.Actor#getRight	def right: Float	
Parenless	com.badlogic.gdx.scenes.scene2d.Actor#getRotation	def rotation: Float	
Parenless	com.badlogic.gdx.scenes.scene2d.Actor#getScaleX	def scaleX: Float	
Parenless	com.badlogic.gdx.scenes.scene2d.Actor#getScaleY	def scaleY: Float	
Parenless	com.badlogic.gdx.scenes.scene2d.Actor#getStage	def stage: Nullable[Stage]	
Parenless	com.badlogic.gdx.scenes.scene2d.Actor#getTop	def top: Float	
Parenless	com.badlogic.gdx.scenes.scene2d.Actor#getWidth	def width: Float	
Parenless	com.badlogic.gdx.scenes.scene2d.Actor#getX()	def x: Float	
Parenless	com.badlogic.gdx.scenes.scene2d.Actor#getY()	def y: Float	
Parenless	com.badlogic.gdx.scenes.scene2d.Actor#getZIndex	def zIndex: Int	
Parenless	com.badlogic.gdx.scenes.scene2d.Actor#hasActions	def hasActions: Boolean	
Parenless	com.badlogic.gdx.scenes.scene2d.Actor#hasKeyboardFocus	def hasKeyboardFocus: Boolean	
Parenless	com.badlogic.gdx.scenes.scene2d.Actor#hasParent	def hasParent: Boolean	
Parenless	com.badlogic.gdx.scenes.scene2d.Actor#hasScrollFocus	def hasScrollFocus: Boolean	
Parenless	com.badlogic.gdx.scenes.scene2d.Actor#isTouchFocusListener	def isTouchFocusListener: Boolean	
Parenless	com.badlogic.gdx.scenes.scene2d.Actor#isTouchFocusTarget	def isTouchFocusTarget: Boolean	
Parenless	com.badlogic.gdx.scenes.scene2d.Actor#isTouchable	def isTouchable: Boolean	
Parenless	com.badlogic.gdx.scenes.scene2d.Actor#toString	def toString: String	
Parenless	com.badlogic.gdx.scenes.scene2d.Event#isCancelled	def isCancelled: Boolean	
Parenless	com.badlogic.gdx.scenes.scene2d.Event#isHandled	def isHandled: Boolean	
Parenless	com.badlogic.gdx.scenes.scene2d.Event#isStopped	def isStopped: Boolean	
Parenless	com.badlogic.gdx.scenes.scene2d.Group#getCullingArea	def cullingArea: Nullable[Rectangle]	
Parenless	com.badlogic.gdx.scenes.scene2d.Group#hasChildren	def hasChildren: Boolean	
Parenless	com.badlogic.gdx.scenes.scene2d.Group#toString()	def toString: String	
Parenless	com.badlogic.gdx.scenes.scene2d.InputEvent#isTouchFocusCancel	def isTouchFocusCancel: Boolean	
Parenless	com.badlogic.gdx.scenes.scene2d.InputEvent#toString	def toString: String	
Parenless	com.badlogic.gdx.scenes.scene2d.Stage#getActionsRequestRendering	def actionsRequestRendering: Boolean	
Parenless	com.badlogic.gdx.scenes.scene2d.Stage#getActors	def actors: DynamicArray[Actor]	
Parenless	com.badlogic.gdx.scenes.scene2d.Stage#getCamera	def camera: Camera	
Parenless	com.badlogic.gdx.scenes.scene2d.Stage#getDebugColor	def debugColor: Color	
Parenless	com.badlogic.gdx.scenes.scene2d.Stage#getHeight	def height: Float	
Parenless	com.badlogic.gdx.scenes.scene2d.Stage#getKeyboardFocus	def keyboardFocus: Nullable[Actor]	
Parenless	com.badlogic.gdx.scenes.scene2d.Stage#getRoot	def root: Group	
Parenless	com.badlogic.gdx.scenes.scene2d.Stage#getScrollFocus	def scrollFocus: Nullable[Actor]	
Parenless	com.badlogic.gdx.scenes.scene2d.Stage#getViewport	def viewport: Viewport	
Parenless	com.badlogic.gdx.scenes.scene2d.Stage#getWidth	def width: Float	
Parenless	com.badlogic.gdx.scenes.scene2d.Stage#isDebugAll	def debugAll: Boolean	
Parenless	com.badlogic.gdx.scenes.scene2d.actions.DelegateAction#toString	def toString: String	
Parenless	com.badlogic.gdx.scenes.scene2d.actions.FloatAction#getEnd	def getEnd: Float	
Parenless	com.badlogic.gdx.scenes.scene2d.actions.IntAction#getEnd	def getEnd: Int	
Parenless	com.badlogic.gdx.scenes.scene2d.actions.ParallelAction#toString	def toString: String	
Parenless	com.badlogic.gdx.scenes.scene2d.ui.Button#getBackgroundDrawable	def backgroundDrawable: Nullable[Drawable]	
Parenless	com.badlogic.gdx.scenes.scene2d.ui.Button#getMinHeight	def minHeight: Float	
Parenless	com.badlogic.gdx.scenes.scene2d.ui.Button#getMinWidth	def minWidth: Float	
Parenless	com.badlogic.gdx.scenes.scene2d.ui.Button#getPrefHeight	def prefHeight: Float	
Parenless	com.badlogic.gdx.scenes.scene2d.ui.Button#getPrefWidth	def prefWidth: Float	
Parenless	com.badlogic.gdx.scenes.scene2d.ui.Button#getStyle	def style: ButtonStyle	
Parenless	com.badlogic.gdx.scenes.scene2d.ui.Button#isChecked	def checked: Boolean	
Parenless	com.badlogic.gdx.scenes.scene2d.ui.Button#isDisabled	def disabled: Boolean	
Parenless	com.badlogic.gdx.scenes.scene2d.ui.Button#isOver	def isOver: Boolean	
Parenless	com.badlogic.gdx.scenes.scene2d.ui.Button#isPressed	def isPressed: Boolean	
Parenless	com.badlogic.gdx.scenes.scene2d.ui.ButtonGroup#getChecked	def checked: Nullable[$0]	
Parenless	com.badlogic.gdx.scenes.scene2d.ui.ButtonGroup#getCheckedIndex	def checkedIndex: Int	
Parenless	com.badlogic.gdx.scenes.scene2d.ui.Cell#getActor	def getActor: Nullable[$0]	
Parenless	com.badlogic.gdx.scenes.scene2d.ui.Cell#getMaxHeight	def getMaxHeight: Float	
Parenless	com.badlogic.gdx.scenes.scene2d.ui.Cell#getMaxWidth	def getMaxWidth: Float	
Parenless	com.badlogic.gdx.scenes.scene2d.ui.Cell#getMinHeight	def getMinHeight: Float	
Parenless	com.badlogic.gdx.scenes.scene2d.ui.Cell#getMinWidth	def getMinWidth: Float	
Parenless	com.badlogic.gdx.scenes.scene2d.ui.Cell#getPadBottom	def getPadBottom: Float	
Parenless	com.badlogic.gdx.scenes.scene2d.ui.Cell#getPadLeft	def getPadLeft: Float	
Parenless	com.badlogic.gdx.scenes.scene2d.ui.Cell#getPadRight	def getPadRight: Float	
Parenless	com.badlogic.gdx.scenes.scene2d.ui.Cell#getPadTop	def getPadTop: Float	
Parenless	com.badlogic.gdx.scenes.scene2d.ui.Cell#getPadX	def getPadX: Float	
Parenless	com.badlogic.gdx.scenes.scene2d.ui.Cell#getPadY	def getPadY: Float	
Parenless	com.badlogic.gdx.scenes.scene2d.ui.Cell#getPrefHeight	def getPrefHeight: Float	
Parenless	com.badlogic.gdx.scenes.scene2d.ui.Cell#getPrefWidth	def getPrefWidth: Float	
Parenless	com.badlogic.gdx.scenes.scene2d.ui.Cell#getSpaceBottom	def getSpaceBottom: Float	
Parenless	com.badlogic.gdx.scenes.scene2d.ui.Cell#getSpaceLeft	def getSpaceLeft: Float	
Parenless	com.badlogic.gdx.scenes.scene2d.ui.Cell#getSpaceRight	def getSpaceRight: Float	
Parenless	com.badlogic.gdx.scenes.scene2d.ui.Cell#getSpaceTop	def getSpaceTop: Float	
Parenless	com.badlogic.gdx.scenes.scene2d.ui.Cell#getTable	def table: Nullable[Table]	
Parenless	com.badlogic.gdx.scenes.scene2d.ui.Cell#hasActor	def hasActor: Boolean	
Parenless	com.badlogic.gdx.scenes.scene2d.ui.Cell#toString	def toString: String	
Parenless	com.badlogic.gdx.scenes.scene2d.ui.CheckBox#getImage	def image: Image	
Parenless	com.badlogic.gdx.scenes.scene2d.ui.CheckBox#getImageCell	def imageCell: Cell[Image]	
Parenless	com.badlogic.gdx.scenes.scene2d.ui.CheckBox#getImageDrawable	def imageDrawable: Nullable[Drawable]	
Parenless	com.badlogic.gdx.scenes.scene2d.ui.CheckBox#getStyle	def style: CheckBoxStyle	
Parenless	com.badlogic.gdx.scenes.scene2d.ui.Container#getActor	def actor: Nullable[$0]	
Parenless	com.badlogic.gdx.scenes.scene2d.ui.Container#getAlign	def align: Align	
Parenless	com.badlogic.gdx.scenes.scene2d.ui.Container#getBackground	def background: Nullable[Drawable]	
Parenless	com.badlogic.gdx.scenes.scene2d.ui.Container#getFillX	def getFillX: Float	
Parenless	com.badlogic.gdx.scenes.scene2d.ui.Container#getFillY	def getFillY: Float	
Parenless	com.badlogic.gdx.scenes.scene2d.ui.Container#getMaxHeight	def maxHeight: Float	
Parenless	com.badlogic.gdx.scenes.scene2d.ui.Container#getMaxHeightValue	def maxHeightValue: Value	
Parenless	com.badlogic.gdx.scenes.scene2d.ui.Container#getMaxWidth	def maxWidth: Float	
Parenless	com.badlogic.gdx.scenes.scene2d.ui.Container#getMaxWidthValue	def maxWidthValue: Value	
Parenless	com.badlogic.gdx.scenes.scene2d.ui.Container#getMinHeight	def minHeight: Float	
Parenless	com.badlogic.gdx.scenes.scene2d.ui.Container#getMinHeightValue	def minHeightValue: Value	
Parenless	com.badlogic.gdx.scenes.scene2d.ui.Container#getMinWidth	def minWidth: Float	
Parenless	com.badlogic.gdx.scenes.scene2d.ui.Container#getPadBottom	def getPadBottom: Float	
Parenless	com.badlogic.gdx.scenes.scene2d.ui.Container#getPadBottomValue	def padBottomValue: Value	
Parenless	com.badlogic.gdx.scenes.scene2d.ui.Container#getPadLeft	def getPadLeft: Float	
Parenless	com.badlogic.gdx.scenes.scene2d.ui.Container#getPadLeftValue	def padLeftValue: Value	
Parenless	com.badlogic.gdx.scenes.scene2d.ui.Container#getPadRight	def getPadRight: Float	
Parenless	com.badlogic.gdx.scenes.scene2d.ui.Container#getPadRightValue	def padRightValue: Value	
Parenless	com.badlogic.gdx.scenes.scene2d.ui.Container#getPadTop	def getPadTop: Float	
Parenless	com.badlogic.gdx.scenes.scene2d.ui.Container#getPadTopValue	def padTopValue: Value	
Parenless	com.badlogic.gdx.scenes.scene2d.ui.Container#getPadX	def padX: Float	
Parenless	com.badlogic.gdx.scenes.scene2d.ui.Container#getPadY	def padY: Float	
Parenless	com.badlogic.gdx.scenes.scene2d.ui.Container#getPrefHeight	def prefHeight: Float	
Parenless	com.badlogic.gdx.scenes.scene2d.ui.Container#getPrefHeightValue	def prefHeightValue: Value	
Parenless	com.badlogic.gdx.scenes.scene2d.ui.Container#getPrefWidth	def prefWidth: Float	
Parenless	com.badlogic.gdx.scenes.scene2d.ui.Container#getPrefWidthValue	def prefWidthValue: Value	
Parenless	com.badlogic.gdx.scenes.scene2d.ui.HorizontalGroup#getAlign	def align: Align	
Parenless	com.badlogic.gdx.scenes.scene2d.ui.HorizontalGroup#getFill	def getFill: Float	
Parenless	com.badlogic.gdx.scenes.scene2d.ui.HorizontalGroup#getPadBottom	def getPadBottom: Float	
Parenless	com.badlogic.gdx.scenes.scene2d.ui.HorizontalGroup#getPadLeft	def getPadLeft: Float	
Parenless	com.badlogic.gdx.scenes.scene2d.ui.HorizontalGroup#getPadRight	def getPadRight: Float	
Parenless	com.badlogic.gdx.scenes.scene2d.ui.HorizontalGroup#getPadTop	def getPadTop: Float	
Parenless	com.badlogic.gdx.scenes.scene2d.ui.HorizontalGroup#getPrefHeight	def prefHeight: Float	
Parenless	com.badlogic.gdx.scenes.scene2d.ui.HorizontalGroup#getPrefWidth	def prefWidth: Float	
Parenless	com.badlogic.gdx.scenes.scene2d.ui.HorizontalGroup#getRows	def getRows: Int	
Parenless	com.badlogic.gdx.scenes.scene2d.ui.HorizontalGroup#getSpace	def space: Float	
Parenless	com.badlogic.gdx.scenes.scene2d.ui.HorizontalGroup#getWrapSpace	def wrapSpace: Float	
Parenless	com.badlogic.gdx.scenes.scene2d.ui.Image#getDrawable	def drawable: Nullable[Drawable]	
Parenless	com.badlogic.gdx.scenes.scene2d.ui.Image#getMinHeight	def minHeight: Float	
Parenless	com.badlogic.gdx.scenes.scene2d.ui.Image#getMinWidth	def minWidth: Float	
Parenless	com.badlogic.gdx.scenes.scene2d.ui.Image#getPrefHeight	def prefHeight: Float	
Parenless	com.badlogic.gdx.scenes.scene2d.ui.Image#getPrefWidth	def prefWidth: Float	
Parenless	com.badlogic.gdx.scenes.scene2d.ui.Image#toString	def toString: String	
Parenless	com.badlogic.gdx.scenes.scene2d.ui.ImageButton#getImage	def image: Image	
Parenless	com.badlogic.gdx.scenes.scene2d.ui.ImageButton#getImageCell	def imageCell: Nullable[Cell[Image]]	
Parenless	com.badlogic.gdx.scenes.scene2d.ui.ImageButton#getImageDrawable	def imageDrawable: Nullable[Drawable]	
Parenless	com.badlogic.gdx.scenes.scene2d.ui.ImageButton#getStyle	def style: ImageButtonStyle	
Parenless	com.badlogic.gdx.scenes.scene2d.ui.ImageButton#toString	def toString: String	
Parenless	com.badlogic.gdx.scenes.scene2d.ui.ImageTextButton#getFontColor	def fontColor: Nullable[Color]	
Parenless	com.badlogic.gdx.scenes.scene2d.ui.ImageTextButton#getImage	def image: Image	
Parenless	com.badlogic.gdx.scenes.scene2d.ui.ImageTextButton#getImageCell	def imageCell: Nullable[Cell[Image]]	
Parenless	com.badlogic.gdx.scenes.scene2d.ui.ImageTextButton#getImageDrawable	def imageDrawable: Nullable[Drawable]	
Parenless	com.badlogic.gdx.scenes.scene2d.ui.ImageTextButton#getLabel	def label: Label	
Parenless	com.badlogic.gdx.scenes.scene2d.ui.ImageTextButton#getLabelCell	def labelCell: Nullable[Cell[Label]]	
Parenless	com.badlogic.gdx.scenes.scene2d.ui.ImageTextButton#getStyle	def style: ImageTextButtonStyle	
Parenless	com.badlogic.gdx.scenes.scene2d.ui.ImageTextButton#getText	def text: DynamicArray[Char]	
Parenless	com.badlogic.gdx.scenes.scene2d.ui.ImageTextButton#toString	def toString: String	
Parenless	com.badlogic.gdx.scenes.scene2d.ui.Label#getBitmapFontCache	def bitmapFontCache: BitmapFontCache	
Parenless	com.badlogic.gdx.scenes.scene2d.ui.Label#getFontScaleX	def fontScaleX: Float	
Parenless	com.badlogic.gdx.scenes.scene2d.ui.Label#getFontScaleY	def fontScaleY: Float	
Parenless	com.badlogic.gdx.scenes.scene2d.ui.Label#getLabelAlign	def labelAlign: Align	
Parenless	com.badlogic.gdx.scenes.scene2d.ui.Label#getLineAlign	def lineAlign: Align	
Parenless	com.badlogic.gdx.scenes.scene2d.ui.Label#getPrefHeight	def prefHeight: Float	
Parenless	com.badlogic.gdx.scenes.scene2d.ui.Label#getPrefWidth	def prefWidth: Float	
Parenless	com.badlogic.gdx.scenes.scene2d.ui.Label#getStyle	def style: Label.LabelStyle	
Parenless	com.badlogic.gdx.scenes.scene2d.ui.Label#getText	def text: DynamicArray[Char]	
Parenless	com.badlogic.gdx.scenes.scene2d.ui.Label#getWrap	def wrap: Boolean	
Parenless	com.badlogic.gdx.scenes.scene2d.ui.Label#toString	def toString: String	
Parenless	com.badlogic.gdx.scenes.scene2d.ui.List#getAlignment	def alignment: Align	
Parenless	com.badlogic.gdx.scenes.scene2d.ui.List#getCullingArea	def cullingArea: Nullable[Rectangle]	
Parenless	com.badlogic.gdx.scenes.scene2d.ui.List#getKeyListener	def keyListener: InputListener	
Parenless	com.badlogic.gdx.scenes.scene2d.ui.List#getOverItem	def overItem: Nullable[$0]	
Parenless	com.badlogic.gdx.scenes.scene2d.ui.List#getPrefHeight	def prefHeight: Float	
Parenless	com.badlogic.gdx.scenes.scene2d.ui.List#getPrefWidth	def prefWidth: Float	
Parenless	com.badlogic.gdx.scenes.scene2d.ui.List#getPressedItem	def pressedItem: Nullable[$0]	
Parenless	com.badlogic.gdx.scenes.scene2d.ui.List#getSelected	def selected: Nullable[$0]	
Parenless	com.badlogic.gdx.scenes.scene2d.ui.List#getSelectedIndex	def selectedIndex: Int	
Parenless	com.badlogic.gdx.scenes.scene2d.ui.List#getStyle	def style: ListStyle	
Parenless	com.badlogic.gdx.scenes.scene2d.ui.ProgressBar#getBackgroundDrawable	def backgroundDrawable: Nullable[Drawable]	
Parenless	com.badlogic.gdx.scenes.scene2d.ui.ProgressBar#getKnobAfterDrawable	def knobAfterDrawable: Nullable[Drawable]	
Parenless	com.badlogic.gdx.scenes.scene2d.ui.ProgressBar#getKnobBeforeDrawable	def knobBeforeDrawable: Nullable[Drawable]	
Parenless	com.badlogic.gdx.scenes.scene2d.ui.ProgressBar#getKnobDrawable	def knobDrawable: Nullable[Drawable]	
Parenless	com.badlogic.gdx.scenes.scene2d.ui.ProgressBar#getPercent	def percent: Float	
Parenless	com.badlogic.gdx.scenes.scene2d.ui.ProgressBar#getPrefHeight	def prefHeight: Float	
Parenless	com.badlogic.gdx.scenes.scene2d.ui.ProgressBar#getPrefWidth	def prefWidth: Float	
Parenless	com.badlogic.gdx.scenes.scene2d.ui.ProgressBar#getStyle	def style: ProgressBarStyle	
Parenless	com.badlogic.gdx.scenes.scene2d.ui.ProgressBar#getValue	def value: Float	
Parenless	com.badlogic.gdx.scenes.scene2d.ui.ProgressBar#getVisualPercent	def visualPercent: Float	
Parenless	com.badlogic.gdx.scenes.scene2d.ui.ProgressBar#getVisualValue	def visualValue: Float	
Parenless	com.badlogic.gdx.scenes.scene2d.ui.ProgressBar#isAnimating	def animating: Boolean	
Parenless	com.badlogic.gdx.scenes.scene2d.ui.ProgressBar#isDisabled	def disabled: Boolean	
Parenless	com.badlogic.gdx.scenes.scene2d.ui.ScrollPane#getActor	def getActor: Nullable[Actor]	
Parenless	com.badlogic.gdx.scenes.scene2d.ui.ScrollPane#getFadeScrollBars	def fadeScrollBars: Boolean	
Parenless	com.badlogic.gdx.scenes.scene2d.ui.ScrollPane#getMinHeight	def minHeight: Float	
Parenless	com.badlogic.gdx.scenes.scene2d.ui.ScrollPane#getMinWidth	def minWidth: Float	
Parenless	com.badlogic.gdx.scenes.scene2d.ui.ScrollPane#getMouseWheelX	def mouseWheelX: Float	
Parenless	com.badlogic.gdx.scenes.scene2d.ui.ScrollPane#getMouseWheelY	def mouseWheelY: Float	
Parenless	com.badlogic.gdx.scenes.scene2d.ui.ScrollPane#getOverscrollDistance	def overscrollDistance: Float	
Parenless	com.badlogic.gdx.scenes.scene2d.ui.ScrollPane#getPrefHeight	def prefHeight: Float	
Parenless	com.badlogic.gdx.scenes.scene2d.ui.ScrollPane#getPrefWidth	def prefWidth: Float	
Parenless	com.badlogic.gdx.scenes.scene2d.ui.ScrollPane#getScrollBarHeight	def scrollBarHeight: Float	
Parenless	com.badlogic.gdx.scenes.scene2d.ui.ScrollPane#getScrollBarWidth	def scrollBarWidth: Float	
Parenless	com.badlogic.gdx.scenes.scene2d.ui.ScrollPane#getScrollHeight	def scrollHeight: Float	
Parenless	com.badlogic.gdx.scenes.scene2d.ui.ScrollPane#getScrollPercentX	def scrollPercentX: Float	
Parenless	com.badlogic.gdx.scenes.scene2d.ui.ScrollPane#getScrollPercentY	def scrollPercentY: Float	
Parenless	com.badlogic.gdx.scenes.scene2d.ui.ScrollPane#getScrollWidth	def scrollWidth: Float	
Parenless	com.badlogic.gdx.scenes.scene2d.ui.ScrollPane#getScrollX	def scrollX: Float	
Parenless	com.badlogic.gdx.scenes.scene2d.ui.ScrollPane#getScrollY	def scrollY: Float	
Parenless	com.badlogic.gdx.scenes.scene2d.ui.ScrollPane#getStyle	def style: ScrollPaneStyle	
Parenless	com.badlogic.gdx.scenes.scene2d.ui.ScrollPane#getVariableSizeKnobs	def variableSizeKnobs: Boolean	
Parenless	com.badlogic.gdx.scenes.scene2d.ui.ScrollPane#getVisualScrollPercentX	def visualScrollPercentX: Float	
Parenless	com.badlogic.gdx.scenes.scene2d.ui.ScrollPane#getVisualScrollPercentY	def visualScrollPercentY: Float	
Parenless	com.badlogic.gdx.scenes.scene2d.ui.ScrollPane#getVisualScrollX	def visualScrollX: Float	
Parenless	com.badlogic.gdx.scenes.scene2d.ui.ScrollPane#getVisualScrollY	def visualScrollY: Float	
Parenless	com.badlogic.gdx.scenes.scene2d.ui.ScrollPane#isBottomEdge	def isBottomEdge: Boolean	
Parenless	com.badlogic.gdx.scenes.scene2d.ui.ScrollPane#isDragging	def isDragging: Boolean	
Parenless	com.badlogic.gdx.scenes.scene2d.ui.ScrollPane#isFlinging	def isFlinging: Boolean	
Parenless	com.badlogic.gdx.scenes.scene2d.ui.ScrollPane#isForceScrollX	def isForceScrollX: Boolean	
Parenless	com.badlogic.gdx.scenes.scene2d.ui.ScrollPane#isForceScrollY	def isForceScrollY: Boolean	
Parenless	com.badlogic.gdx.scenes.scene2d.ui.ScrollPane#isLeftEdge	def isLeftEdge: Boolean	
Parenless	com.badlogic.gdx.scenes.scene2d.ui.ScrollPane#isPanning	def isPanning: Boolean	
Parenless	com.badlogic.gdx.scenes.scene2d.ui.ScrollPane#isRightEdge	def isRightEdge: Boolean	
Parenless	com.badlogic.gdx.scenes.scene2d.ui.ScrollPane#isScrollX	def isScrollX: Boolean	
Parenless	com.badlogic.gdx.scenes.scene2d.ui.ScrollPane#isScrollY	def isScrollY: Boolean	
Parenless	com.badlogic.gdx.scenes.scene2d.ui.ScrollPane#isScrollingDisabledX	def isScrollingDisabledX: Boolean	
Parenless	com.badlogic.gdx.scenes.scene2d.ui.ScrollPane#isScrollingDisabledY	def isScrollingDisabledY: Boolean	
Parenless	com.badlogic.gdx.scenes.scene2d.ui.ScrollPane#isTopEdge	def isTopEdge: Boolean	
Parenless	com.badlogic.gdx.scenes.scene2d.ui.SelectBox#getBackgroundDrawable	def backgroundDrawable: Nullable[Drawable]	
Parenless	com.badlogic.gdx.scenes.scene2d.ui.SelectBox#getClickListener	def clickListener: ClickListener	
Parenless	com.badlogic.gdx.scenes.scene2d.ui.SelectBox#getFontColor	def fontColor: Color	
Parenless	com.badlogic.gdx.scenes.scene2d.ui.SelectBox#getList	def list: SgeList[$0]	
Parenless	com.badlogic.gdx.scenes.scene2d.ui.SelectBox#getMaxListCount	def maxListCount: Int	
Parenless	com.badlogic.gdx.scenes.scene2d.ui.SelectBox#getMaxSelectedPrefWidth	def maxSelectedPrefWidth: Float	
Parenless	com.badlogic.gdx.scenes.scene2d.ui.SelectBox#getPrefHeight	def prefHeight: Float	
Parenless	com.badlogic.gdx.scenes.scene2d.ui.SelectBox#getPrefWidth	def prefWidth: Float	
Parenless	com.badlogic.gdx.scenes.scene2d.ui.SelectBox#getSelected	def selected: Nullable[$0]	
Parenless	com.badlogic.gdx.scenes.scene2d.ui.SelectBox#getSelectedIndex	def selectedIndex: Int	
Parenless	com.badlogic.gdx.scenes.scene2d.ui.SelectBox#getStyle	def style: SelectBoxStyle	
Parenless	com.badlogic.gdx.scenes.scene2d.ui.SelectBox#isDisabled	def disabled: Boolean	
Parenless	com.badlogic.gdx.scenes.scene2d.ui.SelectBox#isOver	def isOver: Boolean	
Parenless	com.badlogic.gdx.scenes.scene2d.ui.Skin#getAtlas	def atlas: Nullable[TextureAtlas]	
Parenless	com.badlogic.gdx.scenes.scene2d.ui.Skin#getJsonClassTags	def getJsonClassTags: mutable.Map[String, Class[?]]	
Parenless	com.badlogic.gdx.scenes.scene2d.ui.Slider#getBackgroundDrawable	def backgroundDrawable: Nullable[Drawable]	
Parenless	com.badlogic.gdx.scenes.scene2d.ui.Slider#getKnobAfterDrawable	def knobAfterDrawable: Nullable[Drawable]	
Parenless	com.badlogic.gdx.scenes.scene2d.ui.Slider#getKnobBeforeDrawable	def knobBeforeDrawable: Nullable[Drawable]	
Parenless	com.badlogic.gdx.scenes.scene2d.ui.Slider#getKnobDrawable	def knobDrawable: Nullable[Drawable]	
Parenless	com.badlogic.gdx.scenes.scene2d.ui.Slider#getSnapToValues	def snapToValues: Nullable[Array[Float]]	
Parenless	com.badlogic.gdx.scenes.scene2d.ui.Slider#getSnapToValuesThreshold	def snapToValuesThreshold: Float	
Parenless	com.badlogic.gdx.scenes.scene2d.ui.Slider#isDragging	def isDragging: Boolean	
Parenless	com.badlogic.gdx.scenes.scene2d.ui.Slider#isOver	def over: Boolean	
Parenless	com.badlogic.gdx.scenes.scene2d.ui.SplitPane#getMinHeight	def minHeight: Float	
Parenless	com.badlogic.gdx.scenes.scene2d.ui.SplitPane#getMinWidth	def minWidth: Float	
Parenless	com.badlogic.gdx.scenes.scene2d.ui.SplitPane#getPrefHeight	def prefHeight: Float	
Parenless	com.badlogic.gdx.scenes.scene2d.ui.SplitPane#getPrefWidth	def prefWidth: Float	
Parenless	com.badlogic.gdx.scenes.scene2d.ui.SplitPane#getStyle	def style: SplitPaneStyle	
Parenless	com.badlogic.gdx.scenes.scene2d.ui.SplitPane#isCursorOverHandle	def isCursorOverHandle: Boolean	
Parenless	com.badlogic.gdx.scenes.scene2d.ui.Stack#getMaxHeight	def maxHeight: Float	
Parenless	com.badlogic.gdx.scenes.scene2d.ui.Stack#getMaxWidth	def maxWidth: Float	
Parenless	com.badlogic.gdx.scenes.scene2d.ui.Stack#getMinHeight	def minHeight: Float	
Parenless	com.badlogic.gdx.scenes.scene2d.ui.Stack#getMinWidth	def minWidth: Float	
Parenless	com.badlogic.gdx.scenes.scene2d.ui.Stack#getPrefHeight	def prefHeight: Float	
Parenless	com.badlogic.gdx.scenes.scene2d.ui.Stack#getPrefWidth	def prefWidth: Float	
Parenless	com.badlogic.gdx.scenes.scene2d.ui.Styleable#getStyle	def style: $0	
Parenless	com.badlogic.gdx.scenes.scene2d.ui.Table#getAlign	def align: Align	
Parenless	com.badlogic.gdx.scenes.scene2d.ui.Table#getCells	def getCells: DynamicArray[Cell[?]]	
Parenless	com.badlogic.gdx.scenes.scene2d.ui.Table#getColumns	def getColumns: Int	
Parenless	com.badlogic.gdx.scenes.scene2d.ui.Table#getMinHeight	def minHeight: Float	
Parenless	com.badlogic.gdx.scenes.scene2d.ui.Table#getMinWidth	def minWidth: Float	
Parenless	com.badlogic.gdx.scenes.scene2d.ui.Table#getPadBottom	def getPadBottom: Float	
Parenless	com.badlogic.gdx.scenes.scene2d.ui.Table#getPadBottomValue	def padBottomValue: Value	
Parenless	com.badlogic.gdx.scenes.scene2d.ui.Table#getPadLeft	def getPadLeft: Float	
Parenless	com.badlogic.gdx.scenes.scene2d.ui.Table#getPadLeftValue	def padLeftValue: Value	
Parenless	com.badlogic.gdx.scenes.scene2d.ui.Table#getPadRight	def getPadRight: Float	
Parenless	com.badlogic.gdx.scenes.scene2d.ui.Table#getPadRightValue	def padRightValue: Value	
Parenless	com.badlogic.gdx.scenes.scene2d.ui.Table#getPadTop	def getPadTop: Float	
Parenless	com.badlogic.gdx.scenes.scene2d.ui.Table#getPadTopValue	def padTopValue: Value	
Parenless	com.badlogic.gdx.scenes.scene2d.ui.Table#getPadX	def getPadX: Float	
Parenless	com.badlogic.gdx.scenes.scene2d.ui.Table#getPadY	def getPadY: Float	
Parenless	com.badlogic.gdx.scenes.scene2d.ui.Table#getPrefHeight	def prefHeight: Float	
Parenless	com.badlogic.gdx.scenes.scene2d.ui.Table#getPrefWidth	def prefWidth: Float	
Parenless	com.badlogic.gdx.scenes.scene2d.ui.Table#getRows	def getRows: Int	
Parenless	com.badlogic.gdx.scenes.scene2d.ui.Table#getSkin	def getSkin: Nullable[Skin]	
Parenless	com.badlogic.gdx.scenes.scene2d.ui.TextArea#getCursorX	def cursorX: Float	
Parenless	com.badlogic.gdx.scenes.scene2d.ui.TextArea#getCursorY	def cursorY: Float	
Parenless	com.badlogic.gdx.scenes.scene2d.ui.TextArea#getLines	def lines: Int	
Parenless	com.badlogic.gdx.scenes.scene2d.ui.TextArea#getPrefHeight	def prefHeight: Float	
Parenless	com.badlogic.gdx.scenes.scene2d.ui.TextButton#getFontColor	def fontColor: Nullable[Color]	
Parenless	com.badlogic.gdx.scenes.scene2d.ui.TextButton#getLabel	def label: Label	
Parenless	com.badlogic.gdx.scenes.scene2d.ui.TextButton#getLabelCell	def labelCell: Nullable[Cell[Label]]	
Parenless	com.badlogic.gdx.scenes.scene2d.ui.TextButton#getStyle	def style: TextButtonStyle	
Parenless	com.badlogic.gdx.scenes.scene2d.ui.TextButton#getText	def text: DynamicArray[Char]	
Parenless	com.badlogic.gdx.scenes.scene2d.ui.TextButton#toString	def toString: String	
Parenless	com.badlogic.gdx.scenes.scene2d.ui.TextField#getAlignment	def alignment: Align	
Parenless	com.badlogic.gdx.scenes.scene2d.ui.TextField#getBackgroundDrawable	def backgroundDrawable: Nullable[Drawable]	
Parenless	com.badlogic.gdx.scenes.scene2d.ui.TextField#getCursorPosition	def cursorPosition: Int	
Parenless	com.badlogic.gdx.scenes.scene2d.ui.TextField#getDefaultInputListener	def defaultInputListener: InputListener	
Parenless	com.badlogic.gdx.scenes.scene2d.ui.TextField#getFocusTraversal	def getFocusTraversal: Boolean	
Parenless	com.badlogic.gdx.scenes.scene2d.ui.TextField#getMaxLength	def getMaxLength: Int	
Parenless	com.badlogic.gdx.scenes.scene2d.ui.TextField#getMessageText	def messageText: Nullable[String]	
Parenless	com.badlogic.gdx.scenes.scene2d.ui.TextField#getOnscreenKeyboard	def onscreenKeyboard: OnscreenKeyboard	
Parenless	com.badlogic.gdx.scenes.scene2d.ui.TextField#getPrefHeight	def prefHeight: Float	
Parenless	com.badlogic.gdx.scenes.scene2d.ui.TextField#getPrefWidth	def prefWidth: Float	
Parenless	com.badlogic.gdx.scenes.scene2d.ui.TextField#getProgrammaticChangeEvents	def getProgrammaticChangeEvents: Boolean	
Parenless	com.badlogic.gdx.scenes.scene2d.ui.TextField#getSelection	def selection: String	
Parenless	com.badlogic.gdx.scenes.scene2d.ui.TextField#getSelectionStart	def getSelectionStart: Int	
Parenless	com.badlogic.gdx.scenes.scene2d.ui.TextField#getStyle	def style: TextField.TextFieldStyle	
Parenless	com.badlogic.gdx.scenes.scene2d.ui.TextField#getText	def text: String	
Parenless	com.badlogic.gdx.scenes.scene2d.ui.TextField#getTextFieldFilter	def textFieldFilter: Nullable[TextFieldFilter]	
Parenless	com.badlogic.gdx.scenes.scene2d.ui.TextField#isDisabled	def disabled: Boolean	
Parenless	com.badlogic.gdx.scenes.scene2d.ui.TextField#isPasswordMode	def isPasswordMode: Boolean	
Parenless	com.badlogic.gdx.scenes.scene2d.ui.TextTooltip#getStyle	def style: TextTooltip.TextTooltipStyle	
Parenless	com.badlogic.gdx.scenes.scene2d.ui.Touchpad#getKnobPercentX	def knobPercentX: Float	
Parenless	com.badlogic.gdx.scenes.scene2d.ui.Touchpad#getKnobPercentY	def knobPercentY: Float	
Parenless	com.badlogic.gdx.scenes.scene2d.ui.Touchpad#getKnobX	def knobX: Float	
Parenless	com.badlogic.gdx.scenes.scene2d.ui.Touchpad#getKnobY	def knobY: Float	
Parenless	com.badlogic.gdx.scenes.scene2d.ui.Touchpad#getPrefHeight	def prefHeight: Float	
Parenless	com.badlogic.gdx.scenes.scene2d.ui.Touchpad#getPrefWidth	def prefWidth: Float	
Parenless	com.badlogic.gdx.scenes.scene2d.ui.Touchpad#getStyle	def style: TouchpadStyle	
Parenless	com.badlogic.gdx.scenes.scene2d.ui.Tree#getClickListener	def clickListener: ClickListener	
Parenless	com.badlogic.gdx.scenes.scene2d.ui.Tree#getOverNode	def overNode: Nullable[$0]	
Parenless	com.badlogic.gdx.scenes.scene2d.ui.Tree#getOverValue	def overValue: Nullable[$1]	
Parenless	com.badlogic.gdx.scenes.scene2d.ui.Tree#getPrefHeight	def prefHeight: Float	
Parenless	com.badlogic.gdx.scenes.scene2d.ui.Tree#getPrefWidth	def prefWidth: Float	
Parenless	com.badlogic.gdx.scenes.scene2d.ui.Tree#getSelectedNode	def selectedNode: Nullable[$0]	
Parenless	com.badlogic.gdx.scenes.scene2d.ui.Tree#getSelectedValue	def selectedValue: Nullable[$1]	
Parenless	com.badlogic.gdx.scenes.scene2d.ui.Tree#getStyle	def style: Tree.TreeStyle	
Parenless	com.badlogic.gdx.scenes.scene2d.ui.Tree$Node#getHeight	def getHeight: Float	
Parenless	com.badlogic.gdx.scenes.scene2d.ui.Tree$Node#getLevel	def level: Int	
Parenless	com.badlogic.gdx.scenes.scene2d.ui.Tree$Node#getTree	def tree: Nullable[Tree[? <: Node[?,  ?,  ?], ?]]	
Parenless	com.badlogic.gdx.scenes.scene2d.ui.Tree$Node#hasChildren	def hasChildren: Boolean	
Parenless	com.badlogic.gdx.scenes.scene2d.ui.Tree$Node#isSelectable	def isSelectable: Boolean	
Parenless	com.badlogic.gdx.scenes.scene2d.ui.Value$Fixed#toString	def toString: String	
Parenless	com.badlogic.gdx.scenes.scene2d.ui.VerticalGroup#getAlign	def align: Align	
Parenless	com.badlogic.gdx.scenes.scene2d.ui.VerticalGroup#getColumns	def columns: Int	
Parenless	com.badlogic.gdx.scenes.scene2d.ui.VerticalGroup#getFill	def getFill: Float	
Parenless	com.badlogic.gdx.scenes.scene2d.ui.VerticalGroup#getPadBottom	def getPadBottom: Float	
Parenless	com.badlogic.gdx.scenes.scene2d.ui.VerticalGroup#getPadLeft	def getPadLeft: Float	
Parenless	com.badlogic.gdx.scenes.scene2d.ui.VerticalGroup#getPadRight	def getPadRight: Float	
Parenless	com.badlogic.gdx.scenes.scene2d.ui.VerticalGroup#getPadTop	def getPadTop: Float	
Parenless	com.badlogic.gdx.scenes.scene2d.ui.VerticalGroup#getPrefHeight	def prefHeight: Float	
Parenless	com.badlogic.gdx.scenes.scene2d.ui.VerticalGroup#getPrefWidth	def prefWidth: Float	
Parenless	com.badlogic.gdx.scenes.scene2d.ui.VerticalGroup#getSpace	def space: Float	
Parenless	com.badlogic.gdx.scenes.scene2d.ui.VerticalGroup#getWrapSpace	def wrapSpace: Float	
Parenless	com.badlogic.gdx.scenes.scene2d.ui.Widget#getMaxHeight	def maxHeight: Float	
Parenless	com.badlogic.gdx.scenes.scene2d.ui.Widget#getMaxWidth	def maxWidth: Float	
Parenless	com.badlogic.gdx.scenes.scene2d.ui.Widget#getMinHeight	def minHeight: Float	
Parenless	com.badlogic.gdx.scenes.scene2d.ui.Widget#getMinWidth	def minWidth: Float	
Parenless	com.badlogic.gdx.scenes.scene2d.ui.Widget#getPrefHeight	def prefHeight: Float	
Parenless	com.badlogic.gdx.scenes.scene2d.ui.Widget#getPrefWidth	def prefWidth: Float	
Parenless	com.badlogic.gdx.scenes.scene2d.ui.Widget#needsLayout	def needsLayout: Boolean	
Parenless	com.badlogic.gdx.scenes.scene2d.ui.WidgetGroup#getMaxHeight	def maxHeight: Float	
Parenless	com.badlogic.gdx.scenes.scene2d.ui.WidgetGroup#getMaxWidth	def maxWidth: Float	
Parenless	com.badlogic.gdx.scenes.scene2d.ui.WidgetGroup#getMinHeight	def minHeight: Float	
Parenless	com.badlogic.gdx.scenes.scene2d.ui.WidgetGroup#getMinWidth	def minWidth: Float	
Parenless	com.badlogic.gdx.scenes.scene2d.ui.WidgetGroup#getPrefHeight	def prefHeight: Float	
Parenless	com.badlogic.gdx.scenes.scene2d.ui.WidgetGroup#getPrefWidth	def prefWidth: Float	
Parenless	com.badlogic.gdx.scenes.scene2d.ui.WidgetGroup#needsLayout	def needsLayout: Boolean	
Parenless	com.badlogic.gdx.scenes.scene2d.ui.Window#getPrefWidth	def prefWidth: Float	
Parenless	com.badlogic.gdx.scenes.scene2d.ui.Window#getStyle	def style: WindowStyle	
Parenless	com.badlogic.gdx.scenes.scene2d.ui.Window#isDragging	def isDragging: Boolean	
Parenless	com.badlogic.gdx.scenes.scene2d.utils.ActorGestureListener#getGestureDetector	def gestureDetector: GestureDetector	
Parenless	com.badlogic.gdx.scenes.scene2d.utils.ActorGestureListener#getTouchDownTarget	def touchDownTarget: Nullable[Actor]	
Parenless	com.badlogic.gdx.scenes.scene2d.utils.ArraySelection#getRangeSelect	def rangeSelect: Boolean	
Parenless	com.badlogic.gdx.scenes.scene2d.utils.BaseDrawable#toString	def toString: String	
Parenless	com.badlogic.gdx.scenes.scene2d.utils.ClickListener#getPressedButton	def pressedButton: Button	
Parenless	com.badlogic.gdx.scenes.scene2d.utils.ClickListener#getPressedPointer	def pressedPointer: Int	
Parenless	com.badlogic.gdx.scenes.scene2d.utils.ClickListener#getTouchDownX	def touchDownX: Float	
Parenless	com.badlogic.gdx.scenes.scene2d.utils.ClickListener#getTouchDownY	def touchDownY: Float	
Parenless	com.badlogic.gdx.scenes.scene2d.utils.ClickListener#isOver()	def over: Boolean	
Parenless	com.badlogic.gdx.scenes.scene2d.utils.ClickListener#isPressed	def pressed: Boolean	
Parenless	com.badlogic.gdx.scenes.scene2d.utils.ClickListener#isVisualPressed	def isVisualPressed: Boolean	
Parenless	com.badlogic.gdx.scenes.scene2d.utils.Disableable#isDisabled	def disabled: Boolean	
Parenless	com.badlogic.gdx.scenes.scene2d.utils.DragAndDrop#isDragValid	def isDragValid: Boolean	
Parenless	com.badlogic.gdx.scenes.scene2d.utils.DragAndDrop#isDragging	def dragging: Boolean	
Parenless	com.badlogic.gdx.scenes.scene2d.utils.DragListener#getDeltaX	def deltaX: Float	
Parenless	com.badlogic.gdx.scenes.scene2d.utils.DragListener#getDeltaY	def deltaY: Float	
Parenless	com.badlogic.gdx.scenes.scene2d.utils.DragListener#getDragDistance	def dragDistance: Float	
Parenless	com.badlogic.gdx.scenes.scene2d.utils.DragListener#getDragX	def dragX: Float	
Parenless	com.badlogic.gdx.scenes.scene2d.utils.DragListener#getDragY	def dragY: Float	
Parenless	com.badlogic.gdx.scenes.scene2d.utils.DragListener#getStageTouchDownX	def stageTouchDownX: Float	
Parenless	com.badlogic.gdx.scenes.scene2d.utils.DragListener#getStageTouchDownY	def stageTouchDownY: Float	
Parenless	com.badlogic.gdx.scenes.scene2d.utils.DragListener#getTouchDownX	def touchDownX: Float	
Parenless	com.badlogic.gdx.scenes.scene2d.utils.DragListener#getTouchDownY	def touchDownY: Float	
Parenless	com.badlogic.gdx.scenes.scene2d.utils.DragListener#isDragging	def dragging: Boolean	
Parenless	com.badlogic.gdx.scenes.scene2d.utils.DragScrollListener#getScrollPixels	def scrollPixels: Float	
Parenless	com.badlogic.gdx.scenes.scene2d.utils.Drawable#getBottomHeight	def bottomHeight: Float	
Parenless	com.badlogic.gdx.scenes.scene2d.utils.Drawable#getLeftWidth	def leftWidth: Float	
Parenless	com.badlogic.gdx.scenes.scene2d.utils.Drawable#getMinHeight	def minHeight: Float	
Parenless	com.badlogic.gdx.scenes.scene2d.utils.Drawable#getMinWidth	def minWidth: Float	
Parenless	com.badlogic.gdx.scenes.scene2d.utils.Drawable#getRightWidth	def rightWidth: Float	
Parenless	com.badlogic.gdx.scenes.scene2d.utils.Drawable#getTopHeight	def topHeight: Float	
Parenless	com.badlogic.gdx.scenes.scene2d.utils.Layout#getMaxHeight	def maxHeight: Float	
Parenless	com.badlogic.gdx.scenes.scene2d.utils.Layout#getMaxWidth	def maxWidth: Float	
Parenless	com.badlogic.gdx.scenes.scene2d.utils.Layout#getMinHeight	def minHeight: Float	
Parenless	com.badlogic.gdx.scenes.scene2d.utils.Layout#getMinWidth	def minWidth: Float	
Parenless	com.badlogic.gdx.scenes.scene2d.utils.Layout#getPrefHeight	def prefHeight: Float	
Parenless	com.badlogic.gdx.scenes.scene2d.utils.Layout#getPrefWidth	def prefWidth: Float	
Parenless	com.badlogic.gdx.scenes.scene2d.utils.NinePatchDrawable#getPatch	def patch: NinePatch	
Parenless	com.badlogic.gdx.scenes.scene2d.utils.Selection#first	def first: Nullable[$0]	
Parenless	com.badlogic.gdx.scenes.scene2d.utils.Selection#getLastSelected	def lastSelected: Nullable[$0]	
Parenless	com.badlogic.gdx.scenes.scene2d.utils.Selection#isDisabled	def disabled: Boolean	
Parenless	com.badlogic.gdx.scenes.scene2d.utils.Selection#isEmpty	def isEmpty: Boolean	
Parenless	com.badlogic.gdx.scenes.scene2d.utils.Selection#items	def items: LinkedHashSet[$0]	
Parenless	com.badlogic.gdx.scenes.scene2d.utils.Selection#iterator	def iterator: Iterator[$0]	
Parenless	com.badlogic.gdx.scenes.scene2d.utils.Selection#notEmpty	def notEmpty: Boolean	
Parenless	com.badlogic.gdx.scenes.scene2d.utils.Selection#size	def size: Int	
Parenless	com.badlogic.gdx.scenes.scene2d.utils.Selection#toArray()	def toArray: DynamicArray[$0]	
Parenless	com.badlogic.gdx.scenes.scene2d.utils.Selection#toString	def toString: String	
Parenless	com.badlogic.gdx.scenes.scene2d.utils.SpriteDrawable#getSprite	def sprite: Sprite	
Parenless	com.badlogic.gdx.scenes.scene2d.utils.TextureRegionDrawable#getRegion	def region: TextureRegion	
Parenless	com.badlogic.gdx.scenes.scene2d.utils.TiledDrawable#getColor	def color: Color	
Parenless	com.badlogic.gdx.utils.BinaryHeap#isEmpty	def isEmpty: Boolean	
Parenless	com.badlogic.gdx.utils.BinaryHeap#toString	def toString: String	
Parenless	com.badlogic.gdx.utils.BinaryHeap$Node#toString	def toString: String	
Parenless	com.badlogic.gdx.utils.Clipboard#getContents	def contents: Nullable[String]	
Parenless	com.badlogic.gdx.utils.Clipboard#hasContents	def hasContents: Boolean	
Parenless	com.badlogic.gdx.utils.DataBuffer#getBuffer	def buffer: Array[Byte]	
Parenless	com.badlogic.gdx.utils.PerformanceCounter#toString()	def toString: String	
Parenless	com.badlogic.gdx.utils.Pool#getFree	def free: Int	
Parenless	com.badlogic.gdx.utils.StreamUtils$OptimizedByteArrayOutputStream#getBuffer	def buffer: Array[Byte]	
Parenless	com.badlogic.gdx.utils.StreamUtils$OptimizedByteArrayOutputStream#toByteArray	def toByteArray: Array[Byte]	
Parenless	com.badlogic.gdx.utils.Timer#isEmpty	def isEmpty: Boolean	
Parenless	com.badlogic.gdx.utils.Timer$Task#isScheduled	def isScheduled: Boolean	
Parenless	com.badlogic.gdx.utils.XmlReader$Element#getChildCount	def childCount: Int	
Parenless	com.badlogic.gdx.utils.viewport.Viewport#getBottomGutterHeight	def bottomGutterHeight: Pixels	
Parenless	com.badlogic.gdx.utils.viewport.Viewport#getLeftGutterWidth	def leftGutterWidth: Pixels	
Parenless	com.badlogic.gdx.utils.viewport.Viewport#getRightGutterWidth	def rightGutterWidth: Pixels	
Parenless	com.badlogic.gdx.utils.viewport.Viewport#getRightGutterX	def rightGutterX: Pixels	
Parenless	com.badlogic.gdx.utils.viewport.Viewport#getTopGutterHeight	def topGutterHeight: Pixels	
Parenless	com.badlogic.gdx.utils.viewport.Viewport#getTopGutterY	def topGutterY: Pixels	
Property	com.badlogic.gdx.Application#getApplicationListener	var applicationListener	applicationListener
Property	com.badlogic.gdx.Application#getAudio	var audio	audio
Property	com.badlogic.gdx.Application#getClipboard	var clipboard	clipboard
Property	com.badlogic.gdx.Application#getFiles	var files	files
Property	com.badlogic.gdx.Application#getGraphics	var graphics	graphics
Property	com.badlogic.gdx.Application#getInput	var input	input
Property	com.badlogic.gdx.Application#getJavaHeap	var javaHeap	javaHeap
Property	com.badlogic.gdx.Application#getNativeHeap	var nativeHeap	nativeHeap
Property	com.badlogic.gdx.Application#getNet	var net	net
Property	com.badlogic.gdx.Application#getVersion	var version	version
Property	com.badlogic.gdx.Audio#getAvailableOutputDevices	var availableOutputDevices	availableOutputDevices
Property	com.badlogic.gdx.Files#getExternalStoragePath	var externalStoragePath	externalStoragePath
Property	com.badlogic.gdx.Files#getLocalStoragePath	var localStoragePath	localStoragePath
Property	com.badlogic.gdx.Game#getScreen	var screen	screen
Property	com.badlogic.gdx.Graphics#getBackBufferHeight	var backBufferHeight	backBufferHeight
Property	com.badlogic.gdx.Graphics#getBackBufferScale	var backBufferScale	backBufferScale
Property	com.badlogic.gdx.Graphics#getBackBufferWidth	var backBufferWidth	backBufferWidth
Property	com.badlogic.gdx.Graphics#getBufferFormat	var bufferFormat	bufferFormat
Property	com.badlogic.gdx.Graphics#getDeltaTime	var deltaTime	deltaTime
Property	com.badlogic.gdx.Graphics#getDensity	var density	density
Property	com.badlogic.gdx.Graphics#getDisplayMode()	var displayMode	displayMode
Property	com.badlogic.gdx.Graphics#getDisplayModes()	var displayModes	displayModes
Property	com.badlogic.gdx.Graphics#getFrameId	var frameId	frameId
Property	com.badlogic.gdx.Graphics#getFramesPerSecond	var framesPerSecond	framesPerSecond
Property	com.badlogic.gdx.Graphics#getGL20	def gl20	gl20
Property	com.badlogic.gdx.Graphics#getGL30	def gl30	gl30
Property	com.badlogic.gdx.Graphics#getGL31	def gl31	gl31
Property	com.badlogic.gdx.Graphics#getGL32	def gl32	gl32
Property	com.badlogic.gdx.Graphics#getGLVersion	def glVersion	glVersion
Property	com.badlogic.gdx.Graphics#getHeight	var height	height
Property	com.badlogic.gdx.Graphics#getMonitor	var monitor	monitor
Property	com.badlogic.gdx.Graphics#getMonitors	var monitors	monitors
Property	com.badlogic.gdx.Graphics#getPpcX	var ppcX	ppcX
Property	com.badlogic.gdx.Graphics#getPpcY	var ppcY	ppcY
Property	com.badlogic.gdx.Graphics#getPpiX	var ppiX	ppiX
Property	com.badlogic.gdx.Graphics#getPpiY	var ppiY	ppiY
Property	com.badlogic.gdx.Graphics#getPrimaryMonitor	var primaryMonitor	primaryMonitor
Property	com.badlogic.gdx.Graphics#getSafeInsetBottom	var safeInsetBottom	safeInsetBottom
Property	com.badlogic.gdx.Graphics#getSafeInsetLeft	var safeInsetLeft	safeInsetLeft
Property	com.badlogic.gdx.Graphics#getSafeInsetRight	var safeInsetRight	safeInsetRight
Property	com.badlogic.gdx.Graphics#getSafeInsetTop	var safeInsetTop	safeInsetTop
Property	com.badlogic.gdx.Graphics#getWidth	var width	width
Property	com.badlogic.gdx.Graphics#isContinuousRendering	var continuousRendering	continuousRendering
Property	com.badlogic.gdx.Graphics#isFullscreen	var fullscreen	fullscreen
Property	com.badlogic.gdx.Graphics#isGL30Available	def gl30Available	gl30Available
Property	com.badlogic.gdx.Graphics#isGL31Available	def gl31Available	gl31Available
Property	com.badlogic.gdx.Graphics#isGL32Available	def gl32Available	gl32Available
Property	com.badlogic.gdx.Input#getAccelerometerX	var accelerometerX	accelerometerX
Property	com.badlogic.gdx.Input#getAccelerometerY	var accelerometerY	accelerometerY
Property	com.badlogic.gdx.Input#getAccelerometerZ	var accelerometerZ	accelerometerZ
Property	com.badlogic.gdx.Input#getAzimuth	var azimuth	azimuth
Property	com.badlogic.gdx.Input#getCurrentEventTime	var currentEventTime	currentEventTime
Property	com.badlogic.gdx.Input#getDeltaX()	var deltaX	deltaX
Property	com.badlogic.gdx.Input#getDeltaY()	var deltaY	deltaY
Property	com.badlogic.gdx.Input#getGyroscopeX	var gyroscopeX	gyroscopeX
Property	com.badlogic.gdx.Input#getGyroscopeY	var gyroscopeY	gyroscopeY
Property	com.badlogic.gdx.Input#getGyroscopeZ	var gyroscopeZ	gyroscopeZ
Property	com.badlogic.gdx.Input#getInputProcessor	var inputProcessor	inputProcessor
Property	com.badlogic.gdx.Input#getMaxPointers	var maxPointers	maxPointers
Property	com.badlogic.gdx.Input#getNativeOrientation	var nativeOrientation	nativeOrientation
Property	com.badlogic.gdx.Input#getPitch	var pitch	pitch
Property	com.badlogic.gdx.Input#getPressure()	var pressure	pressure
Property	com.badlogic.gdx.Input#getRoll	var roll	roll
Property	com.badlogic.gdx.Input#getRotation	var rotation	rotation
Property	com.badlogic.gdx.Input#getX()	var x	x
Property	com.badlogic.gdx.Input#getY()	var y	y
Property	com.badlogic.gdx.Input#isCursorCatched	var cursorCatched	cursorCatched
Property	com.badlogic.gdx.Input#isTextInputFieldOpened	var textInputFieldOpened	textInputFieldOpened
Property	com.badlogic.gdx.Input#isTouched()	var touched	touched
Property	com.badlogic.gdx.InputEventQueue#getCurrentEventTime	var currentEventTime	currentEventTime
Property	com.badlogic.gdx.InputMultiplexer#getProcessors	var processors	processors
Property	com.badlogic.gdx.Net$HttpResponse#getHeaders	var headers	headers
Property	com.badlogic.gdx.Net$HttpResponse#getResult	var result	result
Property	com.badlogic.gdx.Net$HttpResponse#getResultAsStream	var resultAsStream	resultAsStream
Property	com.badlogic.gdx.Net$HttpResponse#getResultAsString	var resultAsString	resultAsString
Property	com.badlogic.gdx.Net$HttpResponse#getStatus	var status	status
Property	com.badlogic.gdx.assets.AssetManager#getAssetNames	var assetNames	assetNames
Property	com.badlogic.gdx.assets.AssetManager#getDiagnostics	var diagnostics	diagnostics
Property	com.badlogic.gdx.assets.AssetManager#getLoadedAssets	var loadedAssets	loadedAssets
Property	com.badlogic.gdx.assets.AssetManager#getLogger	var logger	logger
Property	com.badlogic.gdx.assets.AssetManager#getProgress	var progress	progress
Property	com.badlogic.gdx.assets.AssetManager#getQueuedAssets	var queuedAssets	queuedAssets
Property	com.badlogic.gdx.assets.loaders.MusicLoader#getLoadedMusic	var loadedMusic	loadedMusic
Property	com.badlogic.gdx.assets.loaders.SoundLoader#getLoadedSound	var loadedSound	loadedSound
Property	com.badlogic.gdx.audio.AudioDevice#getLatency	var latency	latency
Property	com.badlogic.gdx.audio.Music#getPosition	var position	position
Property	com.badlogic.gdx.audio.Music#getVolume	var volume	volume
Property	com.badlogic.gdx.audio.Music#isLooping	var looping	looping
Property	com.badlogic.gdx.audio.Music#isPlaying	var playing	playing
Property	com.badlogic.gdx.graphics.Colors#getColors	var colors	colors
Property	com.badlogic.gdx.graphics.Cubemap#getCubemapData	var cubemapData	cubemapData
Property	com.badlogic.gdx.graphics.Cubemap#getDepth	var depth	depth
Property	com.badlogic.gdx.graphics.Cubemap#getHeight	var height	height
Property	com.badlogic.gdx.graphics.Cubemap#getManagedStatus	var managedStatus	managedStatus
Property	com.badlogic.gdx.graphics.Cubemap#getWidth	var width	width
Property	com.badlogic.gdx.graphics.Cubemap#isManaged	var managed	managed
Property	com.badlogic.gdx.graphics.Cubemap$CubemapSide#getGLEnum	def glEnum	glEnum
Property	com.badlogic.gdx.graphics.CubemapData#getHeight	var height	height
Property	com.badlogic.gdx.graphics.CubemapData#getWidth	var width	width
Property	com.badlogic.gdx.graphics.GLTexture#getAnisotropicFilter	var anisotropicFilter	anisotropicFilter
Property	com.badlogic.gdx.graphics.GLTexture#getDepth	var depth	depth
Property	com.badlogic.gdx.graphics.GLTexture#getHeight	var height	height
Property	com.badlogic.gdx.graphics.GLTexture#getMagFilter	var magFilter	magFilter
Property	com.badlogic.gdx.graphics.GLTexture#getMinFilter	var minFilter	minFilter
Property	com.badlogic.gdx.graphics.GLTexture#getTextureObjectHandle	var textureObjectHandle	textureObjectHandle
Property	com.badlogic.gdx.graphics.GLTexture#getUWrap	var uWrap	uWrap
Property	com.badlogic.gdx.graphics.GLTexture#getVWrap	var vWrap	vWrap
Property	com.badlogic.gdx.graphics.GLTexture#getWidth	var width	width
Property	com.badlogic.gdx.graphics.GLTexture#isManaged	var managed	managed
Property	com.badlogic.gdx.graphics.Mesh#getIndexData	var indexData	indexData
Property	com.badlogic.gdx.graphics.Mesh#getInstancedAttributes	var instancedAttributes	instancedAttributes
Property	com.badlogic.gdx.graphics.Mesh#getManagedStatus	var managedStatus	managedStatus
Property	com.badlogic.gdx.graphics.Mesh#getMaxIndices	var maxIndices	maxIndices
Property	com.badlogic.gdx.graphics.Mesh#getMaxVertices	var maxVertices	maxVertices
Property	com.badlogic.gdx.graphics.Mesh#getNumIndices	var numIndices	numIndices
Property	com.badlogic.gdx.graphics.Mesh#getNumVertices	var numVertices	numVertices
Property	com.badlogic.gdx.graphics.Mesh#getVertexAttributes	var vertexAttributes	vertexAttributes
Property	com.badlogic.gdx.graphics.Mesh#getVertexSize	var vertexSize	vertexSize
Property	com.badlogic.gdx.graphics.Pixmap#getBlending	var blending	blending
Property	com.badlogic.gdx.graphics.Pixmap#getFilter	var filter	filter
Property	com.badlogic.gdx.graphics.Pixmap#getFormat	var format	format
Property	com.badlogic.gdx.graphics.Pixmap#getGLFormat	var gLFormat	gLFormat
Property	com.badlogic.gdx.graphics.Pixmap#getGLInternalFormat	var gLInternalFormat	gLInternalFormat
Property	com.badlogic.gdx.graphics.Pixmap#getGLType	def glType	glType
Property	com.badlogic.gdx.graphics.Pixmap#getHeight	var height	height
Property	com.badlogic.gdx.graphics.Pixmap#getPixels	var pixels	pixels
Property	com.badlogic.gdx.graphics.Pixmap#getWidth	var width	width
Property	com.badlogic.gdx.graphics.Texture#getDepth	var depth	depth
Property	com.badlogic.gdx.graphics.Texture#getHeight	var height	height
Property	com.badlogic.gdx.graphics.Texture#getManagedStatus	var managedStatus	managedStatus
Property	com.badlogic.gdx.graphics.Texture#getTextureData	var textureData	textureData
Property	com.badlogic.gdx.graphics.Texture#getWidth	var width	width
Property	com.badlogic.gdx.graphics.Texture#isManaged	var managed	managed
Property	com.badlogic.gdx.graphics.Texture$TextureFilter#getGLEnum	def glEnum	glEnum
Property	com.badlogic.gdx.graphics.Texture$TextureWrap#getGLEnum	def glEnum	glEnum
Property	com.badlogic.gdx.graphics.Texture3D#getData	var data	data
Property	com.badlogic.gdx.graphics.Texture3D#getDepth	var depth	depth
Property	com.badlogic.gdx.graphics.Texture3D#getHeight	var height	height
Property	com.badlogic.gdx.graphics.Texture3D#getManagedStatus	var managedStatus	managedStatus
Property	com.badlogic.gdx.graphics.Texture3D#getWidth	var width	width
Property	com.badlogic.gdx.graphics.Texture3D#isManaged	var managed	managed
Property	com.badlogic.gdx.graphics.Texture3DData#getDepth	var depth	depth
Property	com.badlogic.gdx.graphics.Texture3DData#getGLType	def glType	glType
Property	com.badlogic.gdx.graphics.Texture3DData#getHeight	var height	height
Property	com.badlogic.gdx.graphics.Texture3DData#getInternalFormat	var internalFormat	internalFormat
Property	com.badlogic.gdx.graphics.Texture3DData#getWidth	var width	width
Property	com.badlogic.gdx.graphics.TextureArray#getDepth	var depth	depth
Property	com.badlogic.gdx.graphics.TextureArray#getHeight	var height	height
Property	com.badlogic.gdx.graphics.TextureArray#getManagedStatus	var managedStatus	managedStatus
Property	com.badlogic.gdx.graphics.TextureArray#getWidth	var width	width
Property	com.badlogic.gdx.graphics.TextureArray#isManaged	var managed	managed
Property	com.badlogic.gdx.graphics.TextureArrayData#getDepth	var depth	depth
Property	com.badlogic.gdx.graphics.TextureArrayData#getGLType	def glType	glType
Property	com.badlogic.gdx.graphics.TextureArrayData#getHeight	var height	height
Property	com.badlogic.gdx.graphics.TextureArrayData#getInternalFormat	var internalFormat	internalFormat
Property	com.badlogic.gdx.graphics.TextureArrayData#getWidth	var width	width
Property	com.badlogic.gdx.graphics.TextureData#getHeight	var height	height
Property	com.badlogic.gdx.graphics.TextureData#getWidth	var width	width
Property	com.badlogic.gdx.graphics.VertexAttribute#getKey	var key	key
Property	com.badlogic.gdx.graphics.VertexAttribute#getSizeInBytes	var sizeInBytes	sizeInBytes
Property	com.badlogic.gdx.graphics.VertexAttributes#getBoneWeights	var boneWeights	boneWeights
Property	com.badlogic.gdx.graphics.VertexAttributes#getMask	var mask	mask
Property	com.badlogic.gdx.graphics.VertexAttributes#getMaskWithSizePacked	var maskWithSizePacked	maskWithSizePacked
Property	com.badlogic.gdx.graphics.VertexAttributes#getTextureCoordinates	var textureCoordinates	textureCoordinates
Property	com.badlogic.gdx.graphics.g2d.Animation#getAnimationDuration	var animationDuration	animationDuration
Property	com.badlogic.gdx.graphics.g2d.Animation#getFrameDuration	var frameDuration	frameDuration
Property	com.badlogic.gdx.graphics.g2d.Animation#getKeyFrames	var keyFrames	keyFrames
Property	com.badlogic.gdx.graphics.g2d.Animation#getPlayMode	var playMode	playMode
Property	com.badlogic.gdx.graphics.g2d.Batch#getBlendDstFunc	var blendDstFunc	blendDstFunc
Property	com.badlogic.gdx.graphics.g2d.Batch#getBlendDstFuncAlpha	var blendDstFuncAlpha	blendDstFuncAlpha
Property	com.badlogic.gdx.graphics.g2d.Batch#getBlendSrcFunc	var blendSrcFunc	blendSrcFunc
Property	com.badlogic.gdx.graphics.g2d.Batch#getBlendSrcFuncAlpha	var blendSrcFuncAlpha	blendSrcFuncAlpha
Property	com.badlogic.gdx.graphics.g2d.Batch#getColor	var color	color
Property	com.badlogic.gdx.graphics.g2d.Batch#getPackedColor	var packedColor	packedColor
Property	com.badlogic.gdx.graphics.g2d.Batch#getProjectionMatrix	var projectionMatrix	projectionMatrix
Property	com.badlogic.gdx.graphics.g2d.Batch#getShader	var shader	shader
Property	com.badlogic.gdx.graphics.g2d.Batch#getTransformMatrix	var transformMatrix	transformMatrix
Property	com.badlogic.gdx.graphics.g2d.Batch#isBlendingEnabled	var blendingEnabled	blendingEnabled
Property	com.badlogic.gdx.graphics.g2d.Batch#isDrawing	var drawing	drawing
Property	com.badlogic.gdx.graphics.g2d.BitmapFont#getAscent	var ascent	ascent
Property	com.badlogic.gdx.graphics.g2d.BitmapFont#getCache	var cache	cache
Property	com.badlogic.gdx.graphics.g2d.BitmapFont#getCapHeight	var capHeight	capHeight
Property	com.badlogic.gdx.graphics.g2d.BitmapFont#getColor	var color	color
Property	com.badlogic.gdx.graphics.g2d.BitmapFont#getData	var data	data
Property	com.badlogic.gdx.graphics.g2d.BitmapFont#getDescent	var descent	descent
Property	com.badlogic.gdx.graphics.g2d.BitmapFont#getLineHeight	var lineHeight	lineHeight
Property	com.badlogic.gdx.graphics.g2d.BitmapFont#getRegion()	var region	region
Property	com.badlogic.gdx.graphics.g2d.BitmapFont#getRegions	var regions	regions
Property	com.badlogic.gdx.graphics.g2d.BitmapFont#getScaleX	var scaleX	scaleX
Property	com.badlogic.gdx.graphics.g2d.BitmapFont#getScaleY	var scaleY	scaleY
Property	com.badlogic.gdx.graphics.g2d.BitmapFont#getSpaceXadvance	var spaceXadvance	spaceXadvance
Property	com.badlogic.gdx.graphics.g2d.BitmapFont#getXHeight	var xHeight	xHeight
Property	com.badlogic.gdx.graphics.g2d.BitmapFont#isFlipped	var flipped	flipped
Property	com.badlogic.gdx.graphics.g2d.BitmapFont$BitmapFontData#getFirstGlyph	var firstGlyph	firstGlyph
Property	com.badlogic.gdx.graphics.g2d.BitmapFont$BitmapFontData#getFontFile	var fontFile	fontFile
Property	com.badlogic.gdx.graphics.g2d.BitmapFont$BitmapFontData#getImagePaths	var imagePaths	imagePaths
Property	com.badlogic.gdx.graphics.g2d.BitmapFontCache#getColor	var color	color
Property	com.badlogic.gdx.graphics.g2d.BitmapFontCache#getFont	var font	font
Property	com.badlogic.gdx.graphics.g2d.BitmapFontCache#getLayouts	var layouts	layouts
Property	com.badlogic.gdx.graphics.g2d.BitmapFontCache#getPageCount	var pageCount	pageCount
Property	com.badlogic.gdx.graphics.g2d.BitmapFontCache#getVertices()	var vertices	vertices
Property	com.badlogic.gdx.graphics.g2d.BitmapFontCache#getX	var x	x
Property	com.badlogic.gdx.graphics.g2d.BitmapFontCache#getY	var y	y
Property	com.badlogic.gdx.graphics.g2d.CpuSpriteBatch#getTransformMatrix	var transformMatrix	transformMatrix
Property	com.badlogic.gdx.graphics.g2d.DistanceFieldFont#getDistanceFieldSmoothing	var distanceFieldSmoothing	distanceFieldSmoothing
Property	com.badlogic.gdx.graphics.g2d.Gdx2DPixmap#getFormat	var format	format
Property	com.badlogic.gdx.graphics.g2d.Gdx2DPixmap#getFormatString()	var formatString	formatString
Property	com.badlogic.gdx.graphics.g2d.Gdx2DPixmap#getGLFormat	def glFormat	glFormat
Property	com.badlogic.gdx.graphics.g2d.Gdx2DPixmap#getGLInternalFormat	def glInternalFormat	glInternalFormat
Property	com.badlogic.gdx.graphics.g2d.Gdx2DPixmap#getGLType	def glType	glType
Property	com.badlogic.gdx.graphics.g2d.Gdx2DPixmap#getHeight	var height	height
Property	com.badlogic.gdx.graphics.g2d.Gdx2DPixmap#getPixels	var pixels	pixels
Property	com.badlogic.gdx.graphics.g2d.Gdx2DPixmap#getWidth	var width	width
Property	com.badlogic.gdx.graphics.g2d.NinePatch#getBottomHeight	var bottomHeight	bottomHeight
Property	com.badlogic.gdx.graphics.g2d.NinePatch#getColor	var color	color
Property	com.badlogic.gdx.graphics.g2d.NinePatch#getLeftWidth	var leftWidth	leftWidth
Property	com.badlogic.gdx.graphics.g2d.NinePatch#getMiddleHeight	var middleHeight	middleHeight
Property	com.badlogic.gdx.graphics.g2d.NinePatch#getMiddleWidth	var middleWidth	middleWidth
Property	com.badlogic.gdx.graphics.g2d.NinePatch#getPadBottom	var padBottom	padBottom
Property	com.badlogic.gdx.graphics.g2d.NinePatch#getPadLeft	var padLeft	padLeft
Property	com.badlogic.gdx.graphics.g2d.NinePatch#getPadRight	var padRight	padRight
Property	com.badlogic.gdx.graphics.g2d.NinePatch#getPadTop	var padTop	padTop
Property	com.badlogic.gdx.graphics.g2d.NinePatch#getRightWidth	var rightWidth	rightWidth
Property	com.badlogic.gdx.graphics.g2d.NinePatch#getTexture	var texture	texture
Property	com.badlogic.gdx.graphics.g2d.NinePatch#getTopHeight	var topHeight	topHeight
Property	com.badlogic.gdx.graphics.g2d.NinePatch#getTotalHeight	var totalHeight	totalHeight
Property	com.badlogic.gdx.graphics.g2d.NinePatch#getTotalWidth	var totalWidth	totalWidth
Property	com.badlogic.gdx.graphics.g2d.ParticleEffect#getBoundingBox	var boundingBox	boundingBox
Property	com.badlogic.gdx.graphics.g2d.ParticleEffect#getEmitters	var emitters	emitters
Property	com.badlogic.gdx.graphics.g2d.ParticleEmitter#getActiveCount	var activeCount	activeCount
Property	com.badlogic.gdx.graphics.g2d.ParticleEmitter#getAllowCompletion	var allowCompletion	allowCompletion
Property	com.badlogic.gdx.graphics.g2d.ParticleEmitter#getAngle	var angle	angle
Property	com.badlogic.gdx.graphics.g2d.ParticleEmitter#getBoundingBox	var boundingBox	boundingBox
Property	com.badlogic.gdx.graphics.g2d.ParticleEmitter#getDuration	var duration	duration
Property	com.badlogic.gdx.graphics.g2d.ParticleEmitter#getGravity	var gravity	gravity
Property	com.badlogic.gdx.graphics.g2d.ParticleEmitter#getImagePaths	var imagePaths	imagePaths
Property	com.badlogic.gdx.graphics.g2d.ParticleEmitter#getMaxParticleCount	var maxParticleCount	maxParticleCount
Property	com.badlogic.gdx.graphics.g2d.ParticleEmitter#getMinParticleCount	var minParticleCount	minParticleCount
Property	com.badlogic.gdx.graphics.g2d.ParticleEmitter#getMotionValues	var motionValues	motionValues
Property	com.badlogic.gdx.graphics.g2d.ParticleEmitter#getName	var name	name
Property	com.badlogic.gdx.graphics.g2d.ParticleEmitter#getParticles	var particles	particles
Property	com.badlogic.gdx.graphics.g2d.ParticleEmitter#getPercentComplete	var percentComplete	percentComplete
Property	com.badlogic.gdx.graphics.g2d.ParticleEmitter#getRotation	var rotation	rotation
Property	com.badlogic.gdx.graphics.g2d.ParticleEmitter#getSpawnShape	var spawnShape	spawnShape
Property	com.badlogic.gdx.graphics.g2d.ParticleEmitter#getSpriteMode	var spriteMode	spriteMode
Property	com.badlogic.gdx.graphics.g2d.ParticleEmitter#getSprites	var sprites	sprites
Property	com.badlogic.gdx.graphics.g2d.ParticleEmitter#getTint	var tint	tint
Property	com.badlogic.gdx.graphics.g2d.ParticleEmitter#getTransparency	var transparency	transparency
Property	com.badlogic.gdx.graphics.g2d.ParticleEmitter#getVelocity	var velocity	velocity
Property	com.badlogic.gdx.graphics.g2d.ParticleEmitter#getWind	var wind	wind
Property	com.badlogic.gdx.graphics.g2d.ParticleEmitter#getX	var x	x
Property	com.badlogic.gdx.graphics.g2d.ParticleEmitter#getXScale	var xScale	xScale
Property	com.badlogic.gdx.graphics.g2d.ParticleEmitter#getXSizeValues	var xSizeValues	xSizeValues
Property	com.badlogic.gdx.graphics.g2d.ParticleEmitter#getY	var y	y
Property	com.badlogic.gdx.graphics.g2d.ParticleEmitter#getYScale	var yScale	yScale
Property	com.badlogic.gdx.graphics.g2d.ParticleEmitter#getYSizeValues	var ySizeValues	ySizeValues
Property	com.badlogic.gdx.graphics.g2d.ParticleEmitter#isAdditive	var additive	additive
Property	com.badlogic.gdx.graphics.g2d.ParticleEmitter#isAligned	var aligned	aligned
Property	com.badlogic.gdx.graphics.g2d.ParticleEmitter#isAttached	var attached	attached
Property	com.badlogic.gdx.graphics.g2d.ParticleEmitter#isBehind	var behind	behind
Property	com.badlogic.gdx.graphics.g2d.ParticleEmitter#isContinuous	var continuous	continuous
Property	com.badlogic.gdx.graphics.g2d.ParticleEmitter#isPremultipliedAlpha	var premultipliedAlpha	premultipliedAlpha
Property	com.badlogic.gdx.graphics.g2d.ParticleEmitter$GradientColorValue#getColors	var colors	colors
Property	com.badlogic.gdx.graphics.g2d.ParticleEmitter$GradientColorValue#getTimeline	var timeline	timeline
Property	com.badlogic.gdx.graphics.g2d.ParticleEmitter$IndependentScaledNumericValue#isIndependent	var independent	independent
Property	com.badlogic.gdx.graphics.g2d.ParticleEmitter$NumericValue#getValue	var value	value
Property	com.badlogic.gdx.graphics.g2d.ParticleEmitter$ParticleValue#isAlwaysActive	var alwaysActive	alwaysActive
Property	com.badlogic.gdx.graphics.g2d.ParticleEmitter$RangedNumericValue#getLowMax	var lowMax	lowMax
Property	com.badlogic.gdx.graphics.g2d.ParticleEmitter$RangedNumericValue#getLowMin	var lowMin	lowMin
Property	com.badlogic.gdx.graphics.g2d.ParticleEmitter$ScaledNumericValue#getHighMax	var highMax	highMax
Property	com.badlogic.gdx.graphics.g2d.ParticleEmitter$ScaledNumericValue#getHighMin	var highMin	highMin
Property	com.badlogic.gdx.graphics.g2d.ParticleEmitter$ScaledNumericValue#getScaling	var scaling	scaling
Property	com.badlogic.gdx.graphics.g2d.ParticleEmitter$ScaledNumericValue#getTimeline	var timeline	timeline
Property	com.badlogic.gdx.graphics.g2d.ParticleEmitter$ScaledNumericValue#isRelative	var relative	relative
Property	com.badlogic.gdx.graphics.g2d.ParticleEmitter$SpawnShapeValue#getShape	var shape	shape
Property	com.badlogic.gdx.graphics.g2d.ParticleEmitter$SpawnShapeValue#getSide	var side	side
Property	com.badlogic.gdx.graphics.g2d.ParticleEmitter$SpawnShapeValue#isEdges	var edges	edges
Property	com.badlogic.gdx.graphics.g2d.PixmapPacker#getDuplicateBorder	var duplicateBorder	duplicateBorder
Property	com.badlogic.gdx.graphics.g2d.PixmapPacker#getPackToTexture	var packToTexture	packToTexture
Property	com.badlogic.gdx.graphics.g2d.PixmapPacker#getPadding	var padding	padding
Property	com.badlogic.gdx.graphics.g2d.PixmapPacker#getPageFormat	var pageFormat	pageFormat
Property	com.badlogic.gdx.graphics.g2d.PixmapPacker#getPageHeight	var pageHeight	pageHeight
Property	com.badlogic.gdx.graphics.g2d.PixmapPacker#getPageWidth	var pageWidth	pageWidth
Property	com.badlogic.gdx.graphics.g2d.PixmapPacker#getPages	var pages	pages
Property	com.badlogic.gdx.graphics.g2d.PixmapPacker#getTransparentColor	var transparentColor	transparentColor
Property	com.badlogic.gdx.graphics.g2d.PixmapPacker$Page#getRects	var rects	rects
Property	com.badlogic.gdx.graphics.g2d.PixmapPacker$Page#getTexture	var texture	texture
Property	com.badlogic.gdx.graphics.g2d.PixmapPacker$PixmapPackerRectangle#getHeight	var height	height
Property	com.badlogic.gdx.graphics.g2d.PixmapPacker$PixmapPackerRectangle#getWidth	var width	width
Property	com.badlogic.gdx.graphics.g2d.PixmapPacker$PixmapPackerRectangle#getX	var x	x
Property	com.badlogic.gdx.graphics.g2d.PixmapPacker$PixmapPackerRectangle#getY	var y	y
Property	com.badlogic.gdx.graphics.g2d.PixmapPackerIO$ImageFormat#getExtension	var extension	extension
Property	com.badlogic.gdx.graphics.g2d.PolygonRegion#getRegion	var region	region
Property	com.badlogic.gdx.graphics.g2d.PolygonRegion#getTextureCoords	var textureCoords	textureCoords
Property	com.badlogic.gdx.graphics.g2d.PolygonRegion#getTriangles	var triangles	triangles
Property	com.badlogic.gdx.graphics.g2d.PolygonRegion#getVertices	var vertices	vertices
Property	com.badlogic.gdx.graphics.g2d.PolygonSprite#getBoundingRectangle	var boundingRectangle	boundingRectangle
Property	com.badlogic.gdx.graphics.g2d.PolygonSprite#getColor	var color	color
Property	com.badlogic.gdx.graphics.g2d.PolygonSprite#getHeight	var height	height
Property	com.badlogic.gdx.graphics.g2d.PolygonSprite#getOriginX	var originX	originX
Property	com.badlogic.gdx.graphics.g2d.PolygonSprite#getOriginY	var originY	originY
Property	com.badlogic.gdx.graphics.g2d.PolygonSprite#getPackedColor	var packedColor	packedColor
Property	com.badlogic.gdx.graphics.g2d.PolygonSprite#getRegion	var region	region
Property	com.badlogic.gdx.graphics.g2d.PolygonSprite#getRotation	var rotation	rotation
Property	com.badlogic.gdx.graphics.g2d.PolygonSprite#getScaleX	var scaleX	scaleX
Property	com.badlogic.gdx.graphics.g2d.PolygonSprite#getScaleY	var scaleY	scaleY
Property	com.badlogic.gdx.graphics.g2d.PolygonSprite#getVertices	var vertices	vertices
Property	com.badlogic.gdx.graphics.g2d.PolygonSprite#getWidth	var width	width
Property	com.badlogic.gdx.graphics.g2d.PolygonSprite#getX	var x	x
Property	com.badlogic.gdx.graphics.g2d.PolygonSprite#getY	var y	y
Property	com.badlogic.gdx.graphics.g2d.PolygonSpriteBatch#getBlendDstFunc	var blendDstFunc	blendDstFunc
Property	com.badlogic.gdx.graphics.g2d.PolygonSpriteBatch#getBlendDstFuncAlpha	var blendDstFuncAlpha	blendDstFuncAlpha
Property	com.badlogic.gdx.graphics.g2d.PolygonSpriteBatch#getBlendSrcFunc	var blendSrcFunc	blendSrcFunc
Property	com.badlogic.gdx.graphics.g2d.PolygonSpriteBatch#getBlendSrcFuncAlpha	var blendSrcFuncAlpha	blendSrcFuncAlpha
Property	com.badlogic.gdx.graphics.g2d.PolygonSpriteBatch#getColor	var color	color
Property	com.badlogic.gdx.graphics.g2d.PolygonSpriteBatch#getPackedColor	var packedColor	packedColor
Property	com.badlogic.gdx.graphics.g2d.PolygonSpriteBatch#getProjectionMatrix	var projectionMatrix	projectionMatrix
Property	com.badlogic.gdx.graphics.g2d.PolygonSpriteBatch#getShader	var shader	shader
Property	com.badlogic.gdx.graphics.g2d.PolygonSpriteBatch#getTransformMatrix	var transformMatrix	transformMatrix
Property	com.badlogic.gdx.graphics.g2d.PolygonSpriteBatch#isBlendingEnabled	var blendingEnabled	blendingEnabled
Property	com.badlogic.gdx.graphics.g2d.PolygonSpriteBatch#isDrawing	var drawing	drawing
Property	com.badlogic.gdx.graphics.g2d.Sprite#getBoundingRectangle	var boundingRectangle	boundingRectangle
Property	com.badlogic.gdx.graphics.g2d.Sprite#getColor	var color	color
Property	com.badlogic.gdx.graphics.g2d.Sprite#getHeight	var height	height
Property	com.badlogic.gdx.graphics.g2d.Sprite#getOriginX	var originX	originX
Property	com.badlogic.gdx.graphics.g2d.Sprite#getOriginY	var originY	originY
Property	com.badlogic.gdx.graphics.g2d.Sprite#getPackedColor	var packedColor	packedColor
Property	com.badlogic.gdx.graphics.g2d.Sprite#getRotation	var rotation	rotation
Property	com.badlogic.gdx.graphics.g2d.Sprite#getScaleX	var scaleX	scaleX
Property	com.badlogic.gdx.graphics.g2d.Sprite#getScaleY	var scaleY	scaleY
Property	com.badlogic.gdx.graphics.g2d.Sprite#getVertices	var vertices	vertices
Property	com.badlogic.gdx.graphics.g2d.Sprite#getWidth	var width	width
Property	com.badlogic.gdx.graphics.g2d.Sprite#getX	var x	x
Property	com.badlogic.gdx.graphics.g2d.Sprite#getY	var y	y
Property	com.badlogic.gdx.graphics.g2d.SpriteBatch#getBlendDstFunc	var blendDstFunc	blendDstFunc
Property	com.badlogic.gdx.graphics.g2d.SpriteBatch#getBlendDstFuncAlpha	var blendDstFuncAlpha	blendDstFuncAlpha
Property	com.badlogic.gdx.graphics.g2d.SpriteBatch#getBlendSrcFunc	var blendSrcFunc	blendSrcFunc
Property	com.badlogic.gdx.graphics.g2d.SpriteBatch#getBlendSrcFuncAlpha	var blendSrcFuncAlpha	blendSrcFuncAlpha
Property	com.badlogic.gdx.graphics.g2d.SpriteBatch#getColor	var color	color
Property	com.badlogic.gdx.graphics.g2d.SpriteBatch#getPackedColor	var packedColor	packedColor
Property	com.badlogic.gdx.graphics.g2d.SpriteBatch#getProjectionMatrix	var projectionMatrix	projectionMatrix
Property	com.badlogic.gdx.graphics.g2d.SpriteBatch#getShader	var shader	shader
Property	com.badlogic.gdx.graphics.g2d.SpriteBatch#getTransformMatrix	var transformMatrix	transformMatrix
Property	com.badlogic.gdx.graphics.g2d.SpriteBatch#isBlendingEnabled	var blendingEnabled	blendingEnabled
Property	com.badlogic.gdx.graphics.g2d.SpriteBatch#isDrawing	var drawing	drawing
Property	com.badlogic.gdx.graphics.g2d.SpriteCache#getColor	var color	color
Property	com.badlogic.gdx.graphics.g2d.SpriteCache#getCustomShader	var customShader	customShader
Property	com.badlogic.gdx.graphics.g2d.SpriteCache#getPackedColor	var packedColor	packedColor
Property	com.badlogic.gdx.graphics.g2d.SpriteCache#getProjectionMatrix	var projectionMatrix	projectionMatrix
Property	com.badlogic.gdx.graphics.g2d.SpriteCache#getTransformMatrix	var transformMatrix	transformMatrix
Property	com.badlogic.gdx.graphics.g2d.SpriteCache#isDrawing	var drawing	drawing
Property	com.badlogic.gdx.graphics.g2d.TextureAtlas#getRegions	var regions	regions
Property	com.badlogic.gdx.graphics.g2d.TextureAtlas#getTextures	var textures	textures
Property	com.badlogic.gdx.graphics.g2d.TextureAtlas$AtlasRegion#getRotatedPackedHeight	var rotatedPackedHeight	rotatedPackedHeight
Property	com.badlogic.gdx.graphics.g2d.TextureAtlas$AtlasRegion#getRotatedPackedWidth	var rotatedPackedWidth	rotatedPackedWidth
Property	com.badlogic.gdx.graphics.g2d.TextureAtlas$AtlasSprite#getAtlasRegion	var atlasRegion	atlasRegion
Property	com.badlogic.gdx.graphics.g2d.TextureAtlas$AtlasSprite#getHeight	var height	height
Property	com.badlogic.gdx.graphics.g2d.TextureAtlas$AtlasSprite#getHeightRatio	var heightRatio	heightRatio
Property	com.badlogic.gdx.graphics.g2d.TextureAtlas$AtlasSprite#getOriginX	var originX	originX
Property	com.badlogic.gdx.graphics.g2d.TextureAtlas$AtlasSprite#getOriginY	var originY	originY
Property	com.badlogic.gdx.graphics.g2d.TextureAtlas$AtlasSprite#getWidth	var width	width
Property	com.badlogic.gdx.graphics.g2d.TextureAtlas$AtlasSprite#getWidthRatio	var widthRatio	widthRatio
Property	com.badlogic.gdx.graphics.g2d.TextureAtlas$AtlasSprite#getX	var x	x
Property	com.badlogic.gdx.graphics.g2d.TextureAtlas$AtlasSprite#getY	var y	y
Property	com.badlogic.gdx.graphics.g2d.TextureAtlas$TextureAtlasData#getPages	var pages	pages
Property	com.badlogic.gdx.graphics.g2d.TextureAtlas$TextureAtlasData#getRegions	var regions	regions
Property	com.badlogic.gdx.graphics.g2d.TextureRegion#getRegionHeight	var regionHeight	regionHeight
Property	com.badlogic.gdx.graphics.g2d.TextureRegion#getRegionWidth	var regionWidth	regionWidth
Property	com.badlogic.gdx.graphics.g2d.TextureRegion#getRegionX	var regionX	regionX
Property	com.badlogic.gdx.graphics.g2d.TextureRegion#getRegionY	var regionY	regionY
Property	com.badlogic.gdx.graphics.g2d.TextureRegion#getTexture	var texture	texture
Property	com.badlogic.gdx.graphics.g2d.TextureRegion#getU	var u	u
Property	com.badlogic.gdx.graphics.g2d.TextureRegion#getU2	var u2	u2
Property	com.badlogic.gdx.graphics.g2d.TextureRegion#getV	var v	v
Property	com.badlogic.gdx.graphics.g2d.TextureRegion#getV2	var v2	v2
Property	com.badlogic.gdx.graphics.g2d.TextureRegion#isFlipX	var flipX	flipX
Property	com.badlogic.gdx.graphics.g2d.TextureRegion#isFlipY	var flipY	flipY
Property	com.badlogic.gdx.graphics.g3d.Model#getManagedDisposables	var managedDisposables	managedDisposables
Property	com.badlogic.gdx.graphics.g3d.ModelBatch#getRenderContext	var renderContext	renderContext
Property	com.badlogic.gdx.graphics.g3d.ModelBatch#getRenderableSorter	var renderableSorter	renderableSorter
Property	com.badlogic.gdx.graphics.g3d.decals.Decal#getColor	var color	color
Property	com.badlogic.gdx.graphics.g3d.decals.Decal#getHeight	var height	height
Property	com.badlogic.gdx.graphics.g3d.decals.Decal#getMaterial	var material	material
Property	com.badlogic.gdx.graphics.g3d.decals.Decal#getPosition	var position	position
Property	com.badlogic.gdx.graphics.g3d.decals.Decal#getRotation	var rotation	rotation
Property	com.badlogic.gdx.graphics.g3d.decals.Decal#getScaleX	var scaleX	scaleX
Property	com.badlogic.gdx.graphics.g3d.decals.Decal#getScaleY	var scaleY	scaleY
Property	com.badlogic.gdx.graphics.g3d.decals.Decal#getTextureRegion	var textureRegion	textureRegion
Property	com.badlogic.gdx.graphics.g3d.decals.Decal#getVertices	var vertices	vertices
Property	com.badlogic.gdx.graphics.g3d.decals.Decal#getWidth	var width	width
Property	com.badlogic.gdx.graphics.g3d.decals.Decal#getX	var x	x
Property	com.badlogic.gdx.graphics.g3d.decals.Decal#getY	var y	y
Property	com.badlogic.gdx.graphics.g3d.decals.Decal#getZ	var z	z
Property	com.badlogic.gdx.graphics.g3d.decals.DecalMaterial#getDstBlendFactor	var dstBlendFactor	dstBlendFactor
Property	com.badlogic.gdx.graphics.g3d.decals.DecalMaterial#getSrcBlendFactor	var srcBlendFactor	srcBlendFactor
Property	com.badlogic.gdx.graphics.g3d.environment.DirectionalShadowLight#getCamera	var camera	camera
Property	com.badlogic.gdx.graphics.g3d.environment.DirectionalShadowLight#getDepthMap	var depthMap	depthMap
Property	com.badlogic.gdx.graphics.g3d.environment.DirectionalShadowLight#getFrameBuffer	var frameBuffer	frameBuffer
Property	com.badlogic.gdx.graphics.g3d.environment.DirectionalShadowLight#getProjViewTrans	var projViewTrans	projViewTrans
Property	com.badlogic.gdx.graphics.g3d.environment.ShadowMap#getDepthMap	var depthMap	depthMap
Property	com.badlogic.gdx.graphics.g3d.environment.ShadowMap#getProjViewTrans	var projViewTrans	projViewTrans
Property	com.badlogic.gdx.graphics.g3d.model.Node#getChildCount	var childCount	childCount
Property	com.badlogic.gdx.graphics.g3d.model.Node#getChildren	var children	children
Property	com.badlogic.gdx.graphics.g3d.model.Node#getParent	var parent	parent
Property	com.badlogic.gdx.graphics.g3d.particles.ParticleController#getBoundingBox	var boundingBox	boundingBox
Property	com.badlogic.gdx.graphics.g3d.particles.ParticleEffect#getBoundingBox	var boundingBox	boundingBox
Property	com.badlogic.gdx.graphics.g3d.particles.ParticleEffect#getControllers	var controllers	controllers
Property	com.badlogic.gdx.graphics.g3d.particles.ParticleShader#getDefaultCullFace	var defaultCullFace	defaultCullFace
Property	com.badlogic.gdx.graphics.g3d.particles.ParticleShader#getDefaultDepthFunc	var defaultDepthFunc	defaultDepthFunc
Property	com.badlogic.gdx.graphics.g3d.particles.ParticleShader#getDefaultFragmentShader	var defaultFragmentShader	defaultFragmentShader
Property	com.badlogic.gdx.graphics.g3d.particles.ParticleShader#getDefaultVertexShader	var defaultVertexShader	defaultVertexShader
Property	com.badlogic.gdx.graphics.g3d.particles.ParticleSystem#getBatches	var batches	batches
Property	com.badlogic.gdx.graphics.g3d.particles.ResourceData#getAssetDescriptors	var assetDescriptors	assetDescriptors
Property	com.badlogic.gdx.graphics.g3d.particles.ResourceData#getAssets	var assets	assets
Property	com.badlogic.gdx.graphics.g3d.particles.ResourceData#getSaveData()	var saveData	saveData
Property	com.badlogic.gdx.graphics.g3d.particles.batches.BillboardParticleBatch#getAlignMode	var alignMode	alignMode
Property	com.badlogic.gdx.graphics.g3d.particles.batches.BillboardParticleBatch#getBlendingAttribute	var blendingAttribute	blendingAttribute
Property	com.badlogic.gdx.graphics.g3d.particles.batches.BillboardParticleBatch#getTexture	var texture	texture
Property	com.badlogic.gdx.graphics.g3d.particles.batches.BillboardParticleBatch#isUseGPU	var useGPU	useGPU
Property	com.badlogic.gdx.graphics.g3d.particles.batches.BufferedParticleBatch#getBufferedCount	var bufferedCount	bufferedCount
Property	com.badlogic.gdx.graphics.g3d.particles.batches.BufferedParticleBatch#getSorter	var sorter	sorter
Property	com.badlogic.gdx.graphics.g3d.particles.batches.ModelInstanceParticleBatch#getBufferedCount	var bufferedCount	bufferedCount
Property	com.badlogic.gdx.graphics.g3d.particles.batches.PointSpriteParticleBatch#getBlendingAttribute	var blendingAttribute	blendingAttribute
Property	com.badlogic.gdx.graphics.g3d.particles.batches.PointSpriteParticleBatch#getTexture	var texture	texture
Property	com.badlogic.gdx.graphics.g3d.particles.emitters.Emitter#getMaxParticleCount	var maxParticleCount	maxParticleCount
Property	com.badlogic.gdx.graphics.g3d.particles.emitters.Emitter#getMinParticleCount	var minParticleCount	minParticleCount
Property	com.badlogic.gdx.graphics.g3d.particles.emitters.RegularEmitter#getDelay	var delay	delay
Property	com.badlogic.gdx.graphics.g3d.particles.emitters.RegularEmitter#getDuration	var duration	duration
Property	com.badlogic.gdx.graphics.g3d.particles.emitters.RegularEmitter#getEmission	var emission	emission
Property	com.badlogic.gdx.graphics.g3d.particles.emitters.RegularEmitter#getEmissionMode	var emissionMode	emissionMode
Property	com.badlogic.gdx.graphics.g3d.particles.emitters.RegularEmitter#getLife	var life	life
Property	com.badlogic.gdx.graphics.g3d.particles.emitters.RegularEmitter#getLifeOffset	var lifeOffset	lifeOffset
Property	com.badlogic.gdx.graphics.g3d.particles.emitters.RegularEmitter#getPercentComplete	var percentComplete	percentComplete
Property	com.badlogic.gdx.graphics.g3d.particles.emitters.RegularEmitter#isContinuous	var continuous	continuous
Property	com.badlogic.gdx.graphics.g3d.particles.values.EllipseSpawnShapeValue#getSide	var side	side
Property	com.badlogic.gdx.graphics.g3d.particles.values.GradientColorValue#getColors	var colors	colors
Property	com.badlogic.gdx.graphics.g3d.particles.values.GradientColorValue#getTimeline	var timeline	timeline
Property	com.badlogic.gdx.graphics.g3d.particles.values.NumericValue#getValue	var value	value
Property	com.badlogic.gdx.graphics.g3d.particles.values.ParticleValue#isActive	var active	active
Property	com.badlogic.gdx.graphics.g3d.particles.values.RangedNumericValue#getLowMax	var lowMax	lowMax
Property	com.badlogic.gdx.graphics.g3d.particles.values.RangedNumericValue#getLowMin	var lowMin	lowMin
Property	com.badlogic.gdx.graphics.g3d.particles.values.ScaledNumericValue#getHighMax	var highMax	highMax
Property	com.badlogic.gdx.graphics.g3d.particles.values.ScaledNumericValue#getHighMin	var highMin	highMin
Property	com.badlogic.gdx.graphics.g3d.particles.values.ScaledNumericValue#getScaling	var scaling	scaling
Property	com.badlogic.gdx.graphics.g3d.particles.values.ScaledNumericValue#getTimeline	var timeline	timeline
Property	com.badlogic.gdx.graphics.g3d.particles.values.ScaledNumericValue#isRelative	var relative	relative
Property	com.badlogic.gdx.graphics.g3d.shaders.DefaultShader#getDefaultCullFace	var defaultCullFace	defaultCullFace
Property	com.badlogic.gdx.graphics.g3d.shaders.DefaultShader#getDefaultDepthFunc	var defaultDepthFunc	defaultDepthFunc
Property	com.badlogic.gdx.graphics.g3d.shaders.DefaultShader#getDefaultFragmentShader	var defaultFragmentShader	defaultFragmentShader
Property	com.badlogic.gdx.graphics.g3d.shaders.DefaultShader#getDefaultVertexShader	var defaultVertexShader	defaultVertexShader
Property	com.badlogic.gdx.graphics.g3d.shaders.DepthShader#getDefaultFragmentShader	var defaultFragmentShader	defaultFragmentShader
Property	com.badlogic.gdx.graphics.g3d.shaders.DepthShader#getDefaultVertexShader	var defaultVertexShader	defaultVertexShader
Property	com.badlogic.gdx.graphics.g3d.utils.MeshBuilder#getAttributes	var attributes	attributes
Property	com.badlogic.gdx.graphics.g3d.utils.MeshBuilder#getFloatsPerVertex	var floatsPerVertex	floatsPerVertex
Property	com.badlogic.gdx.graphics.g3d.utils.MeshBuilder#getIndices()	var indices	indices
Property	com.badlogic.gdx.graphics.g3d.utils.MeshBuilder#getMeshPart	var meshPart	meshPart
Property	com.badlogic.gdx.graphics.g3d.utils.MeshBuilder#getNumIndices	var numIndices	numIndices
Property	com.badlogic.gdx.graphics.g3d.utils.MeshBuilder#getNumVertices	var numVertices	numVertices
Property	com.badlogic.gdx.graphics.g3d.utils.MeshBuilder#getPrimitiveType	var primitiveType	primitiveType
Property	com.badlogic.gdx.graphics.g3d.utils.MeshBuilder#getVertices()	var vertices	vertices
Property	com.badlogic.gdx.graphics.g3d.utils.MeshPartBuilder#getAttributes	var attributes	attributes
Property	com.badlogic.gdx.graphics.g3d.utils.MeshPartBuilder#getMeshPart	var meshPart	meshPart
Property	com.badlogic.gdx.graphics.g3d.utils.MeshPartBuilder#getPrimitiveType	var primitiveType	primitiveType
Property	com.badlogic.gdx.graphics.g3d.utils.ShapeCache#getMaterial	var material	material
Property	com.badlogic.gdx.graphics.g3d.utils.ShapeCache#getWorldTransform	var worldTransform	worldTransform
Property	com.badlogic.gdx.graphics.glutils.CustomTexture3DData#getDepth	var depth	depth
Property	com.badlogic.gdx.graphics.glutils.CustomTexture3DData#getGLFormat	def glFormat	glFormat
Property	com.badlogic.gdx.graphics.glutils.CustomTexture3DData#getGLType	def glType	glType
Property	com.badlogic.gdx.graphics.glutils.CustomTexture3DData#getHeight	var height	height
Property	com.badlogic.gdx.graphics.glutils.CustomTexture3DData#getInternalFormat	var internalFormat	internalFormat
Property	com.badlogic.gdx.graphics.glutils.CustomTexture3DData#getMipMapLevel	var mipMapLevel	mipMapLevel
Property	com.badlogic.gdx.graphics.glutils.CustomTexture3DData#getPixels	var pixels	pixels
Property	com.badlogic.gdx.graphics.glutils.CustomTexture3DData#getWidth	var width	width
Property	com.badlogic.gdx.graphics.glutils.ETC1TextureData#getHeight	var height	height
Property	com.badlogic.gdx.graphics.glutils.ETC1TextureData#getWidth	var width	width
Property	com.badlogic.gdx.graphics.glutils.FacedCubemapData#getHeight	var height	height
Property	com.badlogic.gdx.graphics.glutils.FacedCubemapData#getWidth	var width	width
Property	com.badlogic.gdx.graphics.glutils.FileTextureArrayData#getDepth	var depth	depth
Property	com.badlogic.gdx.graphics.glutils.FileTextureArrayData#getGLType	def glType	glType
Property	com.badlogic.gdx.graphics.glutils.FileTextureArrayData#getHeight	var height	height
Property	com.badlogic.gdx.graphics.glutils.FileTextureArrayData#getInternalFormat	var internalFormat	internalFormat
Property	com.badlogic.gdx.graphics.glutils.FileTextureArrayData#getWidth	var width	width
Property	com.badlogic.gdx.graphics.glutils.FileTextureData#getFileHandle	var fileHandle	fileHandle
Property	com.badlogic.gdx.graphics.glutils.FileTextureData#getHeight	var height	height
Property	com.badlogic.gdx.graphics.glutils.FileTextureData#getWidth	var width	width
Property	com.badlogic.gdx.graphics.glutils.FloatTextureData#getBuffer	var buffer	buffer
Property	com.badlogic.gdx.graphics.glutils.FloatTextureData#getHeight	var height	height
Property	com.badlogic.gdx.graphics.glutils.FloatTextureData#getType	var type	type
Property	com.badlogic.gdx.graphics.glutils.FloatTextureData#getWidth	var width	width
Property	com.badlogic.gdx.graphics.glutils.FrameBufferCubemap#getSide	var side	side
Property	com.badlogic.gdx.graphics.glutils.GLFrameBuffer#getColorBufferTexture	var colorBufferTexture	colorBufferTexture
Property	com.badlogic.gdx.graphics.glutils.GLFrameBuffer#getDepthBufferHandle	var depthBufferHandle	depthBufferHandle
Property	com.badlogic.gdx.graphics.glutils.GLFrameBuffer#getDepthStencilPackedBuffer	var depthStencilPackedBuffer	depthStencilPackedBuffer
Property	com.badlogic.gdx.graphics.glutils.GLFrameBuffer#getHeight	var height	height
Property	com.badlogic.gdx.graphics.glutils.GLFrameBuffer#getManagedStatus()	var managedStatus	managedStatus
Property	com.badlogic.gdx.graphics.glutils.GLFrameBuffer#getStencilBufferHandle	var stencilBufferHandle	stencilBufferHandle
Property	com.badlogic.gdx.graphics.glutils.GLFrameBuffer#getTextureAttachments	var textureAttachments	textureAttachments
Property	com.badlogic.gdx.graphics.glutils.GLFrameBuffer#getWidth	var width	width
Property	com.badlogic.gdx.graphics.glutils.GLOnlyTextureData#getHeight	var height	height
Property	com.badlogic.gdx.graphics.glutils.GLOnlyTextureData#getType	var type	type
Property	com.badlogic.gdx.graphics.glutils.GLOnlyTextureData#getWidth	var width	width
Property	com.badlogic.gdx.graphics.glutils.GLVersion#getDebugVersionString	var debugVersionString	debugVersionString
Property	com.badlogic.gdx.graphics.glutils.GLVersion#getMajorVersion	var majorVersion	majorVersion
Property	com.badlogic.gdx.graphics.glutils.GLVersion#getMinorVersion	var minorVersion	minorVersion
Property	com.badlogic.gdx.graphics.glutils.GLVersion#getReleaseVersion	var releaseVersion	releaseVersion
Property	com.badlogic.gdx.graphics.glutils.GLVersion#getRendererString	var rendererString	rendererString
Property	com.badlogic.gdx.graphics.glutils.GLVersion#getVendorString	var vendorString	vendorString
Property	com.badlogic.gdx.graphics.glutils.GLVersion#getVersionString	var versionString	versionString
Property	com.badlogic.gdx.graphics.glutils.ImmediateModeRenderer#getMaxVertices	var maxVertices	maxVertices
Property	com.badlogic.gdx.graphics.glutils.ImmediateModeRenderer#getNumVertices	var numVertices	numVertices
Property	com.badlogic.gdx.graphics.glutils.ImmediateModeRenderer20#getMaxVertices	var maxVertices	maxVertices
Property	com.badlogic.gdx.graphics.glutils.ImmediateModeRenderer20#getNumVertices	var numVertices	numVertices
Property	com.badlogic.gdx.graphics.glutils.ImmediateModeRenderer20#getShader	var shader	shader
Property	com.badlogic.gdx.graphics.glutils.IndexArray#getNumIndices	var numIndices	numIndices
Property	com.badlogic.gdx.graphics.glutils.IndexArray#getNumMaxIndices	var numMaxIndices	numMaxIndices
Property	com.badlogic.gdx.graphics.glutils.IndexBufferObject#getNumIndices	var numIndices	numIndices
Property	com.badlogic.gdx.graphics.glutils.IndexBufferObject#getNumMaxIndices	var numMaxIndices	numMaxIndices
Property	com.badlogic.gdx.graphics.glutils.IndexBufferObjectSubData#getNumIndices	var numIndices	numIndices
Property	com.badlogic.gdx.graphics.glutils.IndexBufferObjectSubData#getNumMaxIndices	var numMaxIndices	numMaxIndices
Property	com.badlogic.gdx.graphics.glutils.IndexData#getNumIndices	var numIndices	numIndices
Property	com.badlogic.gdx.graphics.glutils.IndexData#getNumMaxIndices	var numMaxIndices	numMaxIndices
Property	com.badlogic.gdx.graphics.glutils.InstanceBufferObject#getAttributes	var attributes	attributes
Property	com.badlogic.gdx.graphics.glutils.InstanceBufferObject#getNumInstances	var numInstances	numInstances
Property	com.badlogic.gdx.graphics.glutils.InstanceBufferObject#getNumMaxInstances	var numMaxInstances	numMaxInstances
Property	com.badlogic.gdx.graphics.glutils.InstanceBufferObject#getUsage	var usage	usage
Property	com.badlogic.gdx.graphics.glutils.InstanceBufferObjectSubData#getAttributes	var attributes	attributes
Property	com.badlogic.gdx.graphics.glutils.InstanceBufferObjectSubData#getBufferHandle	var bufferHandle	bufferHandle
Property	com.badlogic.gdx.graphics.glutils.InstanceBufferObjectSubData#getNumInstances	var numInstances	numInstances
Property	com.badlogic.gdx.graphics.glutils.InstanceBufferObjectSubData#getNumMaxInstances	var numMaxInstances	numMaxInstances
Property	com.badlogic.gdx.graphics.glutils.InstanceData#getAttributes	var attributes	attributes
Property	com.badlogic.gdx.graphics.glutils.InstanceData#getNumInstances	var numInstances	numInstances
Property	com.badlogic.gdx.graphics.glutils.InstanceData#getNumMaxInstances	var numMaxInstances	numMaxInstances
Property	com.badlogic.gdx.graphics.glutils.KTXTextureData#getGlInternalFormat	var glInternalFormat	glInternalFormat
Property	com.badlogic.gdx.graphics.glutils.KTXTextureData#getHeight	var height	height
Property	com.badlogic.gdx.graphics.glutils.KTXTextureData#getNumberOfFaces	var numberOfFaces	numberOfFaces
Property	com.badlogic.gdx.graphics.glutils.KTXTextureData#getNumberOfMipMapLevels	var numberOfMipMapLevels	numberOfMipMapLevels
Property	com.badlogic.gdx.graphics.glutils.KTXTextureData#getWidth	var width	width
Property	com.badlogic.gdx.graphics.glutils.MipMapTextureData#getHeight	var height	height
Property	com.badlogic.gdx.graphics.glutils.MipMapTextureData#getWidth	var width	width
Property	com.badlogic.gdx.graphics.glutils.PixmapTextureData#getHeight	var height	height
Property	com.badlogic.gdx.graphics.glutils.PixmapTextureData#getWidth	var width	width
Property	com.badlogic.gdx.graphics.glutils.ShaderProgram#getAttributes	var attributes	attributes
Property	com.badlogic.gdx.graphics.glutils.ShaderProgram#getFragmentShaderSource	var fragmentShaderSource	fragmentShaderSource
Property	com.badlogic.gdx.graphics.glutils.ShaderProgram#getHandle	var handle	handle
Property	com.badlogic.gdx.graphics.glutils.ShaderProgram#getLog	var log	log
Property	com.badlogic.gdx.graphics.glutils.ShaderProgram#getManagedStatus	var managedStatus	managedStatus
Property	com.badlogic.gdx.graphics.glutils.ShaderProgram#getUniforms	var uniforms	uniforms
Property	com.badlogic.gdx.graphics.glutils.ShaderProgram#getVertexShaderSource	var vertexShaderSource	vertexShaderSource
Property	com.badlogic.gdx.graphics.glutils.ShaderProgram#isCompiled	var compiled	compiled
Property	com.badlogic.gdx.graphics.glutils.ShapeRenderer#getColor	var color	color
Property	com.badlogic.gdx.graphics.glutils.ShapeRenderer#getCurrentType	var currentType	currentType
Property	com.badlogic.gdx.graphics.glutils.ShapeRenderer#getProjectionMatrix	var projectionMatrix	projectionMatrix
Property	com.badlogic.gdx.graphics.glutils.ShapeRenderer#getRenderer	var renderer	renderer
Property	com.badlogic.gdx.graphics.glutils.ShapeRenderer#getTransformMatrix	var transformMatrix	transformMatrix
Property	com.badlogic.gdx.graphics.glutils.ShapeRenderer$ShapeType#getGlType	var glType	glType
Property	com.badlogic.gdx.graphics.glutils.VertexArray#getAttributes	var attributes	attributes
Property	com.badlogic.gdx.graphics.glutils.VertexArray#getNumMaxVertices	var numMaxVertices	numMaxVertices
Property	com.badlogic.gdx.graphics.glutils.VertexArray#getNumVertices	var numVertices	numVertices
Property	com.badlogic.gdx.graphics.glutils.VertexBufferObject#getAttributes	var attributes	attributes
Property	com.badlogic.gdx.graphics.glutils.VertexBufferObject#getNumMaxVertices	var numMaxVertices	numMaxVertices
Property	com.badlogic.gdx.graphics.glutils.VertexBufferObject#getNumVertices	var numVertices	numVertices
Property	com.badlogic.gdx.graphics.glutils.VertexBufferObject#getUsage	var usage	usage
Property	com.badlogic.gdx.graphics.glutils.VertexBufferObjectSubData#getAttributes	var attributes	attributes
Property	com.badlogic.gdx.graphics.glutils.VertexBufferObjectSubData#getBufferHandle	var bufferHandle	bufferHandle
Property	com.badlogic.gdx.graphics.glutils.VertexBufferObjectSubData#getNumMaxVertices	var numMaxVertices	numMaxVertices
Property	com.badlogic.gdx.graphics.glutils.VertexBufferObjectSubData#getNumVertices	var numVertices	numVertices
Property	com.badlogic.gdx.graphics.glutils.VertexBufferObjectWithVAO#getAttributes	var attributes	attributes
Property	com.badlogic.gdx.graphics.glutils.VertexBufferObjectWithVAO#getNumMaxVertices	var numMaxVertices	numMaxVertices
Property	com.badlogic.gdx.graphics.glutils.VertexBufferObjectWithVAO#getNumVertices	var numVertices	numVertices
Property	com.badlogic.gdx.graphics.glutils.VertexData#getAttributes	var attributes	attributes
Property	com.badlogic.gdx.graphics.glutils.VertexData#getNumMaxVertices	var numMaxVertices	numMaxVertices
Property	com.badlogic.gdx.graphics.glutils.VertexData#getNumVertices	var numVertices	numVertices
Property	com.badlogic.gdx.graphics.profiling.GLInterceptor#getCalls	var calls	calls
Property	com.badlogic.gdx.graphics.profiling.GLInterceptor#getDrawCalls	var drawCalls	drawCalls
Property	com.badlogic.gdx.graphics.profiling.GLInterceptor#getShaderSwitches	var shaderSwitches	shaderSwitches
Property	com.badlogic.gdx.graphics.profiling.GLInterceptor#getTextureBindings	var textureBindings	textureBindings
Property	com.badlogic.gdx.graphics.profiling.GLInterceptor#getVertexCount	var vertexCount	vertexCount
Property	com.badlogic.gdx.graphics.profiling.GLProfiler#getCalls	var calls	calls
Property	com.badlogic.gdx.graphics.profiling.GLProfiler#getDrawCalls	var drawCalls	drawCalls
Property	com.badlogic.gdx.graphics.profiling.GLProfiler#getListener	var listener	listener
Property	com.badlogic.gdx.graphics.profiling.GLProfiler#getShaderSwitches	var shaderSwitches	shaderSwitches
Property	com.badlogic.gdx.graphics.profiling.GLProfiler#getTextureBindings	var textureBindings	textureBindings
Property	com.badlogic.gdx.graphics.profiling.GLProfiler#getVertexCount	var vertexCount	vertexCount
Property	com.badlogic.gdx.graphics.profiling.GLProfiler#isEnabled	var enabled	enabled
Property	com.badlogic.gdx.input.GestureDetector$VelocityTracker#getVelocityX	var velocityX	velocityX
Property	com.badlogic.gdx.input.GestureDetector$VelocityTracker#getVelocityY	var velocityY	velocityY
Property	com.badlogic.gdx.input.NativeInputConfiguration#getAutoComplete	var autoComplete	autoComplete
Property	com.badlogic.gdx.input.NativeInputConfiguration#getCloseCallback	var closeCallback	closeCallback
Property	com.badlogic.gdx.input.NativeInputConfiguration#getMaxLength	var maxLength	maxLength
Property	com.badlogic.gdx.input.NativeInputConfiguration#getPlaceholder	var placeholder	placeholder
Property	com.badlogic.gdx.input.NativeInputConfiguration#getTextInputWrapper	var textInputWrapper	textInputWrapper
Property	com.badlogic.gdx.input.NativeInputConfiguration#getValidator	var validator	validator
Property	com.badlogic.gdx.input.NativeInputConfiguration#isMaskInput	var maskInput	maskInput
Property	com.badlogic.gdx.input.NativeInputConfiguration#isMultiLine	var multiLine	multiLine
Property	com.badlogic.gdx.input.NativeInputConfiguration#isPreventCorrection	var preventCorrection	preventCorrection
Property	com.badlogic.gdx.input.NativeInputConfiguration#isShowUnmaskButton	var showUnmaskButton	showUnmaskButton
Property	com.badlogic.gdx.input.RemoteInput#getAccelerometerX	var accelerometerX	accelerometerX
Property	com.badlogic.gdx.input.RemoteInput#getAccelerometerY	var accelerometerY	accelerometerY
Property	com.badlogic.gdx.input.RemoteInput#getAccelerometerZ	var accelerometerZ	accelerometerZ
Property	com.badlogic.gdx.input.RemoteInput#getAzimuth	var azimuth	azimuth
Property	com.badlogic.gdx.input.RemoteInput#getCurrentEventTime	var currentEventTime	currentEventTime
Property	com.badlogic.gdx.input.RemoteInput#getDeltaX()	var deltaX	deltaX
Property	com.badlogic.gdx.input.RemoteInput#getDeltaY()	var deltaY	deltaY
Property	com.badlogic.gdx.input.RemoteInput#getGyroscopeX	var gyroscopeX	gyroscopeX
Property	com.badlogic.gdx.input.RemoteInput#getGyroscopeY	var gyroscopeY	gyroscopeY
Property	com.badlogic.gdx.input.RemoteInput#getGyroscopeZ	var gyroscopeZ	gyroscopeZ
Property	com.badlogic.gdx.input.RemoteInput#getIPs	var iPs	iPs
Property	com.badlogic.gdx.input.RemoteInput#getInputProcessor	var inputProcessor	inputProcessor
Property	com.badlogic.gdx.input.RemoteInput#getMaxPointers	var maxPointers	maxPointers
Property	com.badlogic.gdx.input.RemoteInput#getNativeOrientation	var nativeOrientation	nativeOrientation
Property	com.badlogic.gdx.input.RemoteInput#getPitch	var pitch	pitch
Property	com.badlogic.gdx.input.RemoteInput#getPressure()	var pressure	pressure
Property	com.badlogic.gdx.input.RemoteInput#getRoll	var roll	roll
Property	com.badlogic.gdx.input.RemoteInput#getRotation	var rotation	rotation
Property	com.badlogic.gdx.input.RemoteInput#getX()	var x	x
Property	com.badlogic.gdx.input.RemoteInput#getY()	var y	y
Property	com.badlogic.gdx.input.RemoteInput#isCursorCatched	var cursorCatched	cursorCatched
Property	com.badlogic.gdx.input.RemoteInput#isTouched()	var touched	touched
Property	com.badlogic.gdx.input.TextInputWrapper#getSelectionEnd	var selectionEnd	selectionEnd
Property	com.badlogic.gdx.input.TextInputWrapper#getSelectionStart	var selectionStart	selectionStart
Property	com.badlogic.gdx.input.TextInputWrapper#getText	var text	text
Property	com.badlogic.gdx.maps.Map#getLayers	var layers	layers
Property	com.badlogic.gdx.maps.Map#getProperties	var properties	properties
Property	com.badlogic.gdx.maps.MapGroupLayer#getLayers	var layers	layers
Property	com.badlogic.gdx.maps.MapLayer#getCombinedTintColor	var combinedTintColor	combinedTintColor
Property	com.badlogic.gdx.maps.MapLayer#getName	var name	name
Property	com.badlogic.gdx.maps.MapLayer#getObjects	var objects	objects
Property	com.badlogic.gdx.maps.MapLayer#getOffsetX	var offsetX	offsetX
Property	com.badlogic.gdx.maps.MapLayer#getOffsetY	var offsetY	offsetY
Property	com.badlogic.gdx.maps.MapLayer#getOpacity	var opacity	opacity
Property	com.badlogic.gdx.maps.MapLayer#getParallaxX	var parallaxX	parallaxX
Property	com.badlogic.gdx.maps.MapLayer#getParallaxY	var parallaxY	parallaxY
Property	com.badlogic.gdx.maps.MapLayer#getParent	var parent	parent
Property	com.badlogic.gdx.maps.MapLayer#getProperties	var properties	properties
Property	com.badlogic.gdx.maps.MapLayer#getRenderOffsetX	var renderOffsetX	renderOffsetX
Property	com.badlogic.gdx.maps.MapLayer#getRenderOffsetY	var renderOffsetY	renderOffsetY
Property	com.badlogic.gdx.maps.MapLayer#getTintColor	var tintColor	tintColor
Property	com.badlogic.gdx.maps.MapLayer#isVisible	var visible	visible
Property	com.badlogic.gdx.maps.MapLayers#getCount	var count	count
Property	com.badlogic.gdx.maps.MapObject#getColor	var color	color
Property	com.badlogic.gdx.maps.MapObject#getName	var name	name
Property	com.badlogic.gdx.maps.MapObject#getOpacity	var opacity	opacity
Property	com.badlogic.gdx.maps.MapObject#getProperties	var properties	properties
Property	com.badlogic.gdx.maps.MapObject#isVisible	var visible	visible
Property	com.badlogic.gdx.maps.MapObjects#getCount	var count	count
Property	com.badlogic.gdx.maps.MapProperties#getKeys	var keys	keys
Property	com.badlogic.gdx.maps.MapProperties#getValues	var values	values
Property	com.badlogic.gdx.maps.objects.CircleMapObject#getCircle	var circle	circle
Property	com.badlogic.gdx.maps.objects.EllipseMapObject#getEllipse	var ellipse	ellipse
Property	com.badlogic.gdx.maps.objects.PointMapObject#getPoint	var point	point
Property	com.badlogic.gdx.maps.objects.PolygonMapObject#getPolygon	var polygon	polygon
Property	com.badlogic.gdx.maps.objects.PolylineMapObject#getPolyline	var polyline	polyline
Property	com.badlogic.gdx.maps.objects.RectangleMapObject#getRectangle	var rectangle	rectangle
Property	com.badlogic.gdx.maps.objects.TextMapObject#getFontFamily	var fontFamily	fontFamily
Property	com.badlogic.gdx.maps.objects.TextMapObject#getHorizontalAlign	var horizontalAlign	horizontalAlign
Property	com.badlogic.gdx.maps.objects.TextMapObject#getPixelSize	var pixelSize	pixelSize
Property	com.badlogic.gdx.maps.objects.TextMapObject#getRectangle	var rectangle	rectangle
Property	com.badlogic.gdx.maps.objects.TextMapObject#getRotation	var rotation	rotation
Property	com.badlogic.gdx.maps.objects.TextMapObject#getText	var text	text
Property	com.badlogic.gdx.maps.objects.TextMapObject#getVerticalAlign	var verticalAlign	verticalAlign
Property	com.badlogic.gdx.maps.objects.TextMapObject#isBold	var bold	bold
Property	com.badlogic.gdx.maps.objects.TextMapObject#isItalic	var italic	italic
Property	com.badlogic.gdx.maps.objects.TextMapObject#isKerning	var kerning	kerning
Property	com.badlogic.gdx.maps.objects.TextMapObject#isStrikeout	var strikeout	strikeout
Property	com.badlogic.gdx.maps.objects.TextMapObject#isUnderline	var underline	underline
Property	com.badlogic.gdx.maps.objects.TextMapObject#isWrap	var wrap	wrap
Property	com.badlogic.gdx.maps.objects.TextureMapObject#getOriginX	var originX	originX
Property	com.badlogic.gdx.maps.objects.TextureMapObject#getOriginY	var originY	originY
Property	com.badlogic.gdx.maps.objects.TextureMapObject#getRotation	var rotation	rotation
Property	com.badlogic.gdx.maps.objects.TextureMapObject#getScaleX	var scaleX	scaleX
Property	com.badlogic.gdx.maps.objects.TextureMapObject#getScaleY	var scaleY	scaleY
Property	com.badlogic.gdx.maps.objects.TextureMapObject#getTextureRegion	var textureRegion	textureRegion
Property	com.badlogic.gdx.maps.objects.TextureMapObject#getX	var x	x
Property	com.badlogic.gdx.maps.objects.TextureMapObject#getY	var y	y
Property	com.badlogic.gdx.maps.tiled.AtlasTmjMapLoader$AtlasResolver#getAtlas	var atlas	atlas
Property	com.badlogic.gdx.maps.tiled.AtlasTmxMapLoader$AtlasResolver#getAtlas	var atlas	atlas
Property	com.badlogic.gdx.maps.tiled.TiledMap#getTileSets	var tileSets	tileSets
Property	com.badlogic.gdx.maps.tiled.TiledMapImageLayer#getX	var x	x
Property	com.badlogic.gdx.maps.tiled.TiledMapImageLayer#getY	var y	y
Property	com.badlogic.gdx.maps.tiled.TiledMapImageLayer#isRepeatX	var repeatX	repeatX
Property	com.badlogic.gdx.maps.tiled.TiledMapImageLayer#isRepeatY	var repeatY	repeatY
Property	com.badlogic.gdx.maps.tiled.TiledMapTile#getBlendMode	var blendMode	blendMode
Property	com.badlogic.gdx.maps.tiled.TiledMapTile#getId	var id	id
Property	com.badlogic.gdx.maps.tiled.TiledMapTile#getObjects	var objects	objects
Property	com.badlogic.gdx.maps.tiled.TiledMapTile#getOffsetX	var offsetX	offsetX
Property	com.badlogic.gdx.maps.tiled.TiledMapTile#getOffsetY	var offsetY	offsetY
Property	com.badlogic.gdx.maps.tiled.TiledMapTile#getProperties	var properties	properties
Property	com.badlogic.gdx.maps.tiled.TiledMapTile#getTextureRegion	var textureRegion	textureRegion
Property	com.badlogic.gdx.maps.tiled.TiledMapTileLayer#getHeight	var height	height
Property	com.badlogic.gdx.maps.tiled.TiledMapTileLayer#getTileHeight	var tileHeight	tileHeight
Property	com.badlogic.gdx.maps.tiled.TiledMapTileLayer#getTileWidth	var tileWidth	tileWidth
Property	com.badlogic.gdx.maps.tiled.TiledMapTileLayer#getWidth	var width	width
Property	com.badlogic.gdx.maps.tiled.TiledMapTileLayer$Cell#getFlipHorizontally	var flipHorizontally	flipHorizontally
Property	com.badlogic.gdx.maps.tiled.TiledMapTileLayer$Cell#getFlipVertically	var flipVertically	flipVertically
Property	com.badlogic.gdx.maps.tiled.TiledMapTileLayer$Cell#getRotation	var rotation	rotation
Property	com.badlogic.gdx.maps.tiled.TiledMapTileLayer$Cell#getTile	var tile	tile
Property	com.badlogic.gdx.maps.tiled.TiledMapTileSet#getName	var name	name
Property	com.badlogic.gdx.maps.tiled.TiledMapTileSet#getProperties	var properties	properties
Property	com.badlogic.gdx.maps.tiled.objects.TiledMapTileMapObject#getTile	var tile	tile
Property	com.badlogic.gdx.maps.tiled.objects.TiledMapTileMapObject#isFlipHorizontally	var flipHorizontally	flipHorizontally
Property	com.badlogic.gdx.maps.tiled.objects.TiledMapTileMapObject#isFlipVertically	var flipVertically	flipVertically
Property	com.badlogic.gdx.maps.tiled.renderers.BatchTiledMapRenderer#getBatch	var batch	batch
Property	com.badlogic.gdx.maps.tiled.renderers.BatchTiledMapRenderer#getMap	var map	map
Property	com.badlogic.gdx.maps.tiled.renderers.BatchTiledMapRenderer#getUnitScale	var unitScale	unitScale
Property	com.badlogic.gdx.maps.tiled.renderers.BatchTiledMapRenderer#getViewBounds	var viewBounds	viewBounds
Property	com.badlogic.gdx.maps.tiled.renderers.HexagonalTiledMapRenderer#getHexSideLength	var hexSideLength	hexSideLength
Property	com.badlogic.gdx.maps.tiled.renderers.HexagonalTiledMapRenderer#isStaggerAxisX	var staggerAxisX	staggerAxisX
Property	com.badlogic.gdx.maps.tiled.renderers.HexagonalTiledMapRenderer#isStaggerIndexEven	var staggerIndexEven	staggerIndexEven
Property	com.badlogic.gdx.maps.tiled.renderers.OrthoCachedTiledMapRenderer#getSpriteCache	var spriteCache	spriteCache
Property	com.badlogic.gdx.maps.tiled.tiles.AnimatedTiledMapTile#getAnimationIntervals	var animationIntervals	animationIntervals
Property	com.badlogic.gdx.maps.tiled.tiles.AnimatedTiledMapTile#getBlendMode	var blendMode	blendMode
Property	com.badlogic.gdx.maps.tiled.tiles.AnimatedTiledMapTile#getCurrentFrame	var currentFrame	currentFrame
Property	com.badlogic.gdx.maps.tiled.tiles.AnimatedTiledMapTile#getCurrentFrameIndex	var currentFrameIndex	currentFrameIndex
Property	com.badlogic.gdx.maps.tiled.tiles.AnimatedTiledMapTile#getFrameTiles	var frameTiles	frameTiles
Property	com.badlogic.gdx.maps.tiled.tiles.AnimatedTiledMapTile#getId	var id	id
Property	com.badlogic.gdx.maps.tiled.tiles.AnimatedTiledMapTile#getObjects	var objects	objects
Property	com.badlogic.gdx.maps.tiled.tiles.AnimatedTiledMapTile#getOffsetX	var offsetX	offsetX
Property	com.badlogic.gdx.maps.tiled.tiles.AnimatedTiledMapTile#getOffsetY	var offsetY	offsetY
Property	com.badlogic.gdx.maps.tiled.tiles.AnimatedTiledMapTile#getProperties	var properties	properties
Property	com.badlogic.gdx.maps.tiled.tiles.AnimatedTiledMapTile#getTextureRegion	var textureRegion	textureRegion
Property	com.badlogic.gdx.maps.tiled.tiles.StaticTiledMapTile#getBlendMode	var blendMode	blendMode
Property	com.badlogic.gdx.maps.tiled.tiles.StaticTiledMapTile#getId	var id	id
Property	com.badlogic.gdx.maps.tiled.tiles.StaticTiledMapTile#getObjects	var objects	objects
Property	com.badlogic.gdx.maps.tiled.tiles.StaticTiledMapTile#getOffsetX	var offsetX	offsetX
Property	com.badlogic.gdx.maps.tiled.tiles.StaticTiledMapTile#getOffsetY	var offsetY	offsetY
Property	com.badlogic.gdx.maps.tiled.tiles.StaticTiledMapTile#getProperties	var properties	properties
Property	com.badlogic.gdx.maps.tiled.tiles.StaticTiledMapTile#getTextureRegion	var textureRegion	textureRegion
Property	com.badlogic.gdx.math.Intersector$SplitTriangle#getSide	var side	side
Property	com.badlogic.gdx.math.Matrix3#getRotation	var rotation	rotation
Property	com.badlogic.gdx.math.Matrix3#getRotationRad	var rotationRad	rotationRad
Property	com.badlogic.gdx.math.Matrix3#getValues	var values	values
Property	com.badlogic.gdx.math.Matrix4#getScaleX	var scaleX	scaleX
Property	com.badlogic.gdx.math.Matrix4#getScaleXSquared	var scaleXSquared	scaleXSquared
Property	com.badlogic.gdx.math.Matrix4#getScaleY	var scaleY	scaleY
Property	com.badlogic.gdx.math.Matrix4#getScaleYSquared	var scaleYSquared	scaleYSquared
Property	com.badlogic.gdx.math.Matrix4#getScaleZ	var scaleZ	scaleZ
Property	com.badlogic.gdx.math.Matrix4#getScaleZSquared	var scaleZSquared	scaleZSquared
Property	com.badlogic.gdx.math.Matrix4#getValues	var values	values
Property	com.badlogic.gdx.math.Plane#getD	var d	d
Property	com.badlogic.gdx.math.Plane#getNormal	var normal	normal
Property	com.badlogic.gdx.math.Polygon#getBoundingRectangle	var boundingRectangle	boundingRectangle
Property	com.badlogic.gdx.math.Polygon#getOriginX	var originX	originX
Property	com.badlogic.gdx.math.Polygon#getOriginY	var originY	originY
Property	com.badlogic.gdx.math.Polygon#getRotation	var rotation	rotation
Property	com.badlogic.gdx.math.Polygon#getScaleX	var scaleX	scaleX
Property	com.badlogic.gdx.math.Polygon#getScaleY	var scaleY	scaleY
Property	com.badlogic.gdx.math.Polygon#getTransformedVertices	var transformedVertices	transformedVertices
Property	com.badlogic.gdx.math.Polygon#getVertexCount	var vertexCount	vertexCount
Property	com.badlogic.gdx.math.Polygon#getVertices	var vertices	vertices
Property	com.badlogic.gdx.math.Polygon#getX	var x	x
Property	com.badlogic.gdx.math.Polygon#getY	var y	y
Property	com.badlogic.gdx.math.Polyline#getBoundingRectangle	var boundingRectangle	boundingRectangle
Property	com.badlogic.gdx.math.Polyline#getLength	var length	length
Property	com.badlogic.gdx.math.Polyline#getOriginX	var originX	originX
Property	com.badlogic.gdx.math.Polyline#getOriginY	var originY	originY
Property	com.badlogic.gdx.math.Polyline#getRotation	var rotation	rotation
Property	com.badlogic.gdx.math.Polyline#getScaleX	var scaleX	scaleX
Property	com.badlogic.gdx.math.Polyline#getScaleY	var scaleY	scaleY
Property	com.badlogic.gdx.math.Polyline#getScaledLength	var scaledLength	scaledLength
Property	com.badlogic.gdx.math.Polyline#getTransformedVertices	var transformedVertices	transformedVertices
Property	com.badlogic.gdx.math.Polyline#getVertices	var vertices	vertices
Property	com.badlogic.gdx.math.Polyline#getX	var x	x
Property	com.badlogic.gdx.math.Polyline#getY	var y	y
Property	com.badlogic.gdx.math.Quaternion#getAngle	var angle	angle
Property	com.badlogic.gdx.math.Quaternion#getAngleRad	var angleRad	angleRad
Property	com.badlogic.gdx.math.Quaternion#getGimbalPole	var gimbalPole	gimbalPole
Property	com.badlogic.gdx.math.Quaternion#getPitch	var pitch	pitch
Property	com.badlogic.gdx.math.Quaternion#getPitchRad	var pitchRad	pitchRad
Property	com.badlogic.gdx.math.Quaternion#getRoll	var roll	roll
Property	com.badlogic.gdx.math.Quaternion#getRollRad	var rollRad	rollRad
Property	com.badlogic.gdx.math.Quaternion#getYaw	var yaw	yaw
Property	com.badlogic.gdx.math.Quaternion#getYawRad	var yawRad	yawRad
Property	com.badlogic.gdx.math.Rectangle#getAspectRatio	var aspectRatio	aspectRatio
Property	com.badlogic.gdx.math.Rectangle#getHeight	var height	height
Property	com.badlogic.gdx.math.Rectangle#getWidth	var width	width
Property	com.badlogic.gdx.math.Rectangle#getX	var x	x
Property	com.badlogic.gdx.math.Rectangle#getY	var y	y
Property	com.badlogic.gdx.math.WindowedMean#getHighest	var highest	highest
Property	com.badlogic.gdx.math.WindowedMean#getLatest	var latest	latest
Property	com.badlogic.gdx.math.WindowedMean#getLowest	var lowest	lowest
Property	com.badlogic.gdx.math.WindowedMean#getMean	var mean	mean
Property	com.badlogic.gdx.math.WindowedMean#getOldest	var oldest	oldest
Property	com.badlogic.gdx.math.WindowedMean#getValueCount	var valueCount	valueCount
Property	com.badlogic.gdx.math.WindowedMean#getWindowSize	var windowSize	windowSize
Property	com.badlogic.gdx.math.WindowedMean#getWindowValues	var windowValues	windowValues
Property	com.badlogic.gdx.math.collision.BoundingBox#getCenterX	var centerX	centerX
Property	com.badlogic.gdx.math.collision.BoundingBox#getCenterY	var centerY	centerY
Property	com.badlogic.gdx.math.collision.BoundingBox#getCenterZ	var centerZ	centerZ
Property	com.badlogic.gdx.math.collision.BoundingBox#getDepth	var depth	depth
Property	com.badlogic.gdx.math.collision.BoundingBox#getHeight	var height	height
Property	com.badlogic.gdx.math.collision.BoundingBox#getWidth	var width	width
Property	com.badlogic.gdx.math.collision.OrientedBoundingBox#getBounds	var bounds	bounds
Property	com.badlogic.gdx.math.collision.OrientedBoundingBox#getTransform	var transform	transform
Property	com.badlogic.gdx.math.collision.OrientedBoundingBox#getVertices()	var vertices	vertices
Property	com.badlogic.gdx.net.NetJavaServerSocketImpl#getProtocol	var protocol	protocol
Property	com.badlogic.gdx.net.NetJavaSocketImpl#getInputStream	var inputStream	inputStream
Property	com.badlogic.gdx.net.NetJavaSocketImpl#getOutputStream	var outputStream	outputStream
Property	com.badlogic.gdx.net.NetJavaSocketImpl#getRemoteAddress	var remoteAddress	remoteAddress
Property	com.badlogic.gdx.net.ServerSocket#getProtocol	var protocol	protocol
Property	com.badlogic.gdx.net.Socket#getInputStream	var inputStream	inputStream
Property	com.badlogic.gdx.net.Socket#getOutputStream	var outputStream	outputStream
Property	com.badlogic.gdx.net.Socket#getRemoteAddress	var remoteAddress	remoteAddress
Property	com.badlogic.gdx.scenes.scene2d.Action#getActor	var actor	actor
Property	com.badlogic.gdx.scenes.scene2d.Action#getPool	var pool	pool
Property	com.badlogic.gdx.scenes.scene2d.Action#getTarget	var target	target
Property	com.badlogic.gdx.scenes.scene2d.Actor#getActions	var actions	actions
Property	com.badlogic.gdx.scenes.scene2d.Actor#getCaptureListeners	var captureListeners	captureListeners
Property	com.badlogic.gdx.scenes.scene2d.Actor#getColor	var color	color
Property	com.badlogic.gdx.scenes.scene2d.Actor#getHeight	var height	height
Property	com.badlogic.gdx.scenes.scene2d.Actor#getListeners	var listeners	listeners
Property	com.badlogic.gdx.scenes.scene2d.Actor#getName	var name	name
Property	com.badlogic.gdx.scenes.scene2d.Actor#getOriginX	var originX	originX
Property	com.badlogic.gdx.scenes.scene2d.Actor#getOriginY	var originY	originY
Property	com.badlogic.gdx.scenes.scene2d.Actor#getParent	var parent	parent
Property	com.badlogic.gdx.scenes.scene2d.Actor#getRight	var right	right
Property	com.badlogic.gdx.scenes.scene2d.Actor#getRotation	var rotation	rotation
Property	com.badlogic.gdx.scenes.scene2d.Actor#getScaleX	var scaleX	scaleX
Property	com.badlogic.gdx.scenes.scene2d.Actor#getScaleY	var scaleY	scaleY
Property	com.badlogic.gdx.scenes.scene2d.Actor#getStage	var stage	stage
Property	com.badlogic.gdx.scenes.scene2d.Actor#getTop	var top	top
Property	com.badlogic.gdx.scenes.scene2d.Actor#getTouchable	var touchable	touchable
Property	com.badlogic.gdx.scenes.scene2d.Actor#getUserObject	var userObject	userObject
Property	com.badlogic.gdx.scenes.scene2d.Actor#getWidth	var width	width
Property	com.badlogic.gdx.scenes.scene2d.Actor#getX()	var x	x
Property	com.badlogic.gdx.scenes.scene2d.Actor#getY()	var y	y
Property	com.badlogic.gdx.scenes.scene2d.Actor#getZIndex	var zIndex	zIndex
Property	com.badlogic.gdx.scenes.scene2d.Actor#isVisible	var visible	visible
Property	com.badlogic.gdx.scenes.scene2d.Event#getBubbles	var bubbles	bubbles
Property	com.badlogic.gdx.scenes.scene2d.Event#getListenerActor	var listenerActor	listenerActor
Property	com.badlogic.gdx.scenes.scene2d.Event#getStage	var stage	stage
Property	com.badlogic.gdx.scenes.scene2d.Event#getTarget	var target	target
Property	com.badlogic.gdx.scenes.scene2d.Event#isCapture	var capture	capture
Property	com.badlogic.gdx.scenes.scene2d.Group#getChildren	var children	children
Property	com.badlogic.gdx.scenes.scene2d.Group#getCullingArea	var cullingArea	cullingArea
Property	com.badlogic.gdx.scenes.scene2d.Group#isTransform	var transform	transform
Property	com.badlogic.gdx.scenes.scene2d.InputEvent#getButton	var button	button
Property	com.badlogic.gdx.scenes.scene2d.InputEvent#getCharacter	var character	character
Property	com.badlogic.gdx.scenes.scene2d.InputEvent#getKeyCode	var keyCode	keyCode
Property	com.badlogic.gdx.scenes.scene2d.InputEvent#getPointer	var pointer	pointer
Property	com.badlogic.gdx.scenes.scene2d.InputEvent#getRelatedActor	var relatedActor	relatedActor
Property	com.badlogic.gdx.scenes.scene2d.InputEvent#getScrollAmountX	var scrollAmountX	scrollAmountX
Property	com.badlogic.gdx.scenes.scene2d.InputEvent#getScrollAmountY	var scrollAmountY	scrollAmountY
Property	com.badlogic.gdx.scenes.scene2d.InputEvent#getStageX	var stageX	stageX
Property	com.badlogic.gdx.scenes.scene2d.InputEvent#getStageY	var stageY	stageY
Property	com.badlogic.gdx.scenes.scene2d.InputEvent#getTouchFocus	var touchFocus	touchFocus
Property	com.badlogic.gdx.scenes.scene2d.Stage#getActionsRequestRendering	var actionsRequestRendering	actionsRequestRendering
Property	com.badlogic.gdx.scenes.scene2d.Stage#getActors	var actors	actors
Property	com.badlogic.gdx.scenes.scene2d.Stage#getBatch	var batch	batch
Property	com.badlogic.gdx.scenes.scene2d.Stage#getCamera	var camera	camera
Property	com.badlogic.gdx.scenes.scene2d.Stage#getDebugColor	var debugColor	debugColor
Property	com.badlogic.gdx.scenes.scene2d.Stage#getHeight	var height	height
Property	com.badlogic.gdx.scenes.scene2d.Stage#getKeyboardFocus	var keyboardFocus	keyboardFocus
Property	com.badlogic.gdx.scenes.scene2d.Stage#getRoot	var root	root
Property	com.badlogic.gdx.scenes.scene2d.Stage#getScrollFocus	var scrollFocus	scrollFocus
Property	com.badlogic.gdx.scenes.scene2d.Stage#getViewport	var viewport	viewport
Property	com.badlogic.gdx.scenes.scene2d.Stage#getWidth	var width	width
Property	com.badlogic.gdx.scenes.scene2d.Stage#isDebugAll	var debugAll	debugAll
Property	com.badlogic.gdx.scenes.scene2d.actions.AddListenerAction#getCapture	var capture	capture
Property	com.badlogic.gdx.scenes.scene2d.actions.AddListenerAction#getListener	var listener	listener
Property	com.badlogic.gdx.scenes.scene2d.actions.AlphaAction#getAlpha	var alpha	alpha
Property	com.badlogic.gdx.scenes.scene2d.actions.AlphaAction#getColor	var color	color
Property	com.badlogic.gdx.scenes.scene2d.actions.ColorAction#getColor	var color	color
Property	com.badlogic.gdx.scenes.scene2d.actions.ColorAction#getEndColor	var endColor	endColor
Property	com.badlogic.gdx.scenes.scene2d.actions.DelayAction#getDuration	var duration	duration
Property	com.badlogic.gdx.scenes.scene2d.actions.DelayAction#getTime	var time	time
Property	com.badlogic.gdx.scenes.scene2d.actions.DelegateAction#getAction	var action	action
Property	com.badlogic.gdx.scenes.scene2d.actions.EventAction#isActive	var active	active
Property	com.badlogic.gdx.scenes.scene2d.actions.FloatAction#getStart	var start	start
Property	com.badlogic.gdx.scenes.scene2d.actions.FloatAction#getValue	var value	value
Property	com.badlogic.gdx.scenes.scene2d.actions.IntAction#getStart	var start	start
Property	com.badlogic.gdx.scenes.scene2d.actions.IntAction#getValue	var value	value
Property	com.badlogic.gdx.scenes.scene2d.actions.LayoutAction#isEnabled	var enabled	enabled
Property	com.badlogic.gdx.scenes.scene2d.actions.MoveByAction#getAmountX	var amountX	amountX
Property	com.badlogic.gdx.scenes.scene2d.actions.MoveByAction#getAmountY	var amountY	amountY
Property	com.badlogic.gdx.scenes.scene2d.actions.MoveToAction#getAlignment	var alignment	alignment
Property	com.badlogic.gdx.scenes.scene2d.actions.MoveToAction#getStartX	var startX	startX
Property	com.badlogic.gdx.scenes.scene2d.actions.MoveToAction#getStartY	var startY	startY
Property	com.badlogic.gdx.scenes.scene2d.actions.ParallelAction#getActions	var actions	actions
Property	com.badlogic.gdx.scenes.scene2d.actions.RemoveListenerAction#getCapture	var capture	capture
Property	com.badlogic.gdx.scenes.scene2d.actions.RemoveListenerAction#getListener	var listener	listener
Property	com.badlogic.gdx.scenes.scene2d.actions.RepeatAction#getCount	var count	count
Property	com.badlogic.gdx.scenes.scene2d.actions.RotateByAction#getAmount	var amount	amount
Property	com.badlogic.gdx.scenes.scene2d.actions.RotateToAction#getRotation	var rotation	rotation
Property	com.badlogic.gdx.scenes.scene2d.actions.RotateToAction#isUseShortestDirection	var useShortestDirection	useShortestDirection
Property	com.badlogic.gdx.scenes.scene2d.actions.RunnableAction#getRunnable	var runnable	runnable
Property	com.badlogic.gdx.scenes.scene2d.actions.ScaleByAction#getAmountX	var amountX	amountX
Property	com.badlogic.gdx.scenes.scene2d.actions.ScaleByAction#getAmountY	var amountY	amountY
Property	com.badlogic.gdx.scenes.scene2d.actions.SizeByAction#getAmountHeight	var amountHeight	amountHeight
Property	com.badlogic.gdx.scenes.scene2d.actions.SizeByAction#getAmountWidth	var amountWidth	amountWidth
Property	com.badlogic.gdx.scenes.scene2d.actions.TemporalAction#getDuration	var duration	duration
Property	com.badlogic.gdx.scenes.scene2d.actions.TemporalAction#getInterpolation	var interpolation	interpolation
Property	com.badlogic.gdx.scenes.scene2d.actions.TemporalAction#getTime	var time	time
Property	com.badlogic.gdx.scenes.scene2d.actions.TemporalAction#isComplete	var complete	complete
Property	com.badlogic.gdx.scenes.scene2d.actions.TemporalAction#isReverse	var reverse	reverse
Property	com.badlogic.gdx.scenes.scene2d.actions.TimeScaleAction#getScale	var scale	scale
Property	com.badlogic.gdx.scenes.scene2d.actions.TouchableAction#getTouchable	var touchable	touchable
Property	com.badlogic.gdx.scenes.scene2d.actions.VisibleAction#isVisible	var visible	visible
Property	com.badlogic.gdx.scenes.scene2d.ui.Button#getBackgroundDrawable	var backgroundDrawable	backgroundDrawable
Property	com.badlogic.gdx.scenes.scene2d.ui.Button#getButtonGroup	var buttonGroup	buttonGroup
Property	com.badlogic.gdx.scenes.scene2d.ui.Button#getClickListener	var clickListener	clickListener
Property	com.badlogic.gdx.scenes.scene2d.ui.Button#getMinHeight	var minHeight	minHeight
Property	com.badlogic.gdx.scenes.scene2d.ui.Button#getMinWidth	var minWidth	minWidth
Property	com.badlogic.gdx.scenes.scene2d.ui.Button#getPrefHeight	var prefHeight	prefHeight
Property	com.badlogic.gdx.scenes.scene2d.ui.Button#getPrefWidth	var prefWidth	prefWidth
Property	com.badlogic.gdx.scenes.scene2d.ui.Button#getProgrammaticChangeEvents	var programmaticChangeEvents	programmaticChangeEvents
Property	com.badlogic.gdx.scenes.scene2d.ui.Button#getStyle	var style	style
Property	com.badlogic.gdx.scenes.scene2d.ui.Button#isChecked	var checked	checked
Property	com.badlogic.gdx.scenes.scene2d.ui.Button#isDisabled	var disabled	disabled
Property	com.badlogic.gdx.scenes.scene2d.ui.ButtonGroup#getAllChecked	var allChecked	allChecked
Property	com.badlogic.gdx.scenes.scene2d.ui.ButtonGroup#getButtons	var buttons	buttons
Property	com.badlogic.gdx.scenes.scene2d.ui.ButtonGroup#getChecked	var checked	checked
Property	com.badlogic.gdx.scenes.scene2d.ui.ButtonGroup#getCheckedIndex	var checkedIndex	checkedIndex
Property	com.badlogic.gdx.scenes.scene2d.ui.Cell#getActorHeight	var actorHeight	actorHeight
Property	com.badlogic.gdx.scenes.scene2d.ui.Cell#getActorWidth	var actorWidth	actorWidth
Property	com.badlogic.gdx.scenes.scene2d.ui.Cell#getActorX	var actorX	actorX
Property	com.badlogic.gdx.scenes.scene2d.ui.Cell#getActorY	var actorY	actorY
Property	com.badlogic.gdx.scenes.scene2d.ui.Cell#getAlign	var align	align
Property	com.badlogic.gdx.scenes.scene2d.ui.Cell#getColspan	var colspan	colspan
Property	com.badlogic.gdx.scenes.scene2d.ui.Cell#getColumn	var column	column
Property	com.badlogic.gdx.scenes.scene2d.ui.Cell#getComputedPadBottom	var computedPadBottom	computedPadBottom
Property	com.badlogic.gdx.scenes.scene2d.ui.Cell#getComputedPadLeft	var computedPadLeft	computedPadLeft
Property	com.badlogic.gdx.scenes.scene2d.ui.Cell#getComputedPadRight	var computedPadRight	computedPadRight
Property	com.badlogic.gdx.scenes.scene2d.ui.Cell#getComputedPadTop	var computedPadTop	computedPadTop
Property	com.badlogic.gdx.scenes.scene2d.ui.Cell#getTable	var table	table
Property	com.badlogic.gdx.scenes.scene2d.ui.Cell#isEndRow	var endRow	endRow
Property	com.badlogic.gdx.scenes.scene2d.ui.CheckBox#getImage	var image	image
Property	com.badlogic.gdx.scenes.scene2d.ui.CheckBox#getImageCell	var imageCell	imageCell
Property	com.badlogic.gdx.scenes.scene2d.ui.CheckBox#getImageDrawable	var imageDrawable	imageDrawable
Property	com.badlogic.gdx.scenes.scene2d.ui.CheckBox#getStyle	var style	style
Property	com.badlogic.gdx.scenes.scene2d.ui.Container#getActor	var actor	actor
Property	com.badlogic.gdx.scenes.scene2d.ui.Container#getAlign	var align	align
Property	com.badlogic.gdx.scenes.scene2d.ui.Container#getBackground	var background	background
Property	com.badlogic.gdx.scenes.scene2d.ui.Container#getMaxHeight	var maxHeight	maxHeight
Property	com.badlogic.gdx.scenes.scene2d.ui.Container#getMaxHeightValue	var maxHeightValue	maxHeightValue
Property	com.badlogic.gdx.scenes.scene2d.ui.Container#getMaxWidth	var maxWidth	maxWidth
Property	com.badlogic.gdx.scenes.scene2d.ui.Container#getMaxWidthValue	var maxWidthValue	maxWidthValue
Property	com.badlogic.gdx.scenes.scene2d.ui.Container#getMinHeight	var minHeight	minHeight
Property	com.badlogic.gdx.scenes.scene2d.ui.Container#getMinHeightValue	var minHeightValue	minHeightValue
Property	com.badlogic.gdx.scenes.scene2d.ui.Container#getMinWidth	var minWidth	minWidth
Property	com.badlogic.gdx.scenes.scene2d.ui.Container#getPadBottomValue	var padBottomValue	padBottomValue
Property	com.badlogic.gdx.scenes.scene2d.ui.Container#getPadLeftValue	var padLeftValue	padLeftValue
Property	com.badlogic.gdx.scenes.scene2d.ui.Container#getPadRightValue	var padRightValue	padRightValue
Property	com.badlogic.gdx.scenes.scene2d.ui.Container#getPadTopValue	var padTopValue	padTopValue
Property	com.badlogic.gdx.scenes.scene2d.ui.Container#getPadX	var padX	padX
Property	com.badlogic.gdx.scenes.scene2d.ui.Container#getPadY	var padY	padY
Property	com.badlogic.gdx.scenes.scene2d.ui.Container#getPrefHeight	var prefHeight	prefHeight
Property	com.badlogic.gdx.scenes.scene2d.ui.Container#getPrefHeightValue	var prefHeightValue	prefHeightValue
Property	com.badlogic.gdx.scenes.scene2d.ui.Container#getPrefWidth	var prefWidth	prefWidth
Property	com.badlogic.gdx.scenes.scene2d.ui.Container#getPrefWidthValue	var prefWidthValue	prefWidthValue
Property	com.badlogic.gdx.scenes.scene2d.ui.Dialog#getButtonTable	var buttonTable	buttonTable
Property	com.badlogic.gdx.scenes.scene2d.ui.Dialog#getContentTable	var contentTable	contentTable
Property	com.badlogic.gdx.scenes.scene2d.ui.HorizontalGroup#getAlign	var align	align
Property	com.badlogic.gdx.scenes.scene2d.ui.HorizontalGroup#getPrefHeight	var prefHeight	prefHeight
Property	com.badlogic.gdx.scenes.scene2d.ui.HorizontalGroup#getPrefWidth	var prefWidth	prefWidth
Property	com.badlogic.gdx.scenes.scene2d.ui.HorizontalGroup#getSpace	var space	space
Property	com.badlogic.gdx.scenes.scene2d.ui.HorizontalGroup#getWrapSpace	var wrapSpace	wrapSpace
Property	com.badlogic.gdx.scenes.scene2d.ui.Image#getDrawable	var drawable	drawable
Property	com.badlogic.gdx.scenes.scene2d.ui.Image#getImageHeight	var imageHeight	imageHeight
Property	com.badlogic.gdx.scenes.scene2d.ui.Image#getImageWidth	var imageWidth	imageWidth
Property	com.badlogic.gdx.scenes.scene2d.ui.Image#getImageX	var imageX	imageX
Property	com.badlogic.gdx.scenes.scene2d.ui.Image#getImageY	var imageY	imageY
Property	com.badlogic.gdx.scenes.scene2d.ui.Image#getMinHeight	var minHeight	minHeight
Property	com.badlogic.gdx.scenes.scene2d.ui.Image#getMinWidth	var minWidth	minWidth
Property	com.badlogic.gdx.scenes.scene2d.ui.Image#getPrefHeight	var prefHeight	prefHeight
Property	com.badlogic.gdx.scenes.scene2d.ui.Image#getPrefWidth	var prefWidth	prefWidth
Property	com.badlogic.gdx.scenes.scene2d.ui.ImageButton#getImage	var image	image
Property	com.badlogic.gdx.scenes.scene2d.ui.ImageButton#getImageCell	var imageCell	imageCell
Property	com.badlogic.gdx.scenes.scene2d.ui.ImageButton#getImageDrawable	var imageDrawable	imageDrawable
Property	com.badlogic.gdx.scenes.scene2d.ui.ImageButton#getStyle	var style	style
Property	com.badlogic.gdx.scenes.scene2d.ui.ImageTextButton#getFontColor	var fontColor	fontColor
Property	com.badlogic.gdx.scenes.scene2d.ui.ImageTextButton#getImage	var image	image
Property	com.badlogic.gdx.scenes.scene2d.ui.ImageTextButton#getImageCell	var imageCell	imageCell
Property	com.badlogic.gdx.scenes.scene2d.ui.ImageTextButton#getImageDrawable	var imageDrawable	imageDrawable
Property	com.badlogic.gdx.scenes.scene2d.ui.ImageTextButton#getLabel	var label	label
Property	com.badlogic.gdx.scenes.scene2d.ui.ImageTextButton#getLabelCell	var labelCell	labelCell
Property	com.badlogic.gdx.scenes.scene2d.ui.ImageTextButton#getStyle	var style	style
Property	com.badlogic.gdx.scenes.scene2d.ui.ImageTextButton#getText	var text	text
Property	com.badlogic.gdx.scenes.scene2d.ui.Label#getBitmapFontCache	var bitmapFontCache	bitmapFontCache
Property	com.badlogic.gdx.scenes.scene2d.ui.Label#getFontScaleX	var fontScaleX	fontScaleX
Property	com.badlogic.gdx.scenes.scene2d.ui.Label#getFontScaleY	var fontScaleY	fontScaleY
Property	com.badlogic.gdx.scenes.scene2d.ui.Label#getGlyphLayout	var glyphLayout	glyphLayout
Property	com.badlogic.gdx.scenes.scene2d.ui.Label#getLabelAlign	var labelAlign	labelAlign
Property	com.badlogic.gdx.scenes.scene2d.ui.Label#getLineAlign	var lineAlign	lineAlign
Property	com.badlogic.gdx.scenes.scene2d.ui.Label#getPrefHeight	var prefHeight	prefHeight
Property	com.badlogic.gdx.scenes.scene2d.ui.Label#getPrefWidth	var prefWidth	prefWidth
Property	com.badlogic.gdx.scenes.scene2d.ui.Label#getStyle	var style	style
Property	com.badlogic.gdx.scenes.scene2d.ui.Label#getText	var text	text
Property	com.badlogic.gdx.scenes.scene2d.ui.Label#getWrap	var wrap	wrap
Property	com.badlogic.gdx.scenes.scene2d.ui.List#getAlignment	var alignment	alignment
Property	com.badlogic.gdx.scenes.scene2d.ui.List#getCullingArea	var cullingArea	cullingArea
Property	com.badlogic.gdx.scenes.scene2d.ui.List#getItemHeight	var itemHeight	itemHeight
Property	com.badlogic.gdx.scenes.scene2d.ui.List#getItems	var items	items
Property	com.badlogic.gdx.scenes.scene2d.ui.List#getKeyListener	var keyListener	keyListener
Property	com.badlogic.gdx.scenes.scene2d.ui.List#getOverItem	var overItem	overItem
Property	com.badlogic.gdx.scenes.scene2d.ui.List#getPrefHeight	var prefHeight	prefHeight
Property	com.badlogic.gdx.scenes.scene2d.ui.List#getPrefWidth	var prefWidth	prefWidth
Property	com.badlogic.gdx.scenes.scene2d.ui.List#getPressedItem	var pressedItem	pressedItem
Property	com.badlogic.gdx.scenes.scene2d.ui.List#getSelected	var selected	selected
Property	com.badlogic.gdx.scenes.scene2d.ui.List#getSelectedIndex	var selectedIndex	selectedIndex
Property	com.badlogic.gdx.scenes.scene2d.ui.List#getSelection	var selection	selection
Property	com.badlogic.gdx.scenes.scene2d.ui.List#getStyle	var style	style
Property	com.badlogic.gdx.scenes.scene2d.ui.ParticleEffectActor#isAutoRemove	var autoRemove	autoRemove
Property	com.badlogic.gdx.scenes.scene2d.ui.ParticleEffectActor#isResetOnStart	var resetOnStart	resetOnStart
Property	com.badlogic.gdx.scenes.scene2d.ui.ParticleEffectActor#isRunning	var running	running
Property	com.badlogic.gdx.scenes.scene2d.ui.ProgressBar#getBackgroundDrawable	var backgroundDrawable	backgroundDrawable
Property	com.badlogic.gdx.scenes.scene2d.ui.ProgressBar#getKnobAfterDrawable	var knobAfterDrawable	knobAfterDrawable
Property	com.badlogic.gdx.scenes.scene2d.ui.ProgressBar#getKnobBeforeDrawable	var knobBeforeDrawable	knobBeforeDrawable
Property	com.badlogic.gdx.scenes.scene2d.ui.ProgressBar#getKnobDrawable	var knobDrawable	knobDrawable
Property	com.badlogic.gdx.scenes.scene2d.ui.ProgressBar#getPercent	var percent	percent
Property	com.badlogic.gdx.scenes.scene2d.ui.ProgressBar#getPrefHeight	var prefHeight	prefHeight
Property	com.badlogic.gdx.scenes.scene2d.ui.ProgressBar#getPrefWidth	var prefWidth	prefWidth
Property	com.badlogic.gdx.scenes.scene2d.ui.ProgressBar#getProgrammaticChangeEvents	var programmaticChangeEvents	programmaticChangeEvents
Property	com.badlogic.gdx.scenes.scene2d.ui.ProgressBar#getStepSize	var stepSize	stepSize
Property	com.badlogic.gdx.scenes.scene2d.ui.ProgressBar#getStyle	var style	style
Property	com.badlogic.gdx.scenes.scene2d.ui.ProgressBar#getValue	var value	value
Property	com.badlogic.gdx.scenes.scene2d.ui.ProgressBar#getVisualPercent	var visualPercent	visualPercent
Property	com.badlogic.gdx.scenes.scene2d.ui.ProgressBar#getVisualValue	var visualValue	visualValue
Property	com.badlogic.gdx.scenes.scene2d.ui.ProgressBar#isAnimating	var animating	animating
Property	com.badlogic.gdx.scenes.scene2d.ui.ProgressBar#isDisabled	var disabled	disabled
Property	com.badlogic.gdx.scenes.scene2d.ui.ProgressBar#isVertical	var vertical	vertical
Property	com.badlogic.gdx.scenes.scene2d.ui.ScrollPane#getFadeScrollBars	var fadeScrollBars	fadeScrollBars
Property	com.badlogic.gdx.scenes.scene2d.ui.ScrollPane#getMaxX	var maxX	maxX
Property	com.badlogic.gdx.scenes.scene2d.ui.ScrollPane#getMaxY	var maxY	maxY
Property	com.badlogic.gdx.scenes.scene2d.ui.ScrollPane#getMinHeight	var minHeight	minHeight
Property	com.badlogic.gdx.scenes.scene2d.ui.ScrollPane#getMinWidth	var minWidth	minWidth
Property	com.badlogic.gdx.scenes.scene2d.ui.ScrollPane#getMouseWheelX	var mouseWheelX	mouseWheelX
Property	com.badlogic.gdx.scenes.scene2d.ui.ScrollPane#getMouseWheelY	var mouseWheelY	mouseWheelY
Property	com.badlogic.gdx.scenes.scene2d.ui.ScrollPane#getOverscrollDistance	var overscrollDistance	overscrollDistance
Property	com.badlogic.gdx.scenes.scene2d.ui.ScrollPane#getPrefHeight	var prefHeight	prefHeight
Property	com.badlogic.gdx.scenes.scene2d.ui.ScrollPane#getPrefWidth	var prefWidth	prefWidth
Property	com.badlogic.gdx.scenes.scene2d.ui.ScrollPane#getScrollBarHeight	var scrollBarHeight	scrollBarHeight
Property	com.badlogic.gdx.scenes.scene2d.ui.ScrollPane#getScrollBarWidth	var scrollBarWidth	scrollBarWidth
Property	com.badlogic.gdx.scenes.scene2d.ui.ScrollPane#getScrollHeight	var scrollHeight	scrollHeight
Property	com.badlogic.gdx.scenes.scene2d.ui.ScrollPane#getScrollPercentX	var scrollPercentX	scrollPercentX
Property	com.badlogic.gdx.scenes.scene2d.ui.ScrollPane#getScrollPercentY	var scrollPercentY	scrollPercentY
Property	com.badlogic.gdx.scenes.scene2d.ui.ScrollPane#getScrollWidth	var scrollWidth	scrollWidth
Property	com.badlogic.gdx.scenes.scene2d.ui.ScrollPane#getScrollX	var scrollX	scrollX
Property	com.badlogic.gdx.scenes.scene2d.ui.ScrollPane#getScrollY	var scrollY	scrollY
Property	com.badlogic.gdx.scenes.scene2d.ui.ScrollPane#getStyle	var style	style
Property	com.badlogic.gdx.scenes.scene2d.ui.ScrollPane#getVariableSizeKnobs	var variableSizeKnobs	variableSizeKnobs
Property	com.badlogic.gdx.scenes.scene2d.ui.ScrollPane#getVelocityX	var velocityX	velocityX
Property	com.badlogic.gdx.scenes.scene2d.ui.ScrollPane#getVelocityY	var velocityY	velocityY
Property	com.badlogic.gdx.scenes.scene2d.ui.ScrollPane#getVisualScrollPercentX	var visualScrollPercentX	visualScrollPercentX
Property	com.badlogic.gdx.scenes.scene2d.ui.ScrollPane#getVisualScrollPercentY	var visualScrollPercentY	visualScrollPercentY
Property	com.badlogic.gdx.scenes.scene2d.ui.ScrollPane#getVisualScrollX	var visualScrollX	visualScrollX
Property	com.badlogic.gdx.scenes.scene2d.ui.ScrollPane#getVisualScrollY	var visualScrollY	visualScrollY
Property	com.badlogic.gdx.scenes.scene2d.ui.SelectBox#getBackgroundDrawable	var backgroundDrawable	backgroundDrawable
Property	com.badlogic.gdx.scenes.scene2d.ui.SelectBox#getClickListener	var clickListener	clickListener
Property	com.badlogic.gdx.scenes.scene2d.ui.SelectBox#getFontColor	var fontColor	fontColor
Property	com.badlogic.gdx.scenes.scene2d.ui.SelectBox#getItems	var items	items
Property	com.badlogic.gdx.scenes.scene2d.ui.SelectBox#getList	var list	list
Property	com.badlogic.gdx.scenes.scene2d.ui.SelectBox#getMaxListCount	var maxListCount	maxListCount
Property	com.badlogic.gdx.scenes.scene2d.ui.SelectBox#getMaxSelectedPrefWidth	var maxSelectedPrefWidth	maxSelectedPrefWidth
Property	com.badlogic.gdx.scenes.scene2d.ui.SelectBox#getPrefHeight	var prefHeight	prefHeight
Property	com.badlogic.gdx.scenes.scene2d.ui.SelectBox#getPrefWidth	var prefWidth	prefWidth
Property	com.badlogic.gdx.scenes.scene2d.ui.SelectBox#getScrollPane	var scrollPane	scrollPane
Property	com.badlogic.gdx.scenes.scene2d.ui.SelectBox#getSelected	var selected	selected
Property	com.badlogic.gdx.scenes.scene2d.ui.SelectBox#getSelectedIndex	var selectedIndex	selectedIndex
Property	com.badlogic.gdx.scenes.scene2d.ui.SelectBox#getSelectedPrefWidth	var selectedPrefWidth	selectedPrefWidth
Property	com.badlogic.gdx.scenes.scene2d.ui.SelectBox#getSelection	var selection	selection
Property	com.badlogic.gdx.scenes.scene2d.ui.SelectBox#getStyle	var style	style
Property	com.badlogic.gdx.scenes.scene2d.ui.SelectBox#isDisabled	var disabled	disabled
Property	com.badlogic.gdx.scenes.scene2d.ui.SelectBox$SelectBoxScrollPane#getList	var list	list
Property	com.badlogic.gdx.scenes.scene2d.ui.SelectBox$SelectBoxScrollPane#getSelectBox	var selectBox	selectBox
Property	com.badlogic.gdx.scenes.scene2d.ui.Skin#getAtlas	var atlas	atlas
Property	com.badlogic.gdx.scenes.scene2d.ui.Slider#getBackgroundDrawable	var backgroundDrawable	backgroundDrawable
Property	com.badlogic.gdx.scenes.scene2d.ui.Slider#getKnobAfterDrawable	var knobAfterDrawable	knobAfterDrawable
Property	com.badlogic.gdx.scenes.scene2d.ui.Slider#getKnobBeforeDrawable	var knobBeforeDrawable	knobBeforeDrawable
Property	com.badlogic.gdx.scenes.scene2d.ui.Slider#getKnobDrawable	var knobDrawable	knobDrawable
Property	com.badlogic.gdx.scenes.scene2d.ui.Slider#getSnapToValues	var snapToValues	snapToValues
Property	com.badlogic.gdx.scenes.scene2d.ui.Slider#getSnapToValuesThreshold	var snapToValuesThreshold	snapToValuesThreshold
Property	com.badlogic.gdx.scenes.scene2d.ui.Slider#isOver	var over	over
Property	com.badlogic.gdx.scenes.scene2d.ui.SplitPane#getMinHeight	var minHeight	minHeight
Property	com.badlogic.gdx.scenes.scene2d.ui.SplitPane#getMinWidth	var minWidth	minWidth
Property	com.badlogic.gdx.scenes.scene2d.ui.SplitPane#getPrefHeight	var prefHeight	prefHeight
Property	com.badlogic.gdx.scenes.scene2d.ui.SplitPane#getPrefWidth	var prefWidth	prefWidth
Property	com.badlogic.gdx.scenes.scene2d.ui.SplitPane#getSplitAmount	var splitAmount	splitAmount
Property	com.badlogic.gdx.scenes.scene2d.ui.SplitPane#getStyle	var style	style
Property	com.badlogic.gdx.scenes.scene2d.ui.SplitPane#isVertical	var vertical	vertical
Property	com.badlogic.gdx.scenes.scene2d.ui.Stack#getMaxHeight	var maxHeight	maxHeight
Property	com.badlogic.gdx.scenes.scene2d.ui.Stack#getMaxWidth	var maxWidth	maxWidth
Property	com.badlogic.gdx.scenes.scene2d.ui.Stack#getMinHeight	var minHeight	minHeight
Property	com.badlogic.gdx.scenes.scene2d.ui.Stack#getMinWidth	var minWidth	minWidth
Property	com.badlogic.gdx.scenes.scene2d.ui.Stack#getPrefHeight	var prefHeight	prefHeight
Property	com.badlogic.gdx.scenes.scene2d.ui.Stack#getPrefWidth	var prefWidth	prefWidth
Property	com.badlogic.gdx.scenes.scene2d.ui.Styleable#getStyle	var style	style
Property	com.badlogic.gdx.scenes.scene2d.ui.Table#getAlign	var align	align
Property	com.badlogic.gdx.scenes.scene2d.ui.Table#getBackground	var background	background
Property	com.badlogic.gdx.scenes.scene2d.ui.Table#getMinHeight	var minHeight	minHeight
Property	com.badlogic.gdx.scenes.scene2d.ui.Table#getMinWidth	var minWidth	minWidth
Property	com.badlogic.gdx.scenes.scene2d.ui.Table#getPadBottomValue	var padBottomValue	padBottomValue
Property	com.badlogic.gdx.scenes.scene2d.ui.Table#getPadLeftValue	var padLeftValue	padLeftValue
Property	com.badlogic.gdx.scenes.scene2d.ui.Table#getPadRightValue	var padRightValue	padRightValue
Property	com.badlogic.gdx.scenes.scene2d.ui.Table#getPadTopValue	var padTopValue	padTopValue
Property	com.badlogic.gdx.scenes.scene2d.ui.Table#getPrefHeight	var prefHeight	prefHeight
Property	com.badlogic.gdx.scenes.scene2d.ui.Table#getPrefWidth	var prefWidth	prefWidth
Property	com.badlogic.gdx.scenes.scene2d.ui.Table#getTableDebug	var tableDebug	tableDebug
Property	com.badlogic.gdx.scenes.scene2d.ui.TextArea#getCursorLine	var cursorLine	cursorLine
Property	com.badlogic.gdx.scenes.scene2d.ui.TextArea#getCursorX	var cursorX	cursorX
Property	com.badlogic.gdx.scenes.scene2d.ui.TextArea#getCursorY	var cursorY	cursorY
Property	com.badlogic.gdx.scenes.scene2d.ui.TextArea#getFirstLineShowing	var firstLineShowing	firstLineShowing
Property	com.badlogic.gdx.scenes.scene2d.ui.TextArea#getLines	var lines	lines
Property	com.badlogic.gdx.scenes.scene2d.ui.TextArea#getLinesShowing	var linesShowing	linesShowing
Property	com.badlogic.gdx.scenes.scene2d.ui.TextArea#getPrefHeight	var prefHeight	prefHeight
Property	com.badlogic.gdx.scenes.scene2d.ui.TextButton#getFontColor	var fontColor	fontColor
Property	com.badlogic.gdx.scenes.scene2d.ui.TextButton#getLabel	var label	label
Property	com.badlogic.gdx.scenes.scene2d.ui.TextButton#getLabelCell	var labelCell	labelCell
Property	com.badlogic.gdx.scenes.scene2d.ui.TextButton#getStyle	var style	style
Property	com.badlogic.gdx.scenes.scene2d.ui.TextButton#getText	var text	text
Property	com.badlogic.gdx.scenes.scene2d.ui.TextField#getAlignment	var alignment	alignment
Property	com.badlogic.gdx.scenes.scene2d.ui.TextField#getBackgroundDrawable	var backgroundDrawable	backgroundDrawable
Property	com.badlogic.gdx.scenes.scene2d.ui.TextField#getCursorPosition	var cursorPosition	cursorPosition
Property	com.badlogic.gdx.scenes.scene2d.ui.TextField#getDefaultInputListener	var defaultInputListener	defaultInputListener
Property	com.badlogic.gdx.scenes.scene2d.ui.TextField#getMessageText	var messageText	messageText
Property	com.badlogic.gdx.scenes.scene2d.ui.TextField#getOnscreenKeyboard	var onscreenKeyboard	onscreenKeyboard
Property	com.badlogic.gdx.scenes.scene2d.ui.TextField#getPrefHeight	var prefHeight	prefHeight
Property	com.badlogic.gdx.scenes.scene2d.ui.TextField#getPrefWidth	var prefWidth	prefWidth
Property	com.badlogic.gdx.scenes.scene2d.ui.TextField#getSelection	var selection	selection
Property	com.badlogic.gdx.scenes.scene2d.ui.TextField#getStyle	var style	style
Property	com.badlogic.gdx.scenes.scene2d.ui.TextField#getText	var text	text
Property	com.badlogic.gdx.scenes.scene2d.ui.TextField#getTextFieldFilter	var textFieldFilter	textFieldFilter
Property	com.badlogic.gdx.scenes.scene2d.ui.TextField#isDisabled	var disabled	disabled
Property	com.badlogic.gdx.scenes.scene2d.ui.TextTooltip#getStyle	var style	style
Property	com.badlogic.gdx.scenes.scene2d.ui.Tooltip#getContainer	var container	container
Property	com.badlogic.gdx.scenes.scene2d.ui.Tooltip#getManager	var manager	manager
Property	com.badlogic.gdx.scenes.scene2d.ui.Touchpad#getKnobPercentX	var knobPercentX	knobPercentX
Property	com.badlogic.gdx.scenes.scene2d.ui.Touchpad#getKnobPercentY	var knobPercentY	knobPercentY
Property	com.badlogic.gdx.scenes.scene2d.ui.Touchpad#getKnobX	var knobX	knobX
Property	com.badlogic.gdx.scenes.scene2d.ui.Touchpad#getKnobY	var knobY	knobY
Property	com.badlogic.gdx.scenes.scene2d.ui.Touchpad#getPrefHeight	var prefHeight	prefHeight
Property	com.badlogic.gdx.scenes.scene2d.ui.Touchpad#getPrefWidth	var prefWidth	prefWidth
Property	com.badlogic.gdx.scenes.scene2d.ui.Touchpad#getResetOnTouchUp	var resetOnTouchUp	resetOnTouchUp
Property	com.badlogic.gdx.scenes.scene2d.ui.Touchpad#getStyle	var style	style
Property	com.badlogic.gdx.scenes.scene2d.ui.Touchpad#isTouched	var touched	touched
Property	com.badlogic.gdx.scenes.scene2d.ui.Tree#getClickListener	var clickListener	clickListener
Property	com.badlogic.gdx.scenes.scene2d.ui.Tree#getIndentSpacing	var indentSpacing	indentSpacing
Property	com.badlogic.gdx.scenes.scene2d.ui.Tree#getOverNode	var overNode	overNode
Property	com.badlogic.gdx.scenes.scene2d.ui.Tree#getOverValue	var overValue	overValue
Property	com.badlogic.gdx.scenes.scene2d.ui.Tree#getPrefHeight	var prefHeight	prefHeight
Property	com.badlogic.gdx.scenes.scene2d.ui.Tree#getPrefWidth	var prefWidth	prefWidth
Property	com.badlogic.gdx.scenes.scene2d.ui.Tree#getRootNodes	var rootNodes	rootNodes
Property	com.badlogic.gdx.scenes.scene2d.ui.Tree#getSelectedNode	var selectedNode	selectedNode
Property	com.badlogic.gdx.scenes.scene2d.ui.Tree#getSelectedValue	var selectedValue	selectedValue
Property	com.badlogic.gdx.scenes.scene2d.ui.Tree#getSelection	var selection	selection
Property	com.badlogic.gdx.scenes.scene2d.ui.Tree#getStyle	var style	style
Property	com.badlogic.gdx.scenes.scene2d.ui.Tree#getYSpacing	var ySpacing	ySpacing
Property	com.badlogic.gdx.scenes.scene2d.ui.Tree$Node#getActor	var actor	actor
Property	com.badlogic.gdx.scenes.scene2d.ui.Tree$Node#getChildren	var children	children
Property	com.badlogic.gdx.scenes.scene2d.ui.Tree$Node#getIcon	var icon	icon
Property	com.badlogic.gdx.scenes.scene2d.ui.Tree$Node#getLevel	var level	level
Property	com.badlogic.gdx.scenes.scene2d.ui.Tree$Node#getParent	var parent	parent
Property	com.badlogic.gdx.scenes.scene2d.ui.Tree$Node#getTree	var tree	tree
Property	com.badlogic.gdx.scenes.scene2d.ui.Tree$Node#getValue	var value	value
Property	com.badlogic.gdx.scenes.scene2d.ui.Tree$Node#isExpanded	var expanded	expanded
Property	com.badlogic.gdx.scenes.scene2d.ui.VerticalGroup#getAlign	var align	align
Property	com.badlogic.gdx.scenes.scene2d.ui.VerticalGroup#getColumns	var columns	columns
Property	com.badlogic.gdx.scenes.scene2d.ui.VerticalGroup#getPrefHeight	var prefHeight	prefHeight
Property	com.badlogic.gdx.scenes.scene2d.ui.VerticalGroup#getPrefWidth	var prefWidth	prefWidth
Property	com.badlogic.gdx.scenes.scene2d.ui.VerticalGroup#getSpace	var space	space
Property	com.badlogic.gdx.scenes.scene2d.ui.VerticalGroup#getWrapSpace	var wrapSpace	wrapSpace
Property	com.badlogic.gdx.scenes.scene2d.ui.Widget#getMaxHeight	var maxHeight	maxHeight
Property	com.badlogic.gdx.scenes.scene2d.ui.Widget#getMaxWidth	var maxWidth	maxWidth
Property	com.badlogic.gdx.scenes.scene2d.ui.Widget#getMinHeight	var minHeight	minHeight
Property	com.badlogic.gdx.scenes.scene2d.ui.Widget#getMinWidth	var minWidth	minWidth
Property	com.badlogic.gdx.scenes.scene2d.ui.Widget#getPrefHeight	var prefHeight	prefHeight
Property	com.badlogic.gdx.scenes.scene2d.ui.Widget#getPrefWidth	var prefWidth	prefWidth
Property	com.badlogic.gdx.scenes.scene2d.ui.WidgetGroup#getMaxHeight	var maxHeight	maxHeight
Property	com.badlogic.gdx.scenes.scene2d.ui.WidgetGroup#getMaxWidth	var maxWidth	maxWidth
Property	com.badlogic.gdx.scenes.scene2d.ui.WidgetGroup#getMinHeight	var minHeight	minHeight
Property	com.badlogic.gdx.scenes.scene2d.ui.WidgetGroup#getMinWidth	var minWidth	minWidth
Property	com.badlogic.gdx.scenes.scene2d.ui.WidgetGroup#getPrefHeight	var prefHeight	prefHeight
Property	com.badlogic.gdx.scenes.scene2d.ui.WidgetGroup#getPrefWidth	var prefWidth	prefWidth
Property	com.badlogic.gdx.scenes.scene2d.ui.Window#getPrefWidth	var prefWidth	prefWidth
Property	com.badlogic.gdx.scenes.scene2d.ui.Window#getStyle	var style	style
Property	com.badlogic.gdx.scenes.scene2d.ui.Window#getTitleLabel	var titleLabel	titleLabel
Property	com.badlogic.gdx.scenes.scene2d.ui.Window#getTitleTable	var titleTable	titleTable
Property	com.badlogic.gdx.scenes.scene2d.utils.ActorGestureListener#getGestureDetector	var gestureDetector	gestureDetector
Property	com.badlogic.gdx.scenes.scene2d.utils.ActorGestureListener#getTouchDownTarget	var touchDownTarget	touchDownTarget
Property	com.badlogic.gdx.scenes.scene2d.utils.ArraySelection#getRangeSelect	var rangeSelect	rangeSelect
Property	com.badlogic.gdx.scenes.scene2d.utils.BaseDrawable#getBottomHeight	var bottomHeight	bottomHeight
Property	com.badlogic.gdx.scenes.scene2d.utils.BaseDrawable#getLeftWidth	var leftWidth	leftWidth
Property	com.badlogic.gdx.scenes.scene2d.utils.BaseDrawable#getMinHeight	var minHeight	minHeight
Property	com.badlogic.gdx.scenes.scene2d.utils.BaseDrawable#getMinWidth	var minWidth	minWidth
Property	com.badlogic.gdx.scenes.scene2d.utils.BaseDrawable#getName	var name	name
Property	com.badlogic.gdx.scenes.scene2d.utils.BaseDrawable#getRightWidth	var rightWidth	rightWidth
Property	com.badlogic.gdx.scenes.scene2d.utils.BaseDrawable#getTopHeight	var topHeight	topHeight
Property	com.badlogic.gdx.scenes.scene2d.utils.ClickListener#getButton	var button	button
Property	com.badlogic.gdx.scenes.scene2d.utils.ClickListener#getPressedButton	var pressedButton	pressedButton
Property	com.badlogic.gdx.scenes.scene2d.utils.ClickListener#getPressedPointer	var pressedPointer	pressedPointer
Property	com.badlogic.gdx.scenes.scene2d.utils.ClickListener#getTapCount	var tapCount	tapCount
Property	com.badlogic.gdx.scenes.scene2d.utils.ClickListener#getTapSquareSize	var tapSquareSize	tapSquareSize
Property	com.badlogic.gdx.scenes.scene2d.utils.ClickListener#getTouchDownX	var touchDownX	touchDownX
Property	com.badlogic.gdx.scenes.scene2d.utils.ClickListener#getTouchDownY	var touchDownY	touchDownY
Property	com.badlogic.gdx.scenes.scene2d.utils.ClickListener#isOver()	var over	over
Property	com.badlogic.gdx.scenes.scene2d.utils.ClickListener#isPressed	var pressed	pressed
Property	com.badlogic.gdx.scenes.scene2d.utils.Disableable#isDisabled	var disabled	disabled
Property	com.badlogic.gdx.scenes.scene2d.utils.DragAndDrop#getDragTime	var dragTime	dragTime
Property	com.badlogic.gdx.scenes.scene2d.utils.DragAndDrop#isDragging	var dragging	dragging
Property	com.badlogic.gdx.scenes.scene2d.utils.DragAndDrop$Payload#getDragActor	var dragActor	dragActor
Property	com.badlogic.gdx.scenes.scene2d.utils.DragAndDrop$Payload#getInvalidDragActor	var invalidDragActor	invalidDragActor
Property	com.badlogic.gdx.scenes.scene2d.utils.DragAndDrop$Payload#getValidDragActor	var validDragActor	validDragActor
Property	com.badlogic.gdx.scenes.scene2d.utils.DragAndDrop$Source#getActor	var actor	actor
Property	com.badlogic.gdx.scenes.scene2d.utils.DragAndDrop$Target#getActor	var actor	actor
Property	com.badlogic.gdx.scenes.scene2d.utils.DragListener#getButton	var button	button
Property	com.badlogic.gdx.scenes.scene2d.utils.DragListener#getDeltaX	var deltaX	deltaX
Property	com.badlogic.gdx.scenes.scene2d.utils.DragListener#getDeltaY	var deltaY	deltaY
Property	com.badlogic.gdx.scenes.scene2d.utils.DragListener#getDragDistance	var dragDistance	dragDistance
Property	com.badlogic.gdx.scenes.scene2d.utils.DragListener#getDragStartX	var dragStartX	dragStartX
Property	com.badlogic.gdx.scenes.scene2d.utils.DragListener#getDragStartY	var dragStartY	dragStartY
Property	com.badlogic.gdx.scenes.scene2d.utils.DragListener#getDragX	var dragX	dragX
Property	com.badlogic.gdx.scenes.scene2d.utils.DragListener#getDragY	var dragY	dragY
Property	com.badlogic.gdx.scenes.scene2d.utils.DragListener#getStageTouchDownX	var stageTouchDownX	stageTouchDownX
Property	com.badlogic.gdx.scenes.scene2d.utils.DragListener#getStageTouchDownY	var stageTouchDownY	stageTouchDownY
Property	com.badlogic.gdx.scenes.scene2d.utils.DragListener#getTapSquareSize	var tapSquareSize	tapSquareSize
Property	com.badlogic.gdx.scenes.scene2d.utils.DragListener#getTouchDownX	var touchDownX	touchDownX
Property	com.badlogic.gdx.scenes.scene2d.utils.DragListener#getTouchDownY	var touchDownY	touchDownY
Property	com.badlogic.gdx.scenes.scene2d.utils.DragListener#isDragging	var dragging	dragging
Property	com.badlogic.gdx.scenes.scene2d.utils.DragScrollListener#getScrollPixels	var scrollPixels	scrollPixels
Property	com.badlogic.gdx.scenes.scene2d.utils.Drawable#getBottomHeight	var bottomHeight	bottomHeight
Property	com.badlogic.gdx.scenes.scene2d.utils.Drawable#getLeftWidth	var leftWidth	leftWidth
Property	com.badlogic.gdx.scenes.scene2d.utils.Drawable#getMinHeight	var minHeight	minHeight
Property	com.badlogic.gdx.scenes.scene2d.utils.Drawable#getMinWidth	var minWidth	minWidth
Property	com.badlogic.gdx.scenes.scene2d.utils.Drawable#getRightWidth	var rightWidth	rightWidth
Property	com.badlogic.gdx.scenes.scene2d.utils.Drawable#getTopHeight	var topHeight	topHeight
Property	com.badlogic.gdx.scenes.scene2d.utils.FocusListener$FocusEvent#getRelatedActor	var relatedActor	relatedActor
Property	com.badlogic.gdx.scenes.scene2d.utils.FocusListener$FocusEvent#isFocused	var focused	focused
Property	com.badlogic.gdx.scenes.scene2d.utils.Layout#getMaxHeight	var maxHeight	maxHeight
Property	com.badlogic.gdx.scenes.scene2d.utils.Layout#getMaxWidth	var maxWidth	maxWidth
Property	com.badlogic.gdx.scenes.scene2d.utils.Layout#getMinHeight	var minHeight	minHeight
Property	com.badlogic.gdx.scenes.scene2d.utils.Layout#getMinWidth	var minWidth	minWidth
Property	com.badlogic.gdx.scenes.scene2d.utils.Layout#getPrefHeight	var prefHeight	prefHeight
Property	com.badlogic.gdx.scenes.scene2d.utils.Layout#getPrefWidth	var prefWidth	prefWidth
Property	com.badlogic.gdx.scenes.scene2d.utils.NinePatchDrawable#getPatch	var patch	patch
Property	com.badlogic.gdx.scenes.scene2d.utils.Selection#getLastSelected	var lastSelected	lastSelected
Property	com.badlogic.gdx.scenes.scene2d.utils.Selection#getMultiple	var multiple	multiple
Property	com.badlogic.gdx.scenes.scene2d.utils.Selection#getProgrammaticChangeEvents	var programmaticChangeEvents	programmaticChangeEvents
Property	com.badlogic.gdx.scenes.scene2d.utils.Selection#getRequired	var required	required
Property	com.badlogic.gdx.scenes.scene2d.utils.Selection#getToggle	var toggle	toggle
Property	com.badlogic.gdx.scenes.scene2d.utils.Selection#isDisabled	var disabled	disabled
Property	com.badlogic.gdx.scenes.scene2d.utils.SpriteDrawable#getSprite	var sprite	sprite
Property	com.badlogic.gdx.scenes.scene2d.utils.TextureRegionDrawable#getRegion	var region	region
Property	com.badlogic.gdx.scenes.scene2d.utils.TiledDrawable#getAlign	var align	align
Property	com.badlogic.gdx.scenes.scene2d.utils.TiledDrawable#getColor	var color	color
Property	com.badlogic.gdx.scenes.scene2d.utils.TiledDrawable#getScale	var scale	scale
Property	com.badlogic.gdx.utils.BinaryHeap$Node#getValue	var value	value
Property	com.badlogic.gdx.utils.BufferUtils#getAllocatedBytesUnsafe	var allocatedBytesUnsafe	allocatedBytesUnsafe
Property	com.badlogic.gdx.utils.Clipboard#getContents	var contents	contents
Property	com.badlogic.gdx.utils.DataBuffer#getBuffer	var buffer	buffer
Property	com.badlogic.gdx.utils.I18NBundle#getExceptionOnMissingKey	var exceptionOnMissingKey	exceptionOnMissingKey
Property	com.badlogic.gdx.utils.I18NBundle#getLocale	var locale	locale
Property	com.badlogic.gdx.utils.I18NBundle#getSimpleFormatter	var simpleFormatter	simpleFormatter
Property	com.badlogic.gdx.utils.Logger#getLevel	var level	level
Property	com.badlogic.gdx.utils.Pool#getFree	var free	free
Property	com.badlogic.gdx.utils.StreamUtils$OptimizedByteArrayOutputStream#getBuffer	var buffer	buffer
Property	com.badlogic.gdx.utils.Timer$Task#getExecuteTimeMillis	var executeTimeMillis	executeTimeMillis
Property	com.badlogic.gdx.utils.XmlReader$Element#getAttributes	var attributes	attributes
Property	com.badlogic.gdx.utils.XmlReader$Element#getChildCount	var childCount	childCount
Property	com.badlogic.gdx.utils.XmlReader$Element#getChildren	var children	children
Property	com.badlogic.gdx.utils.XmlReader$Element#getName	var name	name
Property	com.badlogic.gdx.utils.XmlReader$Element#getParent	var parent	parent
Property	com.badlogic.gdx.utils.XmlReader$Element#getText	var text	text
Property	com.badlogic.gdx.utils.viewport.ExtendViewport#getMaxWorldHeight	var maxWorldHeight	maxWorldHeight
Property	com.badlogic.gdx.utils.viewport.ExtendViewport#getMaxWorldWidth	var maxWorldWidth	maxWorldWidth
Property	com.badlogic.gdx.utils.viewport.ExtendViewport#getMinWorldHeight	var minWorldHeight	minWorldHeight
Property	com.badlogic.gdx.utils.viewport.ExtendViewport#getMinWorldWidth	var minWorldWidth	minWorldWidth
Property	com.badlogic.gdx.utils.viewport.ScreenViewport#getUnitsPerPixel	var unitsPerPixel	unitsPerPixel
Property	com.badlogic.gdx.utils.viewport.Viewport#getBottomGutterHeight	var bottomGutterHeight	bottomGutterHeight
Property	com.badlogic.gdx.utils.viewport.Viewport#getCamera	var camera	camera
Property	com.badlogic.gdx.utils.viewport.Viewport#getLeftGutterWidth	var leftGutterWidth	leftGutterWidth
Property	com.badlogic.gdx.utils.viewport.Viewport#getRightGutterWidth	var rightGutterWidth	rightGutterWidth
Property	com.badlogic.gdx.utils.viewport.Viewport#getRightGutterX	var rightGutterX	rightGutterX
Property	com.badlogic.gdx.utils.viewport.Viewport#getScreenHeight	var screenHeight	screenHeight
Property	com.badlogic.gdx.utils.viewport.Viewport#getScreenWidth	var screenWidth	screenWidth
Property	com.badlogic.gdx.utils.viewport.Viewport#getScreenX	var screenX	screenX
Property	com.badlogic.gdx.utils.viewport.Viewport#getScreenY	var screenY	screenY
Property	com.badlogic.gdx.utils.viewport.Viewport#getTopGutterHeight	var topGutterHeight	topGutterHeight
Property	com.badlogic.gdx.utils.viewport.Viewport#getTopGutterY	var topGutterY	topGutterY
Property	com.badlogic.gdx.utils.viewport.Viewport#getWorldHeight	var worldHeight	worldHeight
Property	com.badlogic.gdx.utils.viewport.Viewport#getWorldWidth	var worldWidth	worldWidth
PropertySetter	com.badlogic.gdx.Game#setScreen	var screen	screen
PropertySetter	com.badlogic.gdx.Graphics#setGL20	def gl20	gl20
PropertySetter	com.badlogic.gdx.Graphics#setGL30	def gl30	gl30
PropertySetter	com.badlogic.gdx.Graphics#setGL31	def gl31	gl31
PropertySetter	com.badlogic.gdx.Graphics#setGL32	def gl32	gl32
PropertySetter	com.badlogic.gdx.assets.AssetManager#setErrorListener	var errorListener	errorListener
PropertySetter	com.badlogic.gdx.assets.AssetManager#setLogger	var logger	logger
PropertySetter	com.badlogic.gdx.audio.Music#setLooping	var looping	looping
PropertySetter	com.badlogic.gdx.audio.Music#setPosition	var position	position
PropertySetter	com.badlogic.gdx.audio.Music#setVolume	var volume	volume
PropertySetter	com.badlogic.gdx.graphics.Pixmap#setPixels	var pixels	pixels
PropertySetter	com.badlogic.gdx.graphics.Texture#setAssetManager	var assetManager	assetManager
PropertySetter	com.badlogic.gdx.graphics.g2d.Animation#setFrameDuration	var frameDuration	frameDuration
PropertySetter	com.badlogic.gdx.graphics.g2d.Animation#setPlayMode	var playMode	playMode
PropertySetter	com.badlogic.gdx.graphics.g2d.Batch#setColor(Color)	var color	color
PropertySetter	com.badlogic.gdx.graphics.g2d.Batch#setPackedColor	var packedColor	packedColor
PropertySetter	com.badlogic.gdx.graphics.g2d.Batch#setProjectionMatrix	var projectionMatrix	projectionMatrix
PropertySetter	com.badlogic.gdx.graphics.g2d.Batch#setShader	var shader	shader
PropertySetter	com.badlogic.gdx.graphics.g2d.Batch#setTransformMatrix	var transformMatrix	transformMatrix
PropertySetter	com.badlogic.gdx.graphics.g2d.BitmapFont#setColor(Color)	var color	color
PropertySetter	com.badlogic.gdx.graphics.g2d.BitmapFont#setOwnsTexture	var ownsTexture	ownsTexture
PropertySetter	com.badlogic.gdx.graphics.g2d.BitmapFontCache#setColor(Color)	var color	color
PropertySetter	com.badlogic.gdx.graphics.g2d.CpuSpriteBatch#setTransformMatrix(Affine2)	var transformMatrix	transformMatrix
PropertySetter	com.badlogic.gdx.graphics.g2d.CpuSpriteBatch#setTransformMatrix(Matrix4)	var transformMatrix	transformMatrix
PropertySetter	com.badlogic.gdx.graphics.g2d.DistanceFieldFont#setDistanceFieldSmoothing	var distanceFieldSmoothing	distanceFieldSmoothing
PropertySetter	com.badlogic.gdx.graphics.g2d.NinePatch#setBottomHeight	var bottomHeight	bottomHeight
PropertySetter	com.badlogic.gdx.graphics.g2d.NinePatch#setColor	var color	color
PropertySetter	com.badlogic.gdx.graphics.g2d.NinePatch#setLeftWidth	var leftWidth	leftWidth
PropertySetter	com.badlogic.gdx.graphics.g2d.NinePatch#setMiddleHeight	var middleHeight	middleHeight
PropertySetter	com.badlogic.gdx.graphics.g2d.NinePatch#setMiddleWidth	var middleWidth	middleWidth
PropertySetter	com.badlogic.gdx.graphics.g2d.NinePatch#setPadBottom	var padBottom	padBottom
PropertySetter	com.badlogic.gdx.graphics.g2d.NinePatch#setPadLeft	var padLeft	padLeft
PropertySetter	com.badlogic.gdx.graphics.g2d.NinePatch#setPadRight	var padRight	padRight
PropertySetter	com.badlogic.gdx.graphics.g2d.NinePatch#setPadTop	var padTop	padTop
PropertySetter	com.badlogic.gdx.graphics.g2d.NinePatch#setRightWidth	var rightWidth	rightWidth
PropertySetter	com.badlogic.gdx.graphics.g2d.NinePatch#setTopHeight	var topHeight	topHeight
PropertySetter	com.badlogic.gdx.graphics.g2d.ParticleEmitter#setAdditive	var additive	additive
PropertySetter	com.badlogic.gdx.graphics.g2d.ParticleEmitter#setAligned	var aligned	aligned
PropertySetter	com.badlogic.gdx.graphics.g2d.ParticleEmitter#setAttached	var attached	attached
PropertySetter	com.badlogic.gdx.graphics.g2d.ParticleEmitter#setBehind	var behind	behind
PropertySetter	com.badlogic.gdx.graphics.g2d.ParticleEmitter#setCleansUpBlendFunction	var cleansUpBlendFunction	cleansUpBlendFunction
PropertySetter	com.badlogic.gdx.graphics.g2d.ParticleEmitter#setContinuous	var continuous	continuous
PropertySetter	com.badlogic.gdx.graphics.g2d.ParticleEmitter#setImagePaths	var imagePaths	imagePaths
PropertySetter	com.badlogic.gdx.graphics.g2d.ParticleEmitter#setMaxParticleCount	var maxParticleCount	maxParticleCount
PropertySetter	com.badlogic.gdx.graphics.g2d.ParticleEmitter#setMinParticleCount	var minParticleCount	minParticleCount
PropertySetter	com.badlogic.gdx.graphics.g2d.ParticleEmitter#setName	var name	name
PropertySetter	com.badlogic.gdx.graphics.g2d.ParticleEmitter#setPremultipliedAlpha	var premultipliedAlpha	premultipliedAlpha
PropertySetter	com.badlogic.gdx.graphics.g2d.ParticleEmitter#setSpriteMode	var spriteMode	spriteMode
PropertySetter	com.badlogic.gdx.graphics.g2d.ParticleEmitter$GradientColorValue#setColors	var colors	colors
PropertySetter	com.badlogic.gdx.graphics.g2d.ParticleEmitter$GradientColorValue#setTimeline	var timeline	timeline
PropertySetter	com.badlogic.gdx.graphics.g2d.ParticleEmitter$IndependentScaledNumericValue#setIndependent	var independent	independent
PropertySetter	com.badlogic.gdx.graphics.g2d.ParticleEmitter$NumericValue#setValue	var value	value
PropertySetter	com.badlogic.gdx.graphics.g2d.ParticleEmitter$ParticleValue#setActive	var active	active
PropertySetter	com.badlogic.gdx.graphics.g2d.ParticleEmitter$ParticleValue#setAlwaysActive	var alwaysActive	alwaysActive
PropertySetter	com.badlogic.gdx.graphics.g2d.ParticleEmitter$RangedNumericValue#setLowMax	var lowMax	lowMax
PropertySetter	com.badlogic.gdx.graphics.g2d.ParticleEmitter$RangedNumericValue#setLowMin	var lowMin	lowMin
PropertySetter	com.badlogic.gdx.graphics.g2d.ParticleEmitter$ScaledNumericValue#setHighMax	var highMax	highMax
PropertySetter	com.badlogic.gdx.graphics.g2d.ParticleEmitter$ScaledNumericValue#setHighMin	var highMin	highMin
PropertySetter	com.badlogic.gdx.graphics.g2d.ParticleEmitter$ScaledNumericValue#setRelative	var relative	relative
PropertySetter	com.badlogic.gdx.graphics.g2d.ParticleEmitter$ScaledNumericValue#setScaling	var scaling	scaling
PropertySetter	com.badlogic.gdx.graphics.g2d.ParticleEmitter$ScaledNumericValue#setTimeline	var timeline	timeline
PropertySetter	com.badlogic.gdx.graphics.g2d.ParticleEmitter$SpawnShapeValue#setEdges	var edges	edges
PropertySetter	com.badlogic.gdx.graphics.g2d.ParticleEmitter$SpawnShapeValue#setShape	var shape	shape
PropertySetter	com.badlogic.gdx.graphics.g2d.ParticleEmitter$SpawnShapeValue#setSide	var side	side
PropertySetter	com.badlogic.gdx.graphics.g2d.PixmapPacker#setDuplicateBorder	var duplicateBorder	duplicateBorder
PropertySetter	com.badlogic.gdx.graphics.g2d.PixmapPacker#setPackToTexture	var packToTexture	packToTexture
PropertySetter	com.badlogic.gdx.graphics.g2d.PixmapPacker#setPadding	var padding	padding
PropertySetter	com.badlogic.gdx.graphics.g2d.PixmapPacker#setPageFormat	var pageFormat	pageFormat
PropertySetter	com.badlogic.gdx.graphics.g2d.PixmapPacker#setPageHeight	var pageHeight	pageHeight
PropertySetter	com.badlogic.gdx.graphics.g2d.PixmapPacker#setPageWidth	var pageWidth	pageWidth
PropertySetter	com.badlogic.gdx.graphics.g2d.PolygonSprite#setColor(Color)	var color	color
PropertySetter	com.badlogic.gdx.graphics.g2d.PolygonSprite#setRegion	var region	region
PropertySetter	com.badlogic.gdx.graphics.g2d.PolygonSprite#setRotation	var rotation	rotation
PropertySetter	com.badlogic.gdx.graphics.g2d.PolygonSprite#setX	var x	x
PropertySetter	com.badlogic.gdx.graphics.g2d.PolygonSprite#setY	var y	y
PropertySetter	com.badlogic.gdx.graphics.g2d.PolygonSpriteBatch#setColor(Color)	var color	color
PropertySetter	com.badlogic.gdx.graphics.g2d.PolygonSpriteBatch#setPackedColor	var packedColor	packedColor
PropertySetter	com.badlogic.gdx.graphics.g2d.PolygonSpriteBatch#setProjectionMatrix	var projectionMatrix	projectionMatrix
PropertySetter	com.badlogic.gdx.graphics.g2d.PolygonSpriteBatch#setShader	var shader	shader
PropertySetter	com.badlogic.gdx.graphics.g2d.PolygonSpriteBatch#setTransformMatrix	var transformMatrix	transformMatrix
PropertySetter	com.badlogic.gdx.graphics.g2d.Sprite#setColor(Color)	var color	color
PropertySetter	com.badlogic.gdx.graphics.g2d.Sprite#setPackedColor	var packedColor	packedColor
PropertySetter	com.badlogic.gdx.graphics.g2d.Sprite#setRotation	var rotation	rotation
PropertySetter	com.badlogic.gdx.graphics.g2d.Sprite#setU	var u	u
PropertySetter	com.badlogic.gdx.graphics.g2d.Sprite#setU2	var u2	u2
PropertySetter	com.badlogic.gdx.graphics.g2d.Sprite#setV	var v	v
PropertySetter	com.badlogic.gdx.graphics.g2d.Sprite#setV2	var v2	v2
PropertySetter	com.badlogic.gdx.graphics.g2d.Sprite#setX	var x	x
PropertySetter	com.badlogic.gdx.graphics.g2d.Sprite#setY	var y	y
PropertySetter	com.badlogic.gdx.graphics.g2d.SpriteBatch#setColor(Color)	var color	color
PropertySetter	com.badlogic.gdx.graphics.g2d.SpriteBatch#setPackedColor	var packedColor	packedColor
PropertySetter	com.badlogic.gdx.graphics.g2d.SpriteBatch#setProjectionMatrix	var projectionMatrix	projectionMatrix
PropertySetter	com.badlogic.gdx.graphics.g2d.SpriteBatch#setShader	var shader	shader
PropertySetter	com.badlogic.gdx.graphics.g2d.SpriteBatch#setTransformMatrix	var transformMatrix	transformMatrix
PropertySetter	com.badlogic.gdx.graphics.g2d.SpriteCache#setColor(Color)	var color	color
PropertySetter	com.badlogic.gdx.graphics.g2d.SpriteCache#setPackedColor	var packedColor	packedColor
PropertySetter	com.badlogic.gdx.graphics.g2d.SpriteCache#setProjectionMatrix	var projectionMatrix	projectionMatrix
PropertySetter	com.badlogic.gdx.graphics.g2d.SpriteCache#setTransformMatrix	var transformMatrix	transformMatrix
PropertySetter	com.badlogic.gdx.graphics.g2d.TextureAtlas$AtlasSprite#setX	var x	x
PropertySetter	com.badlogic.gdx.graphics.g2d.TextureAtlas$AtlasSprite#setY	var y	y
PropertySetter	com.badlogic.gdx.graphics.g2d.TextureRegion#setRegionHeight	var regionHeight	regionHeight
PropertySetter	com.badlogic.gdx.graphics.g2d.TextureRegion#setRegionWidth	var regionWidth	regionWidth
PropertySetter	com.badlogic.gdx.graphics.g2d.TextureRegion#setRegionX	var regionX	regionX
PropertySetter	com.badlogic.gdx.graphics.g2d.TextureRegion#setRegionY	var regionY	regionY
PropertySetter	com.badlogic.gdx.graphics.g2d.TextureRegion#setTexture	var texture	texture
PropertySetter	com.badlogic.gdx.graphics.g2d.TextureRegion#setU	var u	u
PropertySetter	com.badlogic.gdx.graphics.g2d.TextureRegion#setU2	var u2	u2
PropertySetter	com.badlogic.gdx.graphics.g2d.TextureRegion#setV	var v	v
PropertySetter	com.badlogic.gdx.graphics.g2d.TextureRegion#setV2	var v2	v2
PropertySetter	com.badlogic.gdx.graphics.g3d.decals.Decal#setColor(Color)	var color	color
PropertySetter	com.badlogic.gdx.graphics.g3d.decals.Decal#setHeight	var height	height
PropertySetter	com.badlogic.gdx.graphics.g3d.decals.Decal#setMaterial	var material	material
PropertySetter	com.badlogic.gdx.graphics.g3d.decals.Decal#setScaleX	var scaleX	scaleX
PropertySetter	com.badlogic.gdx.graphics.g3d.decals.Decal#setScaleY	var scaleY	scaleY
PropertySetter	com.badlogic.gdx.graphics.g3d.decals.Decal#setTextureRegion	var textureRegion	textureRegion
PropertySetter	com.badlogic.gdx.graphics.g3d.decals.Decal#setWidth	var width	width
PropertySetter	com.badlogic.gdx.graphics.g3d.decals.Decal#setX	var x	x
PropertySetter	com.badlogic.gdx.graphics.g3d.decals.Decal#setY	var y	y
PropertySetter	com.badlogic.gdx.graphics.g3d.decals.Decal#setZ	var z	z
PropertySetter	com.badlogic.gdx.graphics.g3d.environment.BaseLight#setColor(Color)	var color	color
PropertySetter	com.badlogic.gdx.graphics.g3d.particles.ParticleShader#setDefaultCullFace	var defaultCullFace	defaultCullFace
PropertySetter	com.badlogic.gdx.graphics.g3d.particles.ParticleShader#setDefaultDepthFunc	var defaultDepthFunc	defaultDepthFunc
PropertySetter	com.badlogic.gdx.graphics.g3d.particles.ParticleSorter#setCamera	var camera	camera
PropertySetter	com.badlogic.gdx.graphics.g3d.particles.batches.BillboardParticleBatch#setAlignMode	var alignMode	alignMode
PropertySetter	com.badlogic.gdx.graphics.g3d.particles.batches.BillboardParticleBatch#setTexture	var texture	texture
PropertySetter	com.badlogic.gdx.graphics.g3d.particles.batches.BufferedParticleBatch#setCamera	var camera	camera
PropertySetter	com.badlogic.gdx.graphics.g3d.particles.batches.BufferedParticleBatch#setSorter	var sorter	sorter
PropertySetter	com.badlogic.gdx.graphics.g3d.particles.batches.PointSpriteParticleBatch#setTexture	var texture	texture
PropertySetter	com.badlogic.gdx.graphics.g3d.particles.emitters.Emitter#setMaxParticleCount	var maxParticleCount	maxParticleCount
PropertySetter	com.badlogic.gdx.graphics.g3d.particles.emitters.Emitter#setMinParticleCount	var minParticleCount	minParticleCount
PropertySetter	com.badlogic.gdx.graphics.g3d.particles.emitters.RegularEmitter#setContinuous	var continuous	continuous
PropertySetter	com.badlogic.gdx.graphics.g3d.particles.emitters.RegularEmitter#setEmissionMode	var emissionMode	emissionMode
PropertySetter	com.badlogic.gdx.graphics.g3d.particles.influencers.RegionInfluencer#setAtlasName	var atlasName	atlasName
PropertySetter	com.badlogic.gdx.graphics.g3d.particles.values.EllipseSpawnShapeValue#setSide	var side	side
PropertySetter	com.badlogic.gdx.graphics.g3d.particles.values.GradientColorValue#setColors	var colors	colors
PropertySetter	com.badlogic.gdx.graphics.g3d.particles.values.GradientColorValue#setTimeline	var timeline	timeline
PropertySetter	com.badlogic.gdx.graphics.g3d.particles.values.NumericValue#setValue	var value	value
PropertySetter	com.badlogic.gdx.graphics.g3d.particles.values.ParticleValue#setActive	var active	active
PropertySetter	com.badlogic.gdx.graphics.g3d.particles.values.PrimitiveSpawnShapeValue#setActive	var active	active
PropertySetter	com.badlogic.gdx.graphics.g3d.particles.values.RangedNumericValue#setLowMax	var lowMax	lowMax
PropertySetter	com.badlogic.gdx.graphics.g3d.particles.values.RangedNumericValue#setLowMin	var lowMin	lowMin
PropertySetter	com.badlogic.gdx.graphics.g3d.particles.values.ScaledNumericValue#setHighMax	var highMax	highMax
PropertySetter	com.badlogic.gdx.graphics.g3d.particles.values.ScaledNumericValue#setHighMin	var highMin	highMin
PropertySetter	com.badlogic.gdx.graphics.g3d.particles.values.ScaledNumericValue#setRelative	var relative	relative
PropertySetter	com.badlogic.gdx.graphics.g3d.particles.values.ScaledNumericValue#setScaling	var scaling	scaling
PropertySetter	com.badlogic.gdx.graphics.g3d.particles.values.ScaledNumericValue#setTimeline	var timeline	timeline
PropertySetter	com.badlogic.gdx.graphics.g3d.shaders.DefaultShader#setDefaultCullFace	var defaultCullFace	defaultCullFace
PropertySetter	com.badlogic.gdx.graphics.g3d.shaders.DefaultShader#setDefaultDepthFunc	var defaultDepthFunc	defaultDepthFunc
PropertySetter	com.badlogic.gdx.graphics.glutils.ImmediateModeRenderer20#setShader	var shader	shader
PropertySetter	com.badlogic.gdx.graphics.glutils.InstanceBufferObject#setUsage	var usage	usage
PropertySetter	com.badlogic.gdx.graphics.glutils.VertexBufferObject#setUsage	var usage	usage
PropertySetter	com.badlogic.gdx.graphics.profiling.GLProfiler#setListener	var listener	listener
PropertySetter	com.badlogic.gdx.maps.MapLayer#setName	var name	name
PropertySetter	com.badlogic.gdx.maps.MapLayer#setOffsetX	var offsetX	offsetX
PropertySetter	com.badlogic.gdx.maps.MapLayer#setOffsetY	var offsetY	offsetY
PropertySetter	com.badlogic.gdx.maps.MapLayer#setOpacity	var opacity	opacity
PropertySetter	com.badlogic.gdx.maps.MapLayer#setParallaxX	var parallaxX	parallaxX
PropertySetter	com.badlogic.gdx.maps.MapLayer#setParallaxY	var parallaxY	parallaxY
PropertySetter	com.badlogic.gdx.maps.MapLayer#setParent	var parent	parent
PropertySetter	com.badlogic.gdx.maps.MapLayer#setTintColor	var tintColor	tintColor
PropertySetter	com.badlogic.gdx.maps.MapLayer#setVisible	var visible	visible
PropertySetter	com.badlogic.gdx.maps.MapObject#setColor	var color	color
PropertySetter	com.badlogic.gdx.maps.MapObject#setName	var name	name
PropertySetter	com.badlogic.gdx.maps.MapObject#setOpacity	var opacity	opacity
PropertySetter	com.badlogic.gdx.maps.MapObject#setVisible	var visible	visible
PropertySetter	com.badlogic.gdx.maps.objects.PolygonMapObject#setPolygon	var polygon	polygon
PropertySetter	com.badlogic.gdx.maps.objects.PolylineMapObject#setPolyline	var polyline	polyline
PropertySetter	com.badlogic.gdx.maps.objects.TextMapObject#setBold	var bold	bold
PropertySetter	com.badlogic.gdx.maps.objects.TextMapObject#setFontFamily	var fontFamily	fontFamily
PropertySetter	com.badlogic.gdx.maps.objects.TextMapObject#setHorizontalAlign	var horizontalAlign	horizontalAlign
PropertySetter	com.badlogic.gdx.maps.objects.TextMapObject#setItalic	var italic	italic
PropertySetter	com.badlogic.gdx.maps.objects.TextMapObject#setKerning	var kerning	kerning
PropertySetter	com.badlogic.gdx.maps.objects.TextMapObject#setPixelSize	var pixelSize	pixelSize
PropertySetter	com.badlogic.gdx.maps.objects.TextMapObject#setRotation	var rotation	rotation
PropertySetter	com.badlogic.gdx.maps.objects.TextMapObject#setStrikeout	var strikeout	strikeout
PropertySetter	com.badlogic.gdx.maps.objects.TextMapObject#setText	var text	text
PropertySetter	com.badlogic.gdx.maps.objects.TextMapObject#setUnderline	var underline	underline
PropertySetter	com.badlogic.gdx.maps.objects.TextMapObject#setVerticalAlign	var verticalAlign	verticalAlign
PropertySetter	com.badlogic.gdx.maps.objects.TextMapObject#setWrap	var wrap	wrap
PropertySetter	com.badlogic.gdx.maps.objects.TextureMapObject#setOriginX	var originX	originX
PropertySetter	com.badlogic.gdx.maps.objects.TextureMapObject#setOriginY	var originY	originY
PropertySetter	com.badlogic.gdx.maps.objects.TextureMapObject#setRotation	var rotation	rotation
PropertySetter	com.badlogic.gdx.maps.objects.TextureMapObject#setScaleX	var scaleX	scaleX
PropertySetter	com.badlogic.gdx.maps.objects.TextureMapObject#setScaleY	var scaleY	scaleY
PropertySetter	com.badlogic.gdx.maps.objects.TextureMapObject#setTextureRegion	var textureRegion	textureRegion
PropertySetter	com.badlogic.gdx.maps.objects.TextureMapObject#setX	var x	x
PropertySetter	com.badlogic.gdx.maps.objects.TextureMapObject#setY	var y	y
PropertySetter	com.badlogic.gdx.maps.tiled.TiledMapImageLayer#setRepeatX	var repeatX	repeatX
PropertySetter	com.badlogic.gdx.maps.tiled.TiledMapImageLayer#setRepeatY	var repeatY	repeatY
PropertySetter	com.badlogic.gdx.maps.tiled.TiledMapImageLayer#setX	var x	x
PropertySetter	com.badlogic.gdx.maps.tiled.TiledMapImageLayer#setY	var y	y
PropertySetter	com.badlogic.gdx.maps.tiled.TiledMapTile#setBlendMode	var blendMode	blendMode
PropertySetter	com.badlogic.gdx.maps.tiled.TiledMapTile#setId	var id	id
PropertySetter	com.badlogic.gdx.maps.tiled.TiledMapTile#setOffsetX	var offsetX	offsetX
PropertySetter	com.badlogic.gdx.maps.tiled.TiledMapTile#setOffsetY	var offsetY	offsetY
PropertySetter	com.badlogic.gdx.maps.tiled.TiledMapTile#setTextureRegion	var textureRegion	textureRegion
PropertySetter	com.badlogic.gdx.maps.tiled.TiledMapTileLayer$Cell#setFlipHorizontally	var flipHorizontally	flipHorizontally
PropertySetter	com.badlogic.gdx.maps.tiled.TiledMapTileLayer$Cell#setFlipVertically	var flipVertically	flipVertically
PropertySetter	com.badlogic.gdx.maps.tiled.TiledMapTileLayer$Cell#setRotation	var rotation	rotation
PropertySetter	com.badlogic.gdx.maps.tiled.TiledMapTileLayer$Cell#setTile	var tile	tile
PropertySetter	com.badlogic.gdx.maps.tiled.TiledMapTileSet#setName	var name	name
PropertySetter	com.badlogic.gdx.maps.tiled.objects.TiledMapTileMapObject#setFlipHorizontally	var flipHorizontally	flipHorizontally
PropertySetter	com.badlogic.gdx.maps.tiled.objects.TiledMapTileMapObject#setFlipVertically	var flipVertically	flipVertically
PropertySetter	com.badlogic.gdx.maps.tiled.objects.TiledMapTileMapObject#setTile	var tile	tile
PropertySetter	com.badlogic.gdx.maps.tiled.renderers.BatchTiledMapRenderer#setMap	var map	map
PropertySetter	com.badlogic.gdx.maps.tiled.renderers.HexagonalTiledMapRenderer#setHexSideLength	var hexSideLength	hexSideLength
PropertySetter	com.badlogic.gdx.maps.tiled.renderers.HexagonalTiledMapRenderer#setStaggerAxisX	var staggerAxisX	staggerAxisX
PropertySetter	com.badlogic.gdx.maps.tiled.renderers.HexagonalTiledMapRenderer#setStaggerIndexEven	var staggerIndexEven	staggerIndexEven
PropertySetter	com.badlogic.gdx.maps.tiled.tiles.AnimatedTiledMapTile#setAnimationIntervals	var animationIntervals	animationIntervals
PropertySetter	com.badlogic.gdx.maps.tiled.tiles.AnimatedTiledMapTile#setBlendMode	var blendMode	blendMode
PropertySetter	com.badlogic.gdx.maps.tiled.tiles.AnimatedTiledMapTile#setId	var id	id
PropertySetter	com.badlogic.gdx.maps.tiled.tiles.AnimatedTiledMapTile#setOffsetX	var offsetX	offsetX
PropertySetter	com.badlogic.gdx.maps.tiled.tiles.AnimatedTiledMapTile#setOffsetY	var offsetY	offsetY
PropertySetter	com.badlogic.gdx.maps.tiled.tiles.AnimatedTiledMapTile#setTextureRegion	var textureRegion	textureRegion
PropertySetter	com.badlogic.gdx.maps.tiled.tiles.StaticTiledMapTile#setBlendMode	var blendMode	blendMode
PropertySetter	com.badlogic.gdx.maps.tiled.tiles.StaticTiledMapTile#setId	var id	id
PropertySetter	com.badlogic.gdx.maps.tiled.tiles.StaticTiledMapTile#setOffsetX	var offsetX	offsetX
PropertySetter	com.badlogic.gdx.maps.tiled.tiles.StaticTiledMapTile#setOffsetY	var offsetY	offsetY
PropertySetter	com.badlogic.gdx.maps.tiled.tiles.StaticTiledMapTile#setTextureRegion	var textureRegion	textureRegion
PropertySetter	com.badlogic.gdx.math.Circle#setRadius	var radius	radius
PropertySetter	com.badlogic.gdx.math.Circle#setX	var x	x
PropertySetter	com.badlogic.gdx.math.Circle#setY	var y	y
PropertySetter	com.badlogic.gdx.math.Intersector$SplitTriangle#setSide	var side	side
PropertySetter	com.badlogic.gdx.math.Rectangle#setHeight	var height	height
PropertySetter	com.badlogic.gdx.math.Rectangle#setWidth	var width	width
PropertySetter	com.badlogic.gdx.math.Rectangle#setX	var x	x
PropertySetter	com.badlogic.gdx.math.Rectangle#setY	var y	y
PropertySetter	com.badlogic.gdx.scenes.scene2d.Action#setPool	var pool	pool
PropertySetter	com.badlogic.gdx.scenes.scene2d.Actor#setColor(Color)	var color	color
PropertySetter	com.badlogic.gdx.scenes.scene2d.Actor#setName	var name	name
PropertySetter	com.badlogic.gdx.scenes.scene2d.Actor#setOriginX	var originX	originX
PropertySetter	com.badlogic.gdx.scenes.scene2d.Actor#setOriginY	var originY	originY
PropertySetter	com.badlogic.gdx.scenes.scene2d.Actor#setTouchable	var touchable	touchable
PropertySetter	com.badlogic.gdx.scenes.scene2d.Actor#setUserObject	var userObject	userObject
PropertySetter	com.badlogic.gdx.scenes.scene2d.Actor#setVisible	var visible	visible
PropertySetter	com.badlogic.gdx.scenes.scene2d.Event#setBubbles	var bubbles	bubbles
PropertySetter	com.badlogic.gdx.scenes.scene2d.Event#setCapture	var capture	capture
PropertySetter	com.badlogic.gdx.scenes.scene2d.Event#setListenerActor	var listenerActor	listenerActor
PropertySetter	com.badlogic.gdx.scenes.scene2d.Event#setStage	var stage	stage
PropertySetter	com.badlogic.gdx.scenes.scene2d.Event#setTarget	var target	target
PropertySetter	com.badlogic.gdx.scenes.scene2d.Group#setTransform	var transform	transform
PropertySetter	com.badlogic.gdx.scenes.scene2d.InputEvent#setButton	var button	button
PropertySetter	com.badlogic.gdx.scenes.scene2d.InputEvent#setCharacter	var character	character
PropertySetter	com.badlogic.gdx.scenes.scene2d.InputEvent#setKeyCode	var keyCode	keyCode
PropertySetter	com.badlogic.gdx.scenes.scene2d.InputEvent#setPointer	var pointer	pointer
PropertySetter	com.badlogic.gdx.scenes.scene2d.InputEvent#setRelatedActor	var relatedActor	relatedActor
PropertySetter	com.badlogic.gdx.scenes.scene2d.InputEvent#setScrollAmountX	var scrollAmountX	scrollAmountX
PropertySetter	com.badlogic.gdx.scenes.scene2d.InputEvent#setScrollAmountY	var scrollAmountY	scrollAmountY
PropertySetter	com.badlogic.gdx.scenes.scene2d.InputEvent#setStageX	var stageX	stageX
PropertySetter	com.badlogic.gdx.scenes.scene2d.InputEvent#setStageY	var stageY	stageY
PropertySetter	com.badlogic.gdx.scenes.scene2d.InputEvent#setTouchFocus	var touchFocus	touchFocus
PropertySetter	com.badlogic.gdx.scenes.scene2d.Stage#setActionsRequestRendering	var actionsRequestRendering	actionsRequestRendering
PropertySetter	com.badlogic.gdx.scenes.scene2d.Stage#setViewport	var viewport	viewport
PropertySetter	com.badlogic.gdx.scenes.scene2d.actions.AddListenerAction#setCapture	var capture	capture
PropertySetter	com.badlogic.gdx.scenes.scene2d.actions.AddListenerAction#setListener	var listener	listener
PropertySetter	com.badlogic.gdx.scenes.scene2d.actions.AlphaAction#setAlpha	var alpha	alpha
PropertySetter	com.badlogic.gdx.scenes.scene2d.actions.AlphaAction#setColor	var color	color
PropertySetter	com.badlogic.gdx.scenes.scene2d.actions.ColorAction#setColor	var color	color
PropertySetter	com.badlogic.gdx.scenes.scene2d.actions.DelayAction#setDuration	var duration	duration
PropertySetter	com.badlogic.gdx.scenes.scene2d.actions.DelayAction#setTime	var time	time
PropertySetter	com.badlogic.gdx.scenes.scene2d.actions.DelegateAction#setAction	var action	action
PropertySetter	com.badlogic.gdx.scenes.scene2d.actions.EventAction#setActive	var active	active
PropertySetter	com.badlogic.gdx.scenes.scene2d.actions.FloatAction#setStart	var start	start
PropertySetter	com.badlogic.gdx.scenes.scene2d.actions.FloatAction#setValue	var value	value
PropertySetter	com.badlogic.gdx.scenes.scene2d.actions.IntAction#setStart	var start	start
PropertySetter	com.badlogic.gdx.scenes.scene2d.actions.IntAction#setValue	var value	value
PropertySetter	com.badlogic.gdx.scenes.scene2d.actions.MoveByAction#setAmountX	var amountX	amountX
PropertySetter	com.badlogic.gdx.scenes.scene2d.actions.MoveByAction#setAmountY	var amountY	amountY
PropertySetter	com.badlogic.gdx.scenes.scene2d.actions.MoveToAction#setAlignment	var alignment	alignment
PropertySetter	com.badlogic.gdx.scenes.scene2d.actions.RemoveListenerAction#setCapture	var capture	capture
PropertySetter	com.badlogic.gdx.scenes.scene2d.actions.RemoveListenerAction#setListener	var listener	listener
PropertySetter	com.badlogic.gdx.scenes.scene2d.actions.RepeatAction#setCount	var count	count
PropertySetter	com.badlogic.gdx.scenes.scene2d.actions.RotateByAction#setAmount	var amount	amount
PropertySetter	com.badlogic.gdx.scenes.scene2d.actions.RotateToAction#setRotation	var rotation	rotation
PropertySetter	com.badlogic.gdx.scenes.scene2d.actions.RotateToAction#setUseShortestDirection	var useShortestDirection	useShortestDirection
PropertySetter	com.badlogic.gdx.scenes.scene2d.actions.RunnableAction#setRunnable	var runnable	runnable
PropertySetter	com.badlogic.gdx.scenes.scene2d.actions.ScaleByAction#setAmountX	var amountX	amountX
PropertySetter	com.badlogic.gdx.scenes.scene2d.actions.ScaleByAction#setAmountY	var amountY	amountY
PropertySetter	com.badlogic.gdx.scenes.scene2d.actions.SizeByAction#setAmountHeight	var amountHeight	amountHeight
PropertySetter	com.badlogic.gdx.scenes.scene2d.actions.SizeByAction#setAmountWidth	var amountWidth	amountWidth
PropertySetter	com.badlogic.gdx.scenes.scene2d.actions.TemporalAction#setDuration	var duration	duration
PropertySetter	com.badlogic.gdx.scenes.scene2d.actions.TemporalAction#setInterpolation	var interpolation	interpolation
PropertySetter	com.badlogic.gdx.scenes.scene2d.actions.TemporalAction#setReverse	var reverse	reverse
PropertySetter	com.badlogic.gdx.scenes.scene2d.actions.TemporalAction#setTime	var time	time
PropertySetter	com.badlogic.gdx.scenes.scene2d.actions.TimeScaleAction#setScale	var scale	scale
PropertySetter	com.badlogic.gdx.scenes.scene2d.actions.TouchableAction#setTouchable	var touchable	touchable
PropertySetter	com.badlogic.gdx.scenes.scene2d.actions.VisibleAction#setVisible	var visible	visible
PropertySetter	com.badlogic.gdx.scenes.scene2d.ui.Button#setDisabled	var disabled	disabled
PropertySetter	com.badlogic.gdx.scenes.scene2d.ui.Button#setProgrammaticChangeEvents	var programmaticChangeEvents	programmaticChangeEvents
PropertySetter	com.badlogic.gdx.scenes.scene2d.ui.ButtonGroup#setMaxCheckCount	var maxCheckCount	maxCheckCount
PropertySetter	com.badlogic.gdx.scenes.scene2d.ui.ButtonGroup#setMinCheckCount	var minCheckCount	minCheckCount
PropertySetter	com.badlogic.gdx.scenes.scene2d.ui.ButtonGroup#setUncheckLast	var uncheckLast	uncheckLast
PropertySetter	com.badlogic.gdx.scenes.scene2d.ui.Image#setDrawable(Drawable)	var drawable	drawable
PropertySetter	com.badlogic.gdx.scenes.scene2d.ui.Image#setScaling	var scaling	scaling
PropertySetter	com.badlogic.gdx.scenes.scene2d.ui.Label#setWrap	var wrap	wrap
PropertySetter	com.badlogic.gdx.scenes.scene2d.ui.ParticleEffectActor#setAutoRemove	var autoRemove	autoRemove
PropertySetter	com.badlogic.gdx.scenes.scene2d.ui.ParticleEffectActor#setResetOnStart	var resetOnStart	resetOnStart
PropertySetter	com.badlogic.gdx.scenes.scene2d.ui.ProgressBar#setDisabled	var disabled	disabled
PropertySetter	com.badlogic.gdx.scenes.scene2d.ui.ProgressBar#setProgrammaticChangeEvents	var programmaticChangeEvents	programmaticChangeEvents
PropertySetter	com.badlogic.gdx.scenes.scene2d.ui.ScrollPane#setFlingTime	var flingTime	flingTime
PropertySetter	com.badlogic.gdx.scenes.scene2d.ui.ScrollPane#setVelocityX	var velocityX	velocityX
PropertySetter	com.badlogic.gdx.scenes.scene2d.ui.ScrollPane#setVelocityY	var velocityY	velocityY
PropertySetter	com.badlogic.gdx.scenes.scene2d.ui.SelectBox#setAlignment	var alignment	alignment
PropertySetter	com.badlogic.gdx.scenes.scene2d.ui.SelectBox#setDisabled	var disabled	disabled
PropertySetter	com.badlogic.gdx.scenes.scene2d.ui.Slider#setButton	var button	button
PropertySetter	com.badlogic.gdx.scenes.scene2d.ui.TextField#setDisabled	var disabled	disabled
PropertySetter	com.badlogic.gdx.scenes.scene2d.ui.Tooltip#setAlways	var always	always
PropertySetter	com.badlogic.gdx.scenes.scene2d.ui.Tooltip#setInstant	var instant	instant
PropertySetter	com.badlogic.gdx.scenes.scene2d.ui.Tooltip#setTouchIndependent	var touchIndependent	touchIndependent
PropertySetter	com.badlogic.gdx.scenes.scene2d.ui.Touchpad#setResetOnTouchUp	var resetOnTouchUp	resetOnTouchUp
PropertySetter	com.badlogic.gdx.scenes.scene2d.ui.Tree#setOverNode	var overNode	overNode
PropertySetter	com.badlogic.gdx.scenes.scene2d.ui.Tree$Node#setIcon	var icon	icon
PropertySetter	com.badlogic.gdx.scenes.scene2d.ui.Tree$Node#setSelectable	var selectable	selectable
PropertySetter	com.badlogic.gdx.scenes.scene2d.ui.Tree$Node#setValue	var value	value
PropertySetter	com.badlogic.gdx.scenes.scene2d.ui.Widget#setFillParent	var fillParent	fillParent
PropertySetter	com.badlogic.gdx.scenes.scene2d.ui.Widget#setLayoutEnabled	var layoutEnabled	layoutEnabled
PropertySetter	com.badlogic.gdx.scenes.scene2d.ui.WidgetGroup#setFillParent	var fillParent	fillParent
PropertySetter	com.badlogic.gdx.scenes.scene2d.ui.WidgetGroup#setLayoutEnabled(boolean)	var layoutEnabled	layoutEnabled
PropertySetter	com.badlogic.gdx.scenes.scene2d.ui.Window#setKeepWithinStage	var keepWithinStage	keepWithinStage
PropertySetter	com.badlogic.gdx.scenes.scene2d.ui.Window#setResizeBorder	var resizeBorder	resizeBorder
PropertySetter	com.badlogic.gdx.scenes.scene2d.utils.BaseDrawable#setBottomHeight	var bottomHeight	bottomHeight
PropertySetter	com.badlogic.gdx.scenes.scene2d.utils.BaseDrawable#setLeftWidth	var leftWidth	leftWidth
PropertySetter	com.badlogic.gdx.scenes.scene2d.utils.BaseDrawable#setMinHeight	var minHeight	minHeight
PropertySetter	com.badlogic.gdx.scenes.scene2d.utils.BaseDrawable#setMinWidth	var minWidth	minWidth
PropertySetter	com.badlogic.gdx.scenes.scene2d.utils.BaseDrawable#setName	var name	name
PropertySetter	com.badlogic.gdx.scenes.scene2d.utils.BaseDrawable#setRightWidth	var rightWidth	rightWidth
PropertySetter	com.badlogic.gdx.scenes.scene2d.utils.BaseDrawable#setTopHeight	var topHeight	topHeight
PropertySetter	com.badlogic.gdx.scenes.scene2d.utils.ClickListener#setButton	var button	button
PropertySetter	com.badlogic.gdx.scenes.scene2d.utils.ClickListener#setTapCount	var tapCount	tapCount
PropertySetter	com.badlogic.gdx.scenes.scene2d.utils.ClickListener#setTapSquareSize	var tapSquareSize	tapSquareSize
PropertySetter	com.badlogic.gdx.scenes.scene2d.utils.Disableable#setDisabled	var disabled	disabled
PropertySetter	com.badlogic.gdx.scenes.scene2d.utils.DragAndDrop#setButton	var button	button
PropertySetter	com.badlogic.gdx.scenes.scene2d.utils.DragAndDrop#setCancelTouchFocus	var cancelTouchFocus	cancelTouchFocus
PropertySetter	com.badlogic.gdx.scenes.scene2d.utils.DragAndDrop#setDragTime	var dragTime	dragTime
PropertySetter	com.badlogic.gdx.scenes.scene2d.utils.DragAndDrop#setKeepWithinStage	var keepWithinStage	keepWithinStage
PropertySetter	com.badlogic.gdx.scenes.scene2d.utils.DragAndDrop#setTapSquareSize	var tapSquareSize	tapSquareSize
PropertySetter	com.badlogic.gdx.scenes.scene2d.utils.DragAndDrop$Payload#setDragActor	var dragActor	dragActor
PropertySetter	com.badlogic.gdx.scenes.scene2d.utils.DragAndDrop$Payload#setInvalidDragActor	var invalidDragActor	invalidDragActor
PropertySetter	com.badlogic.gdx.scenes.scene2d.utils.DragAndDrop$Payload#setValidDragActor	var validDragActor	validDragActor
PropertySetter	com.badlogic.gdx.scenes.scene2d.utils.DragListener#setButton	var button	button
PropertySetter	com.badlogic.gdx.scenes.scene2d.utils.DragListener#setDragStartX	var dragStartX	dragStartX
PropertySetter	com.badlogic.gdx.scenes.scene2d.utils.DragListener#setDragStartY	var dragStartY	dragStartY
PropertySetter	com.badlogic.gdx.scenes.scene2d.utils.DragListener#setTapSquareSize	var tapSquareSize	tapSquareSize
PropertySetter	com.badlogic.gdx.scenes.scene2d.utils.Drawable#setBottomHeight	var bottomHeight	bottomHeight
PropertySetter	com.badlogic.gdx.scenes.scene2d.utils.Drawable#setLeftWidth	var leftWidth	leftWidth
PropertySetter	com.badlogic.gdx.scenes.scene2d.utils.Drawable#setMinHeight	var minHeight	minHeight
PropertySetter	com.badlogic.gdx.scenes.scene2d.utils.Drawable#setMinWidth	var minWidth	minWidth
PropertySetter	com.badlogic.gdx.scenes.scene2d.utils.Drawable#setRightWidth	var rightWidth	rightWidth
PropertySetter	com.badlogic.gdx.scenes.scene2d.utils.Drawable#setTopHeight	var topHeight	topHeight
PropertySetter	com.badlogic.gdx.scenes.scene2d.utils.FocusListener$FocusEvent#setFocused	var focused	focused
PropertySetter	com.badlogic.gdx.scenes.scene2d.utils.FocusListener$FocusEvent#setRelatedActor	var relatedActor	relatedActor
PropertySetter	com.badlogic.gdx.scenes.scene2d.utils.Layout#setFillParent	var fillParent	fillParent
PropertySetter	com.badlogic.gdx.scenes.scene2d.utils.Layout#setLayoutEnabled	var layoutEnabled	layoutEnabled
PropertySetter	com.badlogic.gdx.scenes.scene2d.utils.Selection#setDisabled	var disabled	disabled
PropertySetter	com.badlogic.gdx.scenes.scene2d.utils.Selection#setMultiple	var multiple	multiple
PropertySetter	com.badlogic.gdx.scenes.scene2d.utils.Selection#setProgrammaticChangeEvents	var programmaticChangeEvents	programmaticChangeEvents
PropertySetter	com.badlogic.gdx.scenes.scene2d.utils.Selection#setRequired	var required	required
PropertySetter	com.badlogic.gdx.scenes.scene2d.utils.Selection#setToggle	var toggle	toggle
PropertySetter	com.badlogic.gdx.scenes.scene2d.utils.TiledDrawable#setAlign	var align	align
PropertySetter	com.badlogic.gdx.scenes.scene2d.utils.TiledDrawable#setScale	var scale	scale
PropertySetter	com.badlogic.gdx.utils.Clipboard#setContents	var contents	contents
PropertySetter	com.badlogic.gdx.utils.I18NBundle#setExceptionOnMissingKey	var exceptionOnMissingKey	exceptionOnMissingKey
PropertySetter	com.badlogic.gdx.utils.I18NBundle#setLocale	var locale	locale
PropertySetter	com.badlogic.gdx.utils.I18NBundle#setSimpleFormatter	var simpleFormatter	simpleFormatter
PropertySetter	com.badlogic.gdx.utils.Logger#setLevel	var level	level
PropertySetter	com.badlogic.gdx.utils.XmlReader$Element#setText	var text	text
PropertySetter	com.badlogic.gdx.utils.viewport.ExtendViewport#setMaxWorldHeight	var maxWorldHeight	maxWorldHeight
PropertySetter	com.badlogic.gdx.utils.viewport.ExtendViewport#setMaxWorldWidth	var maxWorldWidth	maxWorldWidth
PropertySetter	com.badlogic.gdx.utils.viewport.ExtendViewport#setMinWorldHeight	var minWorldHeight	minWorldHeight
PropertySetter	com.badlogic.gdx.utils.viewport.ExtendViewport#setMinWorldWidth	var minWorldWidth	minWorldWidth
PropertySetter	com.badlogic.gdx.utils.viewport.ScreenViewport#setUnitsPerPixel	var unitsPerPixel	unitsPerPixel
PropertySetter	com.badlogic.gdx.utils.viewport.Viewport#setCamera	var camera	camera
PropertySetter	com.badlogic.gdx.utils.viewport.Viewport#setScreenHeight	var screenHeight	screenHeight
PropertySetter	com.badlogic.gdx.utils.viewport.Viewport#setScreenWidth	var screenWidth	screenWidth
PropertySetter	com.badlogic.gdx.utils.viewport.Viewport#setScreenX	var screenX	screenX
PropertySetter	com.badlogic.gdx.utils.viewport.Viewport#setScreenY	var screenY	screenY
PropertySetter	com.badlogic.gdx.utils.viewport.Viewport#setWorldHeight	var worldHeight	worldHeight
PropertySetter	com.badlogic.gdx.utils.viewport.Viewport#setWorldWidth	var worldWidth	worldWidth
Public	com.badlogic.gdx.Graphics$DisplayMode#<init>	public <init>	
Public	com.badlogic.gdx.Graphics$Monitor#<init>	public <init>	
Public	com.badlogic.gdx.assets.AssetLoadingTask#asset:field	public asset	
Public	com.badlogic.gdx.assets.AssetLoadingTask#assetDesc:field	public assetDesc	
Public	com.badlogic.gdx.assets.AssetLoadingTask#asyncDone:field	public asyncDone	
Public	com.badlogic.gdx.assets.AssetLoadingTask#cancel:field	public cancel	
Public	com.badlogic.gdx.assets.AssetLoadingTask#dependencies:field	public dependencies	
Public	com.badlogic.gdx.assets.AssetLoadingTask#dependenciesLoaded:field	public dependenciesLoaded	
Public	com.badlogic.gdx.assets.AssetLoadingTask#depsFuture:field	public depsFuture	
Public	com.badlogic.gdx.assets.AssetLoadingTask#executor:field	public executor	
Public	com.badlogic.gdx.assets.AssetLoadingTask#loadFuture:field	public loadFuture	
Public	com.badlogic.gdx.assets.AssetLoadingTask#loader:field	public loader	
Public	com.badlogic.gdx.assets.AssetLoadingTask#manager:field	public manager	
Public	com.badlogic.gdx.assets.AssetLoadingTask#startTime:field	public startTime	
Public	com.badlogic.gdx.assets.AssetManager#resolver:field	public resolver	
Public	com.badlogic.gdx.assets.AssetManager$RefCountedContainer#<init>	public <init>	
Public	com.badlogic.gdx.assets.AssetManager$RefCountedContainer#refCount:field	public refCount	
Public	com.badlogic.gdx.assets.loaders.CubemapLoader$CubemapLoaderInfo#cubemap:field	public cubemap	
Public	com.badlogic.gdx.assets.loaders.CubemapLoader$CubemapLoaderInfo#data:field	public data	
Public	com.badlogic.gdx.assets.loaders.CubemapLoader$CubemapLoaderInfo#filename:field	public filename	
Public	com.badlogic.gdx.assets.loaders.TextureLoader$TextureLoaderInfo#data:field	public data	
Public	com.badlogic.gdx.assets.loaders.TextureLoader$TextureLoaderInfo#filename:field	public filename	
Public	com.badlogic.gdx.assets.loaders.TextureLoader$TextureLoaderInfo#texture:field	public texture	
Public	com.badlogic.gdx.files.FileHandle#<init>(File,FileType)	public <init>	
Public	com.badlogic.gdx.files.FileHandle#<init>(String,FileType)	public <init>	
Public	com.badlogic.gdx.graphics.Cubemap#managedCubemaps:field	public managedCubemaps	
Public	com.badlogic.gdx.graphics.Mesh#<init>(VertexData,IndexData,boolean)	public <init>	
Public	com.badlogic.gdx.graphics.Mesh#autoBind:field	public autoBind	
Public	com.badlogic.gdx.graphics.Mesh#indices:field	public indices	
Public	com.badlogic.gdx.graphics.Mesh#instances:field	public instances	
Public	com.badlogic.gdx.graphics.Mesh#isVertexArray:field	public isVertexArray	
Public	com.badlogic.gdx.graphics.Mesh#vertices:field	public vertices	
Public	com.badlogic.gdx.graphics.Texture#<init>(int,int,TextureData)	public <init>	
Public	com.badlogic.gdx.graphics.Texture$TextureFilter#glEnum:field	public glEnum	
Public	com.badlogic.gdx.graphics.Texture$TextureWrap#glEnum:field	public glEnum	
Public	com.badlogic.gdx.graphics.TextureArray#managedTextureArrays:field	public managedTextureArrays	
Public	com.badlogic.gdx.graphics.g2d.BitmapFont#data:field	public data	
Public	com.badlogic.gdx.graphics.g2d.BitmapFont#indexOf	public indexOf	
Public	com.badlogic.gdx.graphics.g2d.BitmapFont#integer:field	public integer	
Public	com.badlogic.gdx.graphics.g2d.BitmapFont#regions:field	public regions	
Public	com.badlogic.gdx.graphics.g2d.GlyphLayout$GlyphRun#appendRun	public appendRun	
Public	com.badlogic.gdx.graphics.g2d.ParticleEffect#motionScale:field	public motionScale	
Public	com.badlogic.gdx.graphics.g2d.ParticleEffect#xSizeScale:field	public xSizeScale	
Public	com.badlogic.gdx.graphics.g2d.ParticleEffect#ySizeScale:field	public ySizeScale	
Public	com.badlogic.gdx.graphics.g2d.ParticleEmitter#cleansUpBlendFunction:field	public cleansUpBlendFunction	
Public	com.badlogic.gdx.graphics.g2d.ParticleEmitter#readBoolean(BufferedReader,String)	public readBoolean	
Public	com.badlogic.gdx.graphics.g2d.ParticleEmitter#readBoolean(String)	public readBoolean	
Public	com.badlogic.gdx.graphics.g2d.ParticleEmitter#readFloat	public readFloat	
Public	com.badlogic.gdx.graphics.g2d.ParticleEmitter#readInt	public readInt	
Public	com.badlogic.gdx.graphics.g2d.ParticleEmitter#readString(BufferedReader,String)	public readString	
Public	com.badlogic.gdx.graphics.g2d.ParticleEmitter#readString(String)	public readString	
Public	com.badlogic.gdx.graphics.g2d.ParticleEmitter$GradientColorValue#timeline:field	public timeline	
Public	com.badlogic.gdx.graphics.g2d.ParticleEmitter$IndependentScaledNumericValue#independent:field	public independent	
Public	com.badlogic.gdx.graphics.g2d.ParticleEmitter$Particle#angle:field	public angle	
Public	com.badlogic.gdx.graphics.g2d.ParticleEmitter$Particle#angleCos:field	public angleCos	
Public	com.badlogic.gdx.graphics.g2d.ParticleEmitter$Particle#angleDiff:field	public angleDiff	
Public	com.badlogic.gdx.graphics.g2d.ParticleEmitter$Particle#angleSin:field	public angleSin	
Public	com.badlogic.gdx.graphics.g2d.ParticleEmitter$Particle#currentLife:field	public currentLife	
Public	com.badlogic.gdx.graphics.g2d.ParticleEmitter$Particle#frame:field	public frame	
Public	com.badlogic.gdx.graphics.g2d.ParticleEmitter$Particle#gravity:field	public gravity	
Public	com.badlogic.gdx.graphics.g2d.ParticleEmitter$Particle#gravityDiff:field	public gravityDiff	
Public	com.badlogic.gdx.graphics.g2d.ParticleEmitter$Particle#life:field	public life	
Public	com.badlogic.gdx.graphics.g2d.ParticleEmitter$Particle#rotationDiff:field	public rotationDiff	
Public	com.badlogic.gdx.graphics.g2d.ParticleEmitter$Particle#tint:field	public tint	
Public	com.badlogic.gdx.graphics.g2d.ParticleEmitter$Particle#transparency:field	public transparency	
Public	com.badlogic.gdx.graphics.g2d.ParticleEmitter$Particle#transparencyDiff:field	public transparencyDiff	
Public	com.badlogic.gdx.graphics.g2d.ParticleEmitter$Particle#velocity:field	public velocity	
Public	com.badlogic.gdx.graphics.g2d.ParticleEmitter$Particle#velocityDiff:field	public velocityDiff	
Public	com.badlogic.gdx.graphics.g2d.ParticleEmitter$Particle#wind:field	public wind	
Public	com.badlogic.gdx.graphics.g2d.ParticleEmitter$Particle#windDiff:field	public windDiff	
Public	com.badlogic.gdx.graphics.g2d.ParticleEmitter$Particle#xScale:field	public xScale	
Public	com.badlogic.gdx.graphics.g2d.ParticleEmitter$Particle#xScaleDiff:field	public xScaleDiff	
Public	com.badlogic.gdx.graphics.g2d.ParticleEmitter$Particle#yScale:field	public yScale	
Public	com.badlogic.gdx.graphics.g2d.ParticleEmitter$Particle#yScaleDiff:field	public yScaleDiff	
Public	com.badlogic.gdx.graphics.g2d.ParticleEmitter$ParticleValue#active:field	public active	
Public	com.badlogic.gdx.graphics.g2d.ParticleEmitter$ParticleValue#alwaysActive:field	public alwaysActive	
Public	com.badlogic.gdx.graphics.g2d.ParticleEmitter$ScaledNumericValue#relative:field	public relative	
Public	com.badlogic.gdx.graphics.g2d.ParticleEmitter$ScaledNumericValue#timeline:field	public timeline	
Public	com.badlogic.gdx.graphics.g2d.ParticleEmitter$SpawnShapeValue#edges:field	public edges	
Public	com.badlogic.gdx.graphics.g2d.ParticleEmitter$SpawnShapeValue#shape:field	public shape	
Public	com.badlogic.gdx.graphics.g2d.ParticleEmitter$SpawnShapeValue#side:field	public side	
Public	com.badlogic.gdx.graphics.g2d.PixmapPacker#alphaThreshold:field	public alphaThreshold	
Public	com.badlogic.gdx.graphics.g2d.PixmapPacker#disposed:field	public disposed	
Public	com.badlogic.gdx.graphics.g2d.PixmapPacker#duplicateBorder:field	public duplicateBorder	
Public	com.badlogic.gdx.graphics.g2d.PixmapPacker#indexPattern:field	public indexPattern	
Public	com.badlogic.gdx.graphics.g2d.PixmapPacker#packStrategy:field	public packStrategy	
Public	com.badlogic.gdx.graphics.g2d.PixmapPacker#packToTexture:field	public packToTexture	
Public	com.badlogic.gdx.graphics.g2d.PixmapPacker#padding:field	public padding	
Public	com.badlogic.gdx.graphics.g2d.PixmapPacker#pageFormat:field	public pageFormat	
Public	com.badlogic.gdx.graphics.g2d.PixmapPacker#pageHeight:field	public pageHeight	
Public	com.badlogic.gdx.graphics.g2d.PixmapPacker#pageWidth:field	public pageWidth	
Public	com.badlogic.gdx.graphics.g2d.PixmapPacker#pages:field	public pages	
Public	com.badlogic.gdx.graphics.g2d.PixmapPacker#stripWhitespaceX:field	public stripWhitespaceX	
Public	com.badlogic.gdx.graphics.g2d.PixmapPacker#stripWhitespaceY:field	public stripWhitespaceY	
Public	com.badlogic.gdx.graphics.g2d.PixmapPacker#transparentColor:field	public transparentColor	
Public	com.badlogic.gdx.graphics.g2d.PixmapPacker$GuillotineStrategy$Node#<init>	public <init>	
Public	com.badlogic.gdx.graphics.g2d.PixmapPacker$Page#addedRects:field	public addedRects	
Public	com.badlogic.gdx.graphics.g2d.PixmapPacker$Page#dirty:field	public dirty	
Public	com.badlogic.gdx.graphics.g2d.PixmapPacker$Page#image:field	public image	
Public	com.badlogic.gdx.graphics.g2d.PixmapPacker$Page#rects:field	public rects	
Public	com.badlogic.gdx.graphics.g2d.PixmapPacker$Page#texture:field	public texture	
Public	com.badlogic.gdx.graphics.g2d.PixmapPacker$PixmapPackerRectangle#<init>(int,int,int,int)	public <init>	
Public	com.badlogic.gdx.graphics.g2d.PixmapPacker$PixmapPackerRectangle#<init>(int,int,int,int,int,int,int,int)	public <init>	
Public	com.badlogic.gdx.graphics.g2d.PolygonRegion#region:field	public region	
Public	com.badlogic.gdx.graphics.g2d.PolygonRegion#textureCoords:field	public textureCoords	
Public	com.badlogic.gdx.graphics.g2d.PolygonRegion#triangles:field	public triangles	
Public	com.badlogic.gdx.graphics.g2d.PolygonRegion#vertices:field	public vertices	
Public	com.badlogic.gdx.graphics.g2d.Sprite#SPRITE_SIZE:field	public SPRITE_SIZE	
Public	com.badlogic.gdx.graphics.g2d.Sprite#VERTEX_SIZE:field	public VERTEX_SIZE	
Public	com.badlogic.gdx.graphics.g2d.Sprite#vertices:field	public vertices	
Public	com.badlogic.gdx.graphics.g2d.SpriteBatch#colorPacked:field	public colorPacked	
Public	com.badlogic.gdx.graphics.g2d.SpriteBatch#invTexHeight:field	public invTexHeight	
Public	com.badlogic.gdx.graphics.g2d.SpriteBatch#invTexWidth:field	public invTexWidth	
Public	com.badlogic.gdx.graphics.g2d.SpriteBatch#vertices:field	public vertices	
Public	com.badlogic.gdx.graphics.g2d.SpriteCache#createDefaultShader	public createDefaultShader	
Public	com.badlogic.gdx.graphics.g2d.SpriteCache$Cache#counts:field	public counts	
Public	com.badlogic.gdx.graphics.g2d.SpriteCache$Cache#id:field	public id	
Public	com.badlogic.gdx.graphics.g2d.SpriteCache$Cache#maxCount:field	public maxCount	
Public	com.badlogic.gdx.graphics.g2d.SpriteCache$Cache#offset:field	public offset	
Public	com.badlogic.gdx.graphics.g2d.SpriteCache$Cache#textureCount:field	public textureCount	
Public	com.badlogic.gdx.graphics.g2d.SpriteCache$Cache#textures:field	public textures	
Public	com.badlogic.gdx.graphics.g2d.TextureAtlas$TextureAtlasData#pages:field	public pages	
Public	com.badlogic.gdx.graphics.g2d.TextureAtlas$TextureAtlasData#regions:field	public regions	
Public	com.badlogic.gdx.graphics.g2d.TextureRegion#texture:field	public texture	
Public	com.badlogic.gdx.graphics.g3d.Attribute#<init>	public <init>	
Public	com.badlogic.gdx.graphics.g3d.ModelBatch#context:field	public context	
Public	com.badlogic.gdx.graphics.g3d.ModelBatch#shaderProvider:field	public shaderProvider	
Public	com.badlogic.gdx.graphics.g3d.ModelBatch#sorter:field	public sorter	
Public	com.badlogic.gdx.graphics.g3d.ModelBatch$RenderablePool#<init>	public <init>	
Public	com.badlogic.gdx.graphics.g3d.decals.CameraGroupStrategy#camera:field	public camera	
Public	com.badlogic.gdx.graphics.g3d.decals.Decal#material:field	public material	
Public	com.badlogic.gdx.graphics.g3d.decals.Decal#position:field	public position	
Public	com.badlogic.gdx.graphics.g3d.decals.Decal#rotation:field	public rotation	
Public	com.badlogic.gdx.graphics.g3d.decals.DecalMaterial#dstBlendFactor:field	public dstBlendFactor	
Public	com.badlogic.gdx.graphics.g3d.decals.DecalMaterial#srcBlendFactor:field	public srcBlendFactor	
Public	com.badlogic.gdx.graphics.g3d.decals.DecalMaterial#textureRegion:field	public textureRegion	
Public	com.badlogic.gdx.graphics.g3d.particles.ParallelArray#arrays:field	public arrays	
Public	com.badlogic.gdx.graphics.g3d.particles.ParticleEffectLoader$ParticleEffectLoadParameter#batches:field	public batches	
Public	com.badlogic.gdx.graphics.g3d.particles.ParticleEffectLoader$ParticleEffectSaveParameter#batches:field	public batches	
Public	com.badlogic.gdx.graphics.g3d.particles.ParticleEffectLoader$ParticleEffectSaveParameter#file:field	public file	
Public	com.badlogic.gdx.graphics.g3d.particles.ParticleEffectLoader$ParticleEffectSaveParameter#manager:field	public manager	
Public	com.badlogic.gdx.graphics.g3d.particles.ParticleEffectLoader$ParticleEffectSaveParameter#prettyPrint:field	public prettyPrint	
Public	com.badlogic.gdx.graphics.g3d.particles.ParticleShader#config:field	public config	
Public	com.badlogic.gdx.graphics.g3d.particles.ParticleShader#currentMaterial:field	public currentMaterial	
Public	com.badlogic.gdx.graphics.g3d.particles.ParticleSorter#camera:field	public camera	
Public	com.badlogic.gdx.graphics.g3d.particles.ResourceData#sharedAssets:field	public sharedAssets	
Public	com.badlogic.gdx.graphics.g3d.particles.ResourceData$SaveData#assets:field	public assets	
Public	com.badlogic.gdx.graphics.g3d.particles.ResourceData$SaveData#data:field	public data	
Public	com.badlogic.gdx.graphics.g3d.particles.ResourceData$SaveData#resources:field	public resources	
Public	com.badlogic.gdx.graphics.g3d.particles.batches.BillboardParticleBatch#shader:field	public shader	
Public	com.badlogic.gdx.graphics.g3d.particles.batches.BillboardParticleBatch$Config#mode:field	public mode	
Public	com.badlogic.gdx.graphics.g3d.particles.batches.BillboardParticleBatch$Config#useGPU:field	public useGPU	
Public	com.badlogic.gdx.graphics.g3d.particles.batches.ModelInstanceParticleBatch#bufferedParticlesCount:field	public bufferedParticlesCount	
Public	com.badlogic.gdx.graphics.g3d.particles.batches.ModelInstanceParticleBatch#controllersRenderData:field	public controllersRenderData	
Public	com.badlogic.gdx.graphics.g3d.particles.batches.PointSpriteParticleBatch#renderable:field	public renderable	
Public	com.badlogic.gdx.graphics.g3d.particles.influencers.ColorInfluencer#colorChannel:field	public colorChannel	
Public	com.badlogic.gdx.graphics.g3d.particles.influencers.ColorInfluencer$Single#alphaInterpolationChannel:field	public alphaInterpolationChannel	
Public	com.badlogic.gdx.graphics.g3d.particles.influencers.ColorInfluencer$Single#lifeChannel:field	public lifeChannel	
Public	com.badlogic.gdx.graphics.g3d.particles.influencers.ModelInfluencer#modelChannel:field	public modelChannel	
Public	com.badlogic.gdx.graphics.g3d.particles.influencers.ParticleControllerFinalizerInfluencer#controllerChannel:field	public controllerChannel	
Public	com.badlogic.gdx.graphics.g3d.particles.influencers.ParticleControllerFinalizerInfluencer#hasRotation:field	public hasRotation	
Public	com.badlogic.gdx.graphics.g3d.particles.influencers.ParticleControllerFinalizerInfluencer#hasScale:field	public hasScale	
Public	com.badlogic.gdx.graphics.g3d.particles.influencers.ParticleControllerFinalizerInfluencer#positionChannel:field	public positionChannel	
Public	com.badlogic.gdx.graphics.g3d.particles.influencers.ParticleControllerFinalizerInfluencer#rotationChannel:field	public rotationChannel	
Public	com.badlogic.gdx.graphics.g3d.particles.influencers.ParticleControllerFinalizerInfluencer#scaleChannel:field	public scaleChannel	
Public	com.badlogic.gdx.graphics.g3d.particles.influencers.SimpleInfluencer#interpolationChannel:field	public interpolationChannel	
Public	com.badlogic.gdx.graphics.g3d.particles.influencers.SimpleInfluencer#lifeChannel:field	public lifeChannel	
Public	com.badlogic.gdx.graphics.g3d.particles.influencers.SimpleInfluencer#valueChannel:field	public valueChannel	
Public	com.badlogic.gdx.graphics.g3d.particles.influencers.SimpleInfluencer#valueChannelDescriptor:field	public valueChannelDescriptor	
Public	com.badlogic.gdx.graphics.g3d.particles.influencers.SpawnInfluencer#positionChannel:field	public positionChannel	
Public	com.badlogic.gdx.graphics.g3d.particles.influencers.SpawnInfluencer#rotationChannel:field	public rotationChannel	
Public	com.badlogic.gdx.graphics.g3d.particles.renderers.ParticleControllerControllerRenderer#controllerChannel:field	public controllerChannel	
Public	com.badlogic.gdx.graphics.g3d.particles.renderers.ParticleControllerRenderer#<init>()	public <init>	
Public	com.badlogic.gdx.graphics.g3d.particles.renderers.ParticleControllerRenderer#<init>(D)	public <init>	
Public	com.badlogic.gdx.graphics.g3d.particles.values.EllipseSpawnShapeValue#side:field	public side	
Public	com.badlogic.gdx.graphics.g3d.particles.values.MeshSpawnShapeValue$Triangle#x1:field	public x1	
Public	com.badlogic.gdx.graphics.g3d.particles.values.MeshSpawnShapeValue$Triangle#x2:field	public x2	
Public	com.badlogic.gdx.graphics.g3d.particles.values.MeshSpawnShapeValue$Triangle#x3:field	public x3	
Public	com.badlogic.gdx.graphics.g3d.particles.values.MeshSpawnShapeValue$Triangle#y1:field	public y1	
Public	com.badlogic.gdx.graphics.g3d.particles.values.MeshSpawnShapeValue$Triangle#y2:field	public y2	
Public	com.badlogic.gdx.graphics.g3d.particles.values.MeshSpawnShapeValue$Triangle#y3:field	public y3	
Public	com.badlogic.gdx.graphics.g3d.particles.values.MeshSpawnShapeValue$Triangle#z1:field	public z1	
Public	com.badlogic.gdx.graphics.g3d.particles.values.MeshSpawnShapeValue$Triangle#z2:field	public z2	
Public	com.badlogic.gdx.graphics.g3d.particles.values.MeshSpawnShapeValue$Triangle#z3:field	public z3	
Public	com.badlogic.gdx.graphics.g3d.shaders.DefaultShader#attributesMask:field	public attributesMask	
Public	com.badlogic.gdx.graphics.g3d.shaders.DefaultShader#config:field	public config	
Public	com.badlogic.gdx.graphics.g3d.utils.AnimationController$AnimationDesc#<init>	public <init>	
Public	com.badlogic.gdx.graphics.g3d.utils.BaseAnimationController#getFirstKeyframeIndexAtTime	public getFirstKeyframeIndexAtTime	
Public	com.badlogic.gdx.graphics.g3d.utils.CameraInputController#<init>(CameraGestureListener,Camera)	public <init>	
Public	com.badlogic.gdx.graphics.g3d.utils.CameraInputController#gestureListener:field	public gestureListener	
Public	com.badlogic.gdx.graphics.g3d.utils.CameraInputController$CameraGestureListener#<init>	public <init>	
Public	com.badlogic.gdx.graphics.glutils.ETC1#getHeightPKM	public getHeightPKM	
Public	com.badlogic.gdx.graphics.glutils.ETC1#getWidthPKM	public getWidthPKM	
Public	com.badlogic.gdx.graphics.glutils.ETC1#isValidPKM	public isValidPKM	
Public	com.badlogic.gdx.graphics.glutils.ETC1TextureData#file:field	public file	
Public	com.badlogic.gdx.graphics.glutils.FileTextureData#file:field	public file	
Public	com.badlogic.gdx.graphics.glutils.FloatFrameBuffer#<init>()	public <init>	
Public	com.badlogic.gdx.graphics.glutils.FloatFrameBuffer#<init>(GLFrameBufferBuilder)	public <init>	
Public	com.badlogic.gdx.graphics.glutils.FloatTextureData#format:field	public format	
Public	com.badlogic.gdx.graphics.glutils.FloatTextureData#height:field	public height	
Public	com.badlogic.gdx.graphics.glutils.FloatTextureData#internalFormat:field	public internalFormat	
Public	com.badlogic.gdx.graphics.glutils.FloatTextureData#isGpuOnly:field	public isGpuOnly	
Public	com.badlogic.gdx.graphics.glutils.FloatTextureData#type:field	public type	
Public	com.badlogic.gdx.graphics.glutils.FloatTextureData#width:field	public width	
Public	com.badlogic.gdx.graphics.glutils.FrameBuffer#<init>()	public <init>	
Public	com.badlogic.gdx.graphics.glutils.FrameBuffer#<init>(GLFrameBufferBuilder)	public <init>	
Public	com.badlogic.gdx.graphics.glutils.FrameBufferCubemap#<init>()	public <init>	
Public	com.badlogic.gdx.graphics.glutils.FrameBufferCubemap#<init>(GLFrameBufferBuilder)	public <init>	
Public	com.badlogic.gdx.graphics.glutils.GLFrameBuffer#<init>()	public <init>	
Public	com.badlogic.gdx.graphics.glutils.GLFrameBuffer#<init>(GLFrameBufferBuilder)	public <init>	
Public	com.badlogic.gdx.graphics.glutils.GLOnlyTextureData#format:field	public format	
Public	com.badlogic.gdx.graphics.glutils.GLOnlyTextureData#height:field	public height	
Public	com.badlogic.gdx.graphics.glutils.GLOnlyTextureData#internalFormat:field	public internalFormat	
Public	com.badlogic.gdx.graphics.glutils.GLOnlyTextureData#mipLevel:field	public mipLevel	
Public	com.badlogic.gdx.graphics.glutils.GLOnlyTextureData#type:field	public type	
Public	com.badlogic.gdx.graphics.glutils.GLOnlyTextureData#width:field	public width	
Public	com.badlogic.gdx.graphics.glutils.InstanceBufferObject#isBound:field	public isBound	
Public	com.badlogic.gdx.graphics.glutils.InstanceBufferObject#isDirty:field	public isDirty	
Public	com.badlogic.gdx.graphics.glutils.InstanceBufferObjectSubData#attributes:field	public attributes	
Public	com.badlogic.gdx.graphics.glutils.InstanceBufferObjectSubData#bufferHandle:field	public bufferHandle	
Public	com.badlogic.gdx.graphics.glutils.InstanceBufferObjectSubData#byteBuffer:field	public byteBuffer	
Public	com.badlogic.gdx.graphics.glutils.InstanceBufferObjectSubData#isBound:field	public isBound	
Public	com.badlogic.gdx.graphics.glutils.InstanceBufferObjectSubData#isDirect:field	public isDirect	
Public	com.badlogic.gdx.graphics.glutils.InstanceBufferObjectSubData#isDirty:field	public isDirty	
Public	com.badlogic.gdx.graphics.glutils.InstanceBufferObjectSubData#isStatic:field	public isStatic	
Public	com.badlogic.gdx.graphics.glutils.InstanceBufferObjectSubData#usage:field	public usage	
Public	com.badlogic.gdx.graphics.glutils.MipMapTextureData#mips:field	public mips	
Public	com.badlogic.gdx.graphics.glutils.PixmapTextureData#disposePixmap:field	public disposePixmap	
Public	com.badlogic.gdx.graphics.glutils.PixmapTextureData#useMipMaps:field	public useMipMaps	
Public	com.badlogic.gdx.graphics.glutils.VertexArray#attributes:field	public attributes	
Public	com.badlogic.gdx.graphics.glutils.VertexArray#byteBuffer:field	public byteBuffer	
Public	com.badlogic.gdx.graphics.glutils.VertexArray#isBound:field	public isBound	
Public	com.badlogic.gdx.graphics.glutils.VertexBufferObject#<init>(int,ByteBuffer,boolean,VertexAttributes)	public <init>	
Public	com.badlogic.gdx.graphics.glutils.VertexBufferObject#isBound:field	public isBound	
Public	com.badlogic.gdx.graphics.glutils.VertexBufferObject#isDirty:field	public isDirty	
Public	com.badlogic.gdx.graphics.glutils.VertexBufferObjectSubData#attributes:field	public attributes	
Public	com.badlogic.gdx.graphics.glutils.VertexBufferObjectSubData#bufferHandle:field	public bufferHandle	
Public	com.badlogic.gdx.graphics.glutils.VertexBufferObjectSubData#byteBuffer:field	public byteBuffer	
Public	com.badlogic.gdx.graphics.glutils.VertexBufferObjectSubData#isBound:field	public isBound	
Public	com.badlogic.gdx.graphics.glutils.VertexBufferObjectSubData#isDirect:field	public isDirect	
Public	com.badlogic.gdx.graphics.glutils.VertexBufferObjectSubData#isDirty:field	public isDirty	
Public	com.badlogic.gdx.graphics.glutils.VertexBufferObjectSubData#isStatic:field	public isStatic	
Public	com.badlogic.gdx.graphics.glutils.VertexBufferObjectSubData#usage:field	public usage	
Public	com.badlogic.gdx.graphics.glutils.VertexBufferObjectWithVAO#bufferHandle:field	public bufferHandle	
Public	com.badlogic.gdx.graphics.glutils.VertexBufferObjectWithVAO#byteBuffer:field	public byteBuffer	
Public	com.badlogic.gdx.graphics.glutils.VertexBufferObjectWithVAO#cachedLocations:field	public cachedLocations	
Public	com.badlogic.gdx.graphics.glutils.VertexBufferObjectWithVAO#isBound:field	public isBound	
Public	com.badlogic.gdx.graphics.glutils.VertexBufferObjectWithVAO#isDirty:field	public isDirty	
Public	com.badlogic.gdx.graphics.glutils.VertexBufferObjectWithVAO#isStatic:field	public isStatic	
Public	com.badlogic.gdx.graphics.glutils.VertexBufferObjectWithVAO#ownsBuffer:field	public ownsBuffer	
Public	com.badlogic.gdx.graphics.glutils.VertexBufferObjectWithVAO#usage:field	public usage	
Public	com.badlogic.gdx.graphics.glutils.VertexBufferObjectWithVAO#vaoHandle:field	public vaoHandle	
Public	com.badlogic.gdx.graphics.profiling.GL20Interceptor#<init>	public <init>	
Public	com.badlogic.gdx.graphics.profiling.GL20Interceptor#gl20:field	public gl20	
Public	com.badlogic.gdx.graphics.profiling.GL30Interceptor#<init>	public <init>	
Public	com.badlogic.gdx.graphics.profiling.GL30Interceptor#gl30:field	public gl30	
Public	com.badlogic.gdx.graphics.profiling.GL31Interceptor#gl31:field	public gl31	
Public	com.badlogic.gdx.graphics.profiling.GL32Interceptor#gl32:field	public gl32	
Public	com.badlogic.gdx.graphics.profiling.GLInterceptor#<init>	public <init>	
Public	com.badlogic.gdx.graphics.profiling.GLInterceptor#calls:field	public calls	
Public	com.badlogic.gdx.graphics.profiling.GLInterceptor#drawCalls:field	public drawCalls	
Public	com.badlogic.gdx.graphics.profiling.GLInterceptor#shaderSwitches:field	public shaderSwitches	
Public	com.badlogic.gdx.graphics.profiling.GLInterceptor#textureBindings:field	public textureBindings	
Public	com.badlogic.gdx.graphics.profiling.GLInterceptor#vertexCount:field	public vertexCount	
Public	com.badlogic.gdx.input.GestureDetector#listener:field	public listener	
Public	com.badlogic.gdx.input.GestureDetector#longPressFired:field	public longPressFired	
Public	com.badlogic.gdx.input.GestureDetector#pointer1:field	public pointer1	
Public	com.badlogic.gdx.input.GestureDetector$VelocityTracker#<init>	public <init>	
Public	com.badlogic.gdx.input.GestureDetector$VelocityTracker#deltaX:field	public deltaX	
Public	com.badlogic.gdx.input.GestureDetector$VelocityTracker#deltaY:field	public deltaY	
Public	com.badlogic.gdx.input.GestureDetector$VelocityTracker#lastTime:field	public lastTime	
Public	com.badlogic.gdx.input.GestureDetector$VelocityTracker#lastX:field	public lastX	
Public	com.badlogic.gdx.input.GestureDetector$VelocityTracker#lastY:field	public lastY	
Public	com.badlogic.gdx.input.GestureDetector$VelocityTracker#meanTime:field	public meanTime	
Public	com.badlogic.gdx.input.GestureDetector$VelocityTracker#meanX:field	public meanX	
Public	com.badlogic.gdx.input.GestureDetector$VelocityTracker#meanY:field	public meanY	
Public	com.badlogic.gdx.input.GestureDetector$VelocityTracker#numSamples:field	public numSamples	
Public	com.badlogic.gdx.input.GestureDetector$VelocityTracker#sampleSize:field	public sampleSize	
Public	com.badlogic.gdx.input.RemoteInput#justPressedKeys:field	public justPressedKeys	
Public	com.badlogic.gdx.input.RemoteInput#keyCount:field	public keyCount	
Public	com.badlogic.gdx.input.RemoteInput#keyJustPressed:field	public keyJustPressed	
Public	com.badlogic.gdx.input.RemoteInput#keys:field	public keys	
Public	com.badlogic.gdx.input.RemoteInput#processor:field	public processor	
Public	com.badlogic.gdx.input.RemoteInput#touchX:field	public touchX	
Public	com.badlogic.gdx.input.RemoteInput#touchY:field	public touchY	
Public	com.badlogic.gdx.input.RemoteInput$KeyEvent#<init>	public <init>	
Public	com.badlogic.gdx.input.RemoteInput$KeyEvent#KEY_DOWN:field	public KEY_DOWN	
Public	com.badlogic.gdx.input.RemoteInput$KeyEvent#KEY_TYPED:field	public KEY_TYPED	
Public	com.badlogic.gdx.input.RemoteInput$KeyEvent#KEY_UP:field	public KEY_UP	
Public	com.badlogic.gdx.input.RemoteInput$KeyEvent#keyChar:field	public keyChar	
Public	com.badlogic.gdx.input.RemoteInput$KeyEvent#keyCode:field	public keyCode	
Public	com.badlogic.gdx.input.RemoteInput$KeyEvent#timeStamp:field	public timeStamp	
Public	com.badlogic.gdx.input.RemoteInput$KeyEvent#type:field	public type	
Public	com.badlogic.gdx.input.RemoteInput$TouchEvent#<init>	public <init>	
Public	com.badlogic.gdx.input.RemoteInput$TouchEvent#TOUCH_DOWN:field	public TOUCH_DOWN	
Public	com.badlogic.gdx.input.RemoteInput$TouchEvent#TOUCH_DRAGGED:field	public TOUCH_DRAGGED	
Public	com.badlogic.gdx.input.RemoteInput$TouchEvent#TOUCH_UP:field	public TOUCH_UP	
Public	com.badlogic.gdx.input.RemoteInput$TouchEvent#pointer:field	public pointer	
Public	com.badlogic.gdx.input.RemoteInput$TouchEvent#timeStamp:field	public timeStamp	
Public	com.badlogic.gdx.input.RemoteInput$TouchEvent#type:field	public type	
Public	com.badlogic.gdx.input.RemoteInput$TouchEvent#x:field	public x	
Public	com.badlogic.gdx.input.RemoteInput$TouchEvent#y:field	public y	
Public	com.badlogic.gdx.maps.tiled.AtlasTmjMapLoader#parseRegionName	public parseRegionName	
Public	com.badlogic.gdx.maps.tiled.BaseTiledMapLoader$ProjectClassMember#<init>	public <init>	
Public	com.badlogic.gdx.math.Interpolation$BounceOut#heights:field	public heights	
Public	com.badlogic.gdx.math.Interpolation$BounceOut#widths:field	public widths	
Public	com.badlogic.gdx.math.Interpolation$Elastic#power:field	public power	
Public	com.badlogic.gdx.math.Interpolation$Elastic#scale:field	public scale	
Public	com.badlogic.gdx.math.Interpolation$Elastic#value:field	public value	
Public	com.badlogic.gdx.math.Interpolation$Exp#min:field	public min	
Public	com.badlogic.gdx.math.Interpolation$Exp#power:field	public power	
Public	com.badlogic.gdx.math.Interpolation$Exp#scale:field	public scale	
Public	com.badlogic.gdx.math.Interpolation$Exp#value:field	public value	
Public	com.badlogic.gdx.math.Interpolation$Pow#power:field	public power	
Public	com.badlogic.gdx.math.Intersector$SplitTriangle#add	public add	
Public	com.badlogic.gdx.math.Intersector$SplitTriangle#edgeSplit:field	public edgeSplit	
Public	com.badlogic.gdx.math.Intersector$SplitTriangle#getSide	public side	
Public	com.badlogic.gdx.math.Intersector$SplitTriangle#reset	public reset	
Public	com.badlogic.gdx.math.Intersector$SplitTriangle#setSide	public side_=	
Public	com.badlogic.gdx.math.Octree#collider:field	public collider	
Public	com.badlogic.gdx.math.Octree#createNode	public createNode	
Public	com.badlogic.gdx.math.Octree#maxItemsPerNode:field	public maxItemsPerNode	
Public	com.badlogic.gdx.math.Octree#nodePool:field	public nodePool	
Public	com.badlogic.gdx.math.Octree#tmp:field	public tmp	
Public	com.badlogic.gdx.math.Octree$OctreeNode#<init>	public <init>	
Public	com.badlogic.gdx.math.Octree$OctreeNode#add	public add	
Public	com.badlogic.gdx.math.Octree$OctreeNode#bounds:field	public bounds	
Public	com.badlogic.gdx.math.Octree$OctreeNode#getAll	public getAll	
Public	com.badlogic.gdx.math.Octree$OctreeNode#getBoundingBox	public getBoundingBox	
Public	com.badlogic.gdx.math.Octree$OctreeNode#leaf:field	public leaf	
Public	com.badlogic.gdx.math.Octree$OctreeNode#level:field	public level	
Public	com.badlogic.gdx.math.Octree$OctreeNode#query(BoundingBox,ObjectSet)	public query	
Public	com.badlogic.gdx.math.Octree$OctreeNode#query(Frustum,ObjectSet)	public query	
Public	com.badlogic.gdx.math.Octree$OctreeNode#rayCast	public rayCast	
Public	com.badlogic.gdx.math.Octree$OctreeNode#remove	public remove	
Public	com.badlogic.gdx.math.Octree$RayCastResult#distance:field	public distance	
Public	com.badlogic.gdx.math.Octree$RayCastResult#maxDistanceSq:field	public maxDistanceSq	
Public	com.badlogic.gdx.scenes.scene2d.Actor#color:field	public color	
Public	com.badlogic.gdx.scenes.scene2d.Actor#originX:field	public originX	
Public	com.badlogic.gdx.scenes.scene2d.Actor#originY:field	public originY	
Public	com.badlogic.gdx.scenes.scene2d.Group#children:field	public children	
Public	com.badlogic.gdx.scenes.scene2d.Group#transform:field	public transform	
Public	com.badlogic.gdx.scenes.scene2d.Stage#debug:field	public debug	
Public	com.badlogic.gdx.scenes.scene2d.Stage$TouchFocus#button:field	public button	
Public	com.badlogic.gdx.scenes.scene2d.Stage$TouchFocus#listener:field	public listener	
Public	com.badlogic.gdx.scenes.scene2d.Stage$TouchFocus#listenerActor:field	public listenerActor	
Public	com.badlogic.gdx.scenes.scene2d.Stage$TouchFocus#pointer:field	public pointer	
Public	com.badlogic.gdx.scenes.scene2d.Stage$TouchFocus#target:field	public target	
Public	com.badlogic.gdx.scenes.scene2d.actions.CountdownEventAction#count:field	public count	
Public	com.badlogic.gdx.scenes.scene2d.actions.DelegateAction#action:field	public action	
Public	com.badlogic.gdx.scenes.scene2d.actions.EventAction#active:field	public active	
Public	com.badlogic.gdx.scenes.scene2d.actions.EventAction#eventClass:field	public eventClass	
Public	com.badlogic.gdx.scenes.scene2d.actions.EventAction#result:field	public result	
Public	com.badlogic.gdx.scenes.scene2d.actions.ParallelAction#actions:field	public actions	
Public	com.badlogic.gdx.scenes.scene2d.ui.Button#isChecked:field	public isChecked	
Public	com.badlogic.gdx.scenes.scene2d.ui.Cell#actor:field	public actor	
Public	com.badlogic.gdx.scenes.scene2d.ui.Cell#actorHeight:field	public actorHeight	
Public	com.badlogic.gdx.scenes.scene2d.ui.Cell#actorWidth:field	public actorWidth	
Public	com.badlogic.gdx.scenes.scene2d.ui.Cell#actorX:field	public actorX	
Public	com.badlogic.gdx.scenes.scene2d.ui.Cell#actorY:field	public actorY	
Public	com.badlogic.gdx.scenes.scene2d.ui.Cell#align:field	public align	
Public	com.badlogic.gdx.scenes.scene2d.ui.Cell#cellAboveIndex:field	public cellAboveIndex	
Public	com.badlogic.gdx.scenes.scene2d.ui.Cell#colspan:field	public colspan	
Public	com.badlogic.gdx.scenes.scene2d.ui.Cell#column:field	public column	
Public	com.badlogic.gdx.scenes.scene2d.ui.Cell#computedPadBottom:field	public computedPadBottom	
Public	com.badlogic.gdx.scenes.scene2d.ui.Cell#computedPadLeft:field	public computedPadLeft	
Public	com.badlogic.gdx.scenes.scene2d.ui.Cell#computedPadRight:field	public computedPadRight	
Public	com.badlogic.gdx.scenes.scene2d.ui.Cell#computedPadTop:field	public computedPadTop	
Public	com.badlogic.gdx.scenes.scene2d.ui.Cell#endRow:field	public endRow	
Public	com.badlogic.gdx.scenes.scene2d.ui.Cell#expandX:field	public expandX	
Public	com.badlogic.gdx.scenes.scene2d.ui.Cell#expandY:field	public expandY	
Public	com.badlogic.gdx.scenes.scene2d.ui.Cell#fillX:field	public fillX	
Public	com.badlogic.gdx.scenes.scene2d.ui.Cell#fillY:field	public fillY	
Public	com.badlogic.gdx.scenes.scene2d.ui.Cell#maxHeight:field	public maxHeight	
Public	com.badlogic.gdx.scenes.scene2d.ui.Cell#maxWidth:field	public maxWidth	
Public	com.badlogic.gdx.scenes.scene2d.ui.Cell#minHeight:field	public minHeight	
Public	com.badlogic.gdx.scenes.scene2d.ui.Cell#minWidth:field	public minWidth	
Public	com.badlogic.gdx.scenes.scene2d.ui.Cell#padBottom:field	public padBottom	
Public	com.badlogic.gdx.scenes.scene2d.ui.Cell#padLeft:field	public padLeft	
Public	com.badlogic.gdx.scenes.scene2d.ui.Cell#padRight:field	public padRight	
Public	com.badlogic.gdx.scenes.scene2d.ui.Cell#padTop:field	public padTop	
Public	com.badlogic.gdx.scenes.scene2d.ui.Cell#prefHeight:field	public prefHeight	
Public	com.badlogic.gdx.scenes.scene2d.ui.Cell#prefWidth:field	public prefWidth	
Public	com.badlogic.gdx.scenes.scene2d.ui.Cell#row:field	public row	
Public	com.badlogic.gdx.scenes.scene2d.ui.Cell#spaceBottom:field	public spaceBottom	
Public	com.badlogic.gdx.scenes.scene2d.ui.Cell#spaceLeft:field	public spaceLeft	
Public	com.badlogic.gdx.scenes.scene2d.ui.Cell#spaceRight:field	public spaceRight	
Public	com.badlogic.gdx.scenes.scene2d.ui.Cell#spaceTop:field	public spaceTop	
Public	com.badlogic.gdx.scenes.scene2d.ui.Cell#uniformX:field	public uniformX	
Public	com.badlogic.gdx.scenes.scene2d.ui.Cell#uniformY:field	public uniformY	
Public	com.badlogic.gdx.scenes.scene2d.ui.Dialog#buttonTable:field	public buttonTable	
Public	com.badlogic.gdx.scenes.scene2d.ui.Dialog#cancelHide:field	public cancelHide	
Public	com.badlogic.gdx.scenes.scene2d.ui.Dialog#contentTable:field	public contentTable	
Public	com.badlogic.gdx.scenes.scene2d.ui.Dialog#focusListener:field	public focusListener	
Public	com.badlogic.gdx.scenes.scene2d.ui.Dialog#previousKeyboardFocus:field	public previousKeyboardFocus	
Public	com.badlogic.gdx.scenes.scene2d.ui.Dialog#previousScrollFocus:field	public previousScrollFocus	
Public	com.badlogic.gdx.scenes.scene2d.ui.Dialog#values:field	public values	
Public	com.badlogic.gdx.scenes.scene2d.ui.List#itemHeight:field	public itemHeight	
Public	com.badlogic.gdx.scenes.scene2d.ui.List#items:field	public items	
Public	com.badlogic.gdx.scenes.scene2d.ui.List#overIndex:field	public overIndex	
Public	com.badlogic.gdx.scenes.scene2d.ui.List#pressedIndex:field	public pressedIndex	
Public	com.badlogic.gdx.scenes.scene2d.ui.List#selection:field	public selection	
Public	com.badlogic.gdx.scenes.scene2d.ui.List#typeToSelect:field	public typeToSelect	
Public	com.badlogic.gdx.scenes.scene2d.ui.ProgressBar#max:field	public max	
Public	com.badlogic.gdx.scenes.scene2d.ui.ProgressBar#min:field	public min	
Public	com.badlogic.gdx.scenes.scene2d.ui.ProgressBar#position:field	public position	
Public	com.badlogic.gdx.scenes.scene2d.ui.ProgressBar#stepSize:field	public stepSize	
Public	com.badlogic.gdx.scenes.scene2d.ui.ProgressBar#vertical:field	public vertical	
Public	com.badlogic.gdx.scenes.scene2d.ui.ScrollPane#actorArea:field	public actorArea	
Public	com.badlogic.gdx.scenes.scene2d.ui.ScrollPane#amountX:field	public amountX	
Public	com.badlogic.gdx.scenes.scene2d.ui.ScrollPane#amountY:field	public amountY	
Public	com.badlogic.gdx.scenes.scene2d.ui.ScrollPane#cancelTouchFocus:field	public cancelTouchFocus	
Public	com.badlogic.gdx.scenes.scene2d.ui.ScrollPane#clamp	public clamp	
Public	com.badlogic.gdx.scenes.scene2d.ui.ScrollPane#disableX:field	public disableX	
Public	com.badlogic.gdx.scenes.scene2d.ui.ScrollPane#disableY:field	public disableY	
Public	com.badlogic.gdx.scenes.scene2d.ui.ScrollPane#draggingPointer:field	public draggingPointer	
Public	com.badlogic.gdx.scenes.scene2d.ui.ScrollPane#fadeAlpha:field	public fadeAlpha	
Public	com.badlogic.gdx.scenes.scene2d.ui.ScrollPane#fadeAlphaSeconds:field	public fadeAlphaSeconds	
Public	com.badlogic.gdx.scenes.scene2d.ui.ScrollPane#fadeDelay:field	public fadeDelay	
Public	com.badlogic.gdx.scenes.scene2d.ui.ScrollPane#fadeDelaySeconds:field	public fadeDelaySeconds	
Public	com.badlogic.gdx.scenes.scene2d.ui.ScrollPane#flickScroll:field	public flickScroll	
Public	com.badlogic.gdx.scenes.scene2d.ui.ScrollPane#flingTime:field	public flingTime	
Public	com.badlogic.gdx.scenes.scene2d.ui.ScrollPane#flingTimer:field	public flingTimer	
Public	com.badlogic.gdx.scenes.scene2d.ui.ScrollPane#hKnobBounds:field	public hKnobBounds	
Public	com.badlogic.gdx.scenes.scene2d.ui.ScrollPane#hScrollBounds:field	public hScrollBounds	
Public	com.badlogic.gdx.scenes.scene2d.ui.ScrollPane#hScrollOnBottom:field	public hScrollOnBottom	
Public	com.badlogic.gdx.scenes.scene2d.ui.ScrollPane#lastPoint:field	public lastPoint	
Public	com.badlogic.gdx.scenes.scene2d.ui.ScrollPane#maxX:field	public maxX	
Public	com.badlogic.gdx.scenes.scene2d.ui.ScrollPane#maxY:field	public maxY	
Public	com.badlogic.gdx.scenes.scene2d.ui.ScrollPane#scrollBarTouch:field	public scrollBarTouch	
Public	com.badlogic.gdx.scenes.scene2d.ui.ScrollPane#smoothScrolling:field	public smoothScrolling	
Public	com.badlogic.gdx.scenes.scene2d.ui.ScrollPane#touchScrollH:field	public touchScrollH	
Public	com.badlogic.gdx.scenes.scene2d.ui.ScrollPane#touchScrollV:field	public touchScrollV	
Public	com.badlogic.gdx.scenes.scene2d.ui.ScrollPane#vKnobBounds:field	public vKnobBounds	
Public	com.badlogic.gdx.scenes.scene2d.ui.ScrollPane#vScrollBounds:field	public vScrollBounds	
Public	com.badlogic.gdx.scenes.scene2d.ui.ScrollPane#vScrollOnRight:field	public vScrollOnRight	
Public	com.badlogic.gdx.scenes.scene2d.ui.ScrollPane#velocityX:field	public velocityX	
Public	com.badlogic.gdx.scenes.scene2d.ui.ScrollPane#velocityY:field	public velocityY	
Public	com.badlogic.gdx.scenes.scene2d.ui.ScrollPane#visualAmountX:field	public visualAmountX	
Public	com.badlogic.gdx.scenes.scene2d.ui.ScrollPane#visualAmountY:field	public visualAmountY	
Public	com.badlogic.gdx.scenes.scene2d.ui.SelectBox#items:field	public items	
Public	com.badlogic.gdx.scenes.scene2d.ui.SelectBox#scrollPane:field	public scrollPane	
Public	com.badlogic.gdx.scenes.scene2d.ui.SelectBox#selectedPrefWidth:field	public selectedPrefWidth	
Public	com.badlogic.gdx.scenes.scene2d.ui.SelectBox#selection:field	public selection	
Public	com.badlogic.gdx.scenes.scene2d.ui.SelectBox$SelectBoxScrollPane#list:field	public list	
Public	com.badlogic.gdx.scenes.scene2d.ui.SelectBox$SelectBoxScrollPane#maxListCount:field	public maxListCount	
Public	com.badlogic.gdx.scenes.scene2d.ui.SelectBox$SelectBoxScrollPane#selectBox:field	public selectBox	
Public	com.badlogic.gdx.scenes.scene2d.ui.Skin#resources:field	public resources	
Public	com.badlogic.gdx.scenes.scene2d.ui.Slider#button:field	public button	
Public	com.badlogic.gdx.scenes.scene2d.ui.Slider#draggingPointer:field	public draggingPointer	
Public	com.badlogic.gdx.scenes.scene2d.ui.Slider#mouseOver:field	public mouseOver	
Public	com.badlogic.gdx.scenes.scene2d.ui.SplitPane#cursorOverHandle:field	public cursorOverHandle	
Public	com.badlogic.gdx.scenes.scene2d.ui.SplitPane#handleBounds:field	public handleBounds	
Public	com.badlogic.gdx.scenes.scene2d.ui.SplitPane#handlePosition:field	public handlePosition	
Public	com.badlogic.gdx.scenes.scene2d.ui.SplitPane#lastPoint:field	public lastPoint	
Public	com.badlogic.gdx.scenes.scene2d.ui.SplitPane#maxAmount:field	public maxAmount	
Public	com.badlogic.gdx.scenes.scene2d.ui.SplitPane#minAmount:field	public minAmount	
Public	com.badlogic.gdx.scenes.scene2d.ui.SplitPane#splitAmount:field	public splitAmount	
Public	com.badlogic.gdx.scenes.scene2d.ui.SplitPane#vertical:field	public vertical	
Public	com.badlogic.gdx.scenes.scene2d.ui.Table#background:field	public background	
Public	com.badlogic.gdx.scenes.scene2d.ui.Table#cellPool:field	public cellPool	
Public	com.badlogic.gdx.scenes.scene2d.ui.Table#debugRects:field	public debugRects	
Public	com.badlogic.gdx.scenes.scene2d.ui.Table#padBottom:field	public padBottom	
Public	com.badlogic.gdx.scenes.scene2d.ui.Table#padLeft:field	public padLeft	
Public	com.badlogic.gdx.scenes.scene2d.ui.Table#padRight:field	public padRight	
Public	com.badlogic.gdx.scenes.scene2d.ui.Table#padTop:field	public padTop	
Public	com.badlogic.gdx.scenes.scene2d.ui.Table#round:field	public round	
Public	com.badlogic.gdx.scenes.scene2d.ui.Table$DebugRect#color:field	public color	
Public	com.badlogic.gdx.scenes.scene2d.ui.Table$DebugRect#pool:field	public pool	
Public	com.badlogic.gdx.scenes.scene2d.ui.TextField#blinkTask:field	public blinkTask	
Public	com.badlogic.gdx.scenes.scene2d.ui.TextField#blinkTime:field	public blinkTime	
Public	com.badlogic.gdx.scenes.scene2d.ui.TextField#clipboard:field	public clipboard	
Public	com.badlogic.gdx.scenes.scene2d.ui.TextField#cursorOn:field	public cursorOn	
Public	com.badlogic.gdx.scenes.scene2d.ui.TextField#filter:field	public filter	
Public	com.badlogic.gdx.scenes.scene2d.ui.TextField#focused:field	public focused	
Public	com.badlogic.gdx.scenes.scene2d.ui.TextField#inputListener:field	public inputListener	
Public	com.badlogic.gdx.scenes.scene2d.ui.TextField#keyRepeatTask:field	public keyRepeatTask	
Public	com.badlogic.gdx.scenes.scene2d.ui.TextField#keyboard:field	public keyboard	
Public	com.badlogic.gdx.scenes.scene2d.ui.TextField#lastChangeTime:field	public lastChangeTime	
Public	com.badlogic.gdx.scenes.scene2d.ui.TextField#listener:field	public listener	
Public	com.badlogic.gdx.scenes.scene2d.ui.TextField#onlyFontChars:field	public onlyFontChars	
Public	com.badlogic.gdx.scenes.scene2d.ui.TextField#passwordMode:field	public passwordMode	
Public	com.badlogic.gdx.scenes.scene2d.ui.TextField#renderOffset:field	public renderOffset	
Public	com.badlogic.gdx.scenes.scene2d.ui.TextField#undoText:field	public undoText	
Public	com.badlogic.gdx.scenes.scene2d.ui.TextField$KeyRepeatTask#<init>	public <init>	
Public	com.badlogic.gdx.scenes.scene2d.ui.TextField$KeyRepeatTask#keycode:field	public keycode	
Public	com.badlogic.gdx.scenes.scene2d.ui.Tooltip#always:field	public always	
Public	com.badlogic.gdx.scenes.scene2d.ui.Tooltip#container:field	public container	
Public	com.badlogic.gdx.scenes.scene2d.ui.Tooltip#instant:field	public instant	
Public	com.badlogic.gdx.scenes.scene2d.ui.Tooltip#targetActor:field	public targetActor	
Public	com.badlogic.gdx.scenes.scene2d.ui.Tooltip#touchIndependent:field	public touchIndependent	
Public	com.badlogic.gdx.scenes.scene2d.ui.TooltipManager#resetTask:field	public resetTask	
Public	com.badlogic.gdx.scenes.scene2d.ui.TooltipManager#showTask:field	public showTask	
Public	com.badlogic.gdx.scenes.scene2d.ui.TooltipManager#showTooltip:field	public showTooltip	
Public	com.badlogic.gdx.scenes.scene2d.ui.TooltipManager#shown:field	public shown	
Public	com.badlogic.gdx.scenes.scene2d.ui.TooltipManager#time:field	public time	
Public	com.badlogic.gdx.scenes.scene2d.ui.Touchpad#resetOnTouchUp:field	public resetOnTouchUp	
Public	com.badlogic.gdx.scenes.scene2d.ui.Touchpad#touched:field	public touched	
Public	com.badlogic.gdx.scenes.scene2d.ui.Tree#iconSpacingLeft:field	public iconSpacingLeft	
Public	com.badlogic.gdx.scenes.scene2d.ui.Tree#iconSpacingRight:field	public iconSpacingRight	
Public	com.badlogic.gdx.scenes.scene2d.ui.Tree#indentSpacing:field	public indentSpacing	
Public	com.badlogic.gdx.scenes.scene2d.ui.Tree#paddingLeft:field	public paddingLeft	
Public	com.badlogic.gdx.scenes.scene2d.ui.Tree#paddingRight:field	public paddingRight	
Public	com.badlogic.gdx.scenes.scene2d.ui.Tree#rangeStart:field	public rangeStart	
Public	com.badlogic.gdx.scenes.scene2d.ui.Tree#rootNodes:field	public rootNodes	
Public	com.badlogic.gdx.scenes.scene2d.ui.Tree#selection:field	public selection	
Public	com.badlogic.gdx.scenes.scene2d.ui.Tree#ySpacing:field	public ySpacing	
Public	com.badlogic.gdx.scenes.scene2d.ui.Tree$Node#actor:field	public actor	
Public	com.badlogic.gdx.scenes.scene2d.ui.Tree$Node#children:field	public children	
Public	com.badlogic.gdx.scenes.scene2d.ui.Tree$Node#expanded:field	public expanded	
Public	com.badlogic.gdx.scenes.scene2d.ui.Tree$Node#height:field	public height	
Public	com.badlogic.gdx.scenes.scene2d.ui.Tree$Node#icon:field	public icon	
Public	com.badlogic.gdx.scenes.scene2d.ui.Tree$Node#parent:field	public parent	
Public	com.badlogic.gdx.scenes.scene2d.ui.Tree$Node#selectable:field	public selectable	
Public	com.badlogic.gdx.scenes.scene2d.ui.Tree$Node#value:field	public value	
Public	com.badlogic.gdx.scenes.scene2d.ui.Window#drawTitleTable:field	public drawTitleTable	
Public	com.badlogic.gdx.scenes.scene2d.ui.Window#isModal:field	public isModal	
Public	com.badlogic.gdx.scenes.scene2d.ui.Window#isMovable:field	public isMovable	
Public	com.badlogic.gdx.scenes.scene2d.ui.Window#isResizable:field	public isResizable	
Public	com.badlogic.gdx.scenes.scene2d.ui.Window#keepWithinStage:field	public keepWithinStage	
Public	com.badlogic.gdx.scenes.scene2d.ui.Window#resizeBorder:field	public resizeBorder	
Public	com.badlogic.gdx.scenes.scene2d.ui.Window#titleLabel:field	public titleLabel	
Public	com.badlogic.gdx.scenes.scene2d.ui.Window#titleTable:field	public titleTable	
Public	com.badlogic.gdx.scenes.scene2d.utils.DragAndDrop#cancelTouchFocus:field	public cancelTouchFocus	
Public	com.badlogic.gdx.scenes.scene2d.utils.DragAndDrop#dragTime:field	public dragTime	
Public	com.badlogic.gdx.scenes.scene2d.utils.DragAndDrop#keepWithinStage:field	public keepWithinStage	
Public	com.badlogic.gdx.scenes.scene2d.utils.DragAndDrop$Payload#dragActor:field	public dragActor	
Public	com.badlogic.gdx.scenes.scene2d.utils.DragAndDrop$Payload#invalidDragActor:field	public invalidDragActor	
Public	com.badlogic.gdx.scenes.scene2d.utils.DragAndDrop$Payload#validDragActor:field	public validDragActor	
Public	com.badlogic.gdx.scenes.scene2d.utils.DragAndDrop$Source#actor:field	public actor	
Public	com.badlogic.gdx.scenes.scene2d.utils.DragAndDrop$Target#actor:field	public actor	
Public	com.badlogic.gdx.scenes.scene2d.utils.DragScrollListener#getScrollPixels	public scrollPixels	
Public	com.badlogic.gdx.scenes.scene2d.utils.DragScrollListener#interpolation:field	public interpolation	
Public	com.badlogic.gdx.scenes.scene2d.utils.DragScrollListener#maxSpeed:field	public maxSpeed	
Public	com.badlogic.gdx.scenes.scene2d.utils.DragScrollListener#minSpeed:field	public minSpeed	
Public	com.badlogic.gdx.scenes.scene2d.utils.DragScrollListener#padBottom:field	public padBottom	
Public	com.badlogic.gdx.scenes.scene2d.utils.DragScrollListener#padTop:field	public padTop	
Public	com.badlogic.gdx.scenes.scene2d.utils.DragScrollListener#rampTime:field	public rampTime	
Public	com.badlogic.gdx.scenes.scene2d.utils.DragScrollListener#startTime:field	public startTime	
Public	com.badlogic.gdx.scenes.scene2d.utils.DragScrollListener#tickSecs:field	public tickSecs	
Public	com.badlogic.gdx.scenes.scene2d.utils.Selection#multiple:field	public multiple	
Public	com.badlogic.gdx.scenes.scene2d.utils.Selection#required:field	public required	
Public	com.badlogic.gdx.scenes.scene2d.utils.Selection#selected:field	public selected	
Public	com.badlogic.gdx.utils.BinaryHeap$Node#index:field	public index	
Public	com.badlogic.gdx.utils.BinaryHeap$Node#value:field	public value	
Public	com.badlogic.gdx.utils.BufferUtils#allocatedUnsafe:field	public allocatedUnsafe	
Public	com.badlogic.gdx.utils.BufferUtils#unsafeBuffers:field	public unsafeBuffers	
Rename	com.badlogic.gdx.Input#getDeltaX(int)	def deltaX	deltaX
Rename	com.badlogic.gdx.Input#getDeltaY(int)	def deltaY	deltaY
Rename	com.badlogic.gdx.Input#getPressure(int)	def pressure	pressure
Rename	com.badlogic.gdx.Input#getX(int)	def x	x
Rename	com.badlogic.gdx.Input#getY(int)	def y	y
Rename	com.badlogic.gdx.assets.AssetManager#getAssetFileName	def assetFileName	assetFileName
Rename	com.badlogic.gdx.assets.AssetManager#getAssetType	def assetType	assetType
Rename	com.badlogic.gdx.assets.AssetManager#getDependencies	def dependencies	dependencies
Rename	com.badlogic.gdx.assets.AssetManager#getLoader(Class)	def loader	loader
Rename	com.badlogic.gdx.assets.AssetManager#getLoader(Class,String)	def loader	loader
Rename	com.badlogic.gdx.assets.AssetManager#getReferenceCount	def referenceCount	referenceCount
Rename	com.badlogic.gdx.graphics.VertexAttributes#getOffset(int)	def offset	offset
Rename	com.badlogic.gdx.graphics.VertexAttributes#getOffset(int,int)	def offset	offset
Rename	com.badlogic.gdx.graphics.g2d.BitmapFont#getRegion(int)	def region	region
Rename	com.badlogic.gdx.graphics.g2d.BitmapFontCache#getVertexCount	def vertexCount	vertexCount
Rename	com.badlogic.gdx.graphics.g2d.BitmapFontCache#getVertices(int)	def vertices	vertices
Rename	com.badlogic.gdx.input.RemoteInput#getDeltaX(int)	def deltaX	deltaX
Rename	com.badlogic.gdx.input.RemoteInput#getDeltaY(int)	def deltaY	deltaY
Rename	com.badlogic.gdx.input.RemoteInput#getPressure(int)	def pressure	pressure
Rename	com.badlogic.gdx.input.RemoteInput#getX(int)	def x	x
Rename	com.badlogic.gdx.input.RemoteInput#getY(int)	def y	y
Rename	com.badlogic.gdx.math.Affine2#getTranslation	def translation	translation
Rename	com.badlogic.gdx.math.Matrix3#getTranslation	def translation	translation
Rename	com.badlogic.gdx.math.Matrix4#getRotation(Quaternion)	def rotation	rotation
Rename	com.badlogic.gdx.math.Matrix4#getRotation(Quaternion,boolean)	def rotation	rotation
Rename	com.badlogic.gdx.math.Matrix4#getTranslation	def translation	translation
Rename	com.badlogic.gdx.math.Polygon#getCentroid	def centroid	centroid
Rename	com.badlogic.gdx.math.Polygon#getVertex	def vertex	vertex
Rename	com.badlogic.gdx.math.Quaternion#getAngleAround(Vector3)	def angleAround	angleAround
Rename	com.badlogic.gdx.math.Quaternion#getAngleAround(float,float,float)	def angleAround	angleAround
Rename	com.badlogic.gdx.math.Quaternion#getAngleAroundRad(Vector3)	def angleAroundRad	angleAroundRad
Rename	com.badlogic.gdx.math.Quaternion#getAngleAroundRad(float,float,float)	def angleAroundRad	angleAroundRad
Rename	com.badlogic.gdx.math.Quaternion#getAxisAngle	def axisAngle	axisAngle
Rename	com.badlogic.gdx.math.Quaternion#getAxisAngleRad	def axisAngleRad	axisAngleRad
Rename	com.badlogic.gdx.math.Quaternion#getSwingTwist(Vector3,Quaternion,Quaternion)	def swingTwist	swingTwist
Rename	com.badlogic.gdx.math.Quaternion#getSwingTwist(float,float,float,Quaternion,Quaternion)	def swingTwist	swingTwist
Rename	com.badlogic.gdx.math.Rectangle#getCenter	def center	center
Rename	com.badlogic.gdx.math.Rectangle#getPosition	def position	position
Rename	com.badlogic.gdx.math.Rectangle#getSize	def size	size
Rename	com.badlogic.gdx.math.collision.BoundingBox#getCenter	def center	center
Rename	com.badlogic.gdx.math.collision.BoundingBox#getCorner000	def corner000	corner000
Rename	com.badlogic.gdx.math.collision.BoundingBox#getCorner001	def corner001	corner001
Rename	com.badlogic.gdx.math.collision.BoundingBox#getCorner010	def corner010	corner010
Rename	com.badlogic.gdx.math.collision.BoundingBox#getCorner011	def corner011	corner011
Rename	com.badlogic.gdx.math.collision.BoundingBox#getCorner100	def corner100	corner100
Rename	com.badlogic.gdx.math.collision.BoundingBox#getCorner101	def corner101	corner101
Rename	com.badlogic.gdx.math.collision.BoundingBox#getCorner110	def corner110	corner110
Rename	com.badlogic.gdx.math.collision.BoundingBox#getCorner111	def corner111	corner111
Rename	com.badlogic.gdx.math.collision.BoundingBox#getDimensions	def dimensions	dimensions
Rename	com.badlogic.gdx.math.collision.OrientedBoundingBox#getCorner000	def corner000	corner000
Rename	com.badlogic.gdx.math.collision.OrientedBoundingBox#getCorner001	def corner001	corner001
Rename	com.badlogic.gdx.math.collision.OrientedBoundingBox#getCorner010	def corner010	corner010
Rename	com.badlogic.gdx.math.collision.OrientedBoundingBox#getCorner011	def corner011	corner011
Rename	com.badlogic.gdx.math.collision.OrientedBoundingBox#getCorner100	def corner100	corner100
Rename	com.badlogic.gdx.math.collision.OrientedBoundingBox#getCorner101	def corner101	corner101
Rename	com.badlogic.gdx.math.collision.OrientedBoundingBox#getCorner110	def corner110	corner110
Rename	com.badlogic.gdx.math.collision.OrientedBoundingBox#getCorner111	def corner111	corner111
Rename	com.badlogic.gdx.math.collision.Ray#getEndPoint	def endPoint	endPoint
TargetName	com.badlogic.gdx.math.Vector3#epsilonEquals(float,float,float)	@targetName epsilonEqualsImplicit	epsilonEqualsImplicit
TargetName	com.badlogic.gdx.scenes.scene2d.ui.Table#add(CharSequence)	@targetName addLabel	addLabel
